,Country Name,Country Code,1960 [YR1960],1961 [YR1961],1962 [YR1962],1963 [YR1963],1964 [YR1964],1965 [YR1965],1966 [YR1966],1967 [YR1967],1968 [YR1968],1969 [YR1969],1970 [YR1970],1971 [YR1971],1972 [YR1972],1973 [YR1973],1974 [YR1974],1975 [YR1975],1976 [YR1976],1977 [YR1977],1978 [YR1978],1979 [YR1979],1980 [YR1980],1981 [YR1981],1982 [YR1982],1983 [YR1983],1984 [YR1984],1985 [YR1985],1986 [YR1986],1987 [YR1987],1988 [YR1988],1989 [YR1989],1990 [YR1990],1991 [YR1991],1992 [YR1992],1993 [YR1993],1994 [YR1994],1995 [YR1995],1996 [YR1996],1997 [YR1997],1998 [YR1998],1999 [YR1999],2000 [YR2000],2001 [YR2001],2002 [YR2002],2003 [YR2003],2004 [YR2004],2005 [YR2005],2006 [YR2006],2007 [YR2007],2008 [YR2008],2009 [YR2009],2010 [YR2010],2011 [YR2011],2012 [YR2012],2013 [YR2013],2014 [YR2014],2015 [YR2015],2016 [YR2016],2017 [YR2017],2018 [YR2018],2019 [YR2019],2020 [YR2020],2021 [YR2021]
2,Albania,ALB,,,,,,,,,,,,,,,,,,,,,,,,,,,,,,,,,,,,,,,,,100,98.90928577,98.79935208,94.38502304,92.54564818,91.59316472,91.57583913,91.17727022,90.87050222,90.20426949,94.29697132,93.89141527,95.25016353,94.79366181,93.21495224,92.17676401,93.14646307,95.89929254,95.96843978,95.84496482,95.60674969,
8,Argentina,ARG,,,,,,,,,,,,,,,,,,,,,106.25,86.81318681,79.06976744,83.90804598,83.72093023,94.11764706,91.30434783,82.17821782,75,69.09090909,63.55932203,92.07920792,93.26923077,96.07843137,97.24770642,91.59663866,100,100,95.19230769,91,100,98.38086837,99.74456551,108.4722844,115.9051697,112.3205884,117.3391958,124.3693383,139.5214596,140.6033379,145.5230271,160.564925,167.1272495,156.4980784,153.2871405,146.3443414,155.244929,150.7457768,152.5529498,151.2264533,152.1617937,
9,Armenia,ARM,,,,,,,,,,,,,,,,,,,,,,,,,,,,,,,,,,,,,,,,,100,98.34527389,101.1272708,99.66306734,105.3968932,99.71403385,110.6614657,111.1485471,113.1729978,112.1649711,128.2770644,124.6405394,116.8412341,113.7016965,112.6005764,116.1024386,122.0041125,129.903203,128.922834,132.3876615,139.804397,
11,Australia,AUS,,,,,,,,,,,,,,,,,,,,,,,,,,,,,,,,,,,,,,,,,100,103.9860074,105.8724344,105.8018847,116.048584,130.9702366,145.3567283,152.3644109,174.4629064,162.8983843,178.7263134,200.2885825,181.8145129,176.8117884,164.9852955,148.1965091,147.9984555,172.4928872,175.7199208,192.9905599,194.4375285,
12,Austria,AUT,,,,,,,,,,,,,,,,,,,,,,,,,,,,,,,,,,,,,,,,,100,98.79123931,98.97418932,97.99183534,96.755308,95.04421568,93.90706181,94.49872731,92.00003945,93.79998391,91.48458262,88.72963314,87.65765335,87.99885103,87.8714133,88.49922641,88.71860971,87.38712833,86.0519033,86.20372397,86.6564592,
13,Azerbaijan,AZE,,,,,,,,,,,,,,,,,,,,,,,,,,,,,,,,,,,,,,,,,100,87.06364794,90.08143148,95.96676343,111.7542791,136.990691,150.8029727,153.6202342,190.6141608,127.2553934,155.7352383,191.5916298,198.2675334,198.0009746,185.1821739,116.7703042,100.127768,120.6658715,146.9001049,131.2166249,92.89570017,
32,Burundi,BDI,,,,,,,,,,,,,,,,,,,,,230.9210526,170.8609272,181.8181818,212.1323529,265.5021834,243.1451613,296.2264151,179.0849673,217.8913738,177.5,128.2798834,136.3914373,97.94520548,120.4081633,171.3692946,163.5687732,118.9427313,109.5435685,121.1764706,115.9292035,100,81.26823434,83.6502394,85.42855171,89.08954804,107.5344515,119.6695202,119.6443083,131.7928346,137.3413484,166.9580074,181.272274,176.2062485,154.2469445,152.657074,159.0660715,172.0227684,179.4453404,162.7661397,168.5808926,191.6609814,
19,Belgium,BEL,,,,,,,,,,,,,,,,,,,,,,,,,,,,,,,,,,,,,,,,,100,100.3078152,101.6944304,101.6816281,100.5525638,99.02597331,98.21058383,99.39855837,96.5891779,98.4446797,96.94157847,94.86824368,93.87280336,94.14823319,94.68565302,95.64220047,96.71852725,95.71312123,94.1897844,95.02395409,96.2500201,
21,Benin,BEN,,,,,,,,,,,,,,,,,,,,,86.36363636,73.84615385,93.42105263,94.28571429,98.48484848,93.93939394,82.55813953,78.84615385,86.23853211,82.17821782,107,94.23076923,85.18518519,82.35294118,80.53097345,106.6115702,94.16666667,99.0990991,99.13043478,100,100,90.05762472,89.56626729,101.5038422,102.5955001,106.0623822,112.7322589,114.1999996,118.1786769,116.8450602,127.3728296,135.5389318,127.0638832,123.4199323,123.4600176,120.544215,125.7369581,130.7199579,130.8683667,126.4022516,121.6149336,
31,Burkina Faso,BFA,,,,,,,,,,,,,,,,,,,,,64.95726496,63.36633663,63.7254902,73,85.26315789,85.10638298,96.55172414,106.7961165,112.7272727,118.75,118.8034188,114.159292,115.5844156,110,121.7821782,130.9734513,122.6086957,121.6981132,124.4897959,112.371134,100,92.97175396,91.94343197,110.0460356,102.4903179,85.0907426,86.02264318,89.90551192,91.00635112,99.25540721,122.4360724,138.2716821,138.6665711,127.2211353,119.8626254,124.9262817,139.7194373,139.2494484,131.4153491,140.5040181,171.5004301,
16,Bangladesh,BGD,,,,,,,,,,,,,,,,,,,,,136.6666667,132.7586207,137.7358491,129.6296296,135.8490566,162.2641509,132.7272727,128.8135593,128.5714286,124.6153846,117.3913043,126.8656716,123.5294118,124.2424242,114.2857143,111.8421053,110.9756098,114.2857143,113.7931034,108.6956522,100,103.5960586,102.3804496,92.34254834,86.53191242,81.55326077,76.55328657,68.90673709,59.72770003,68.10421522,62.25324838,57.57450194,62.45419658,62.08863984,61.96190956,69.34904933,70.41589747,66.74242086,63.61474615,65.80268832,68.33197735,
30,Bulgaria,BGR,,,,,,,,,,,,,,,,,,,,,,,,,,,,,,,,,,,,,,,,,100,97.9574654,100.0377744,100.8293429,95.8856636,97.13713399,102.6076638,105.2143649,105.3256451,107.3517715,108.1954113,106.992395,107.3272578,106.6868538,107.5065104,111.7467553,113.1362858,111.0582662,109.9225331,110.6157555,114.876119,
25,Bosnia and Herzegovina,BIH,,,,,,,,,,,,,,,,,,,,,,,,,,,,,,,,,,,,,,,,,100,99.68412404,100.8581687,101.8110743,101.8885031,101.0648021,104.1800989,103.0251508,101.0409339,101.0079796,102.5348933,102.7461247,100.1042122,99.52759738,99.72150274,103.5953742,104.116624,104.2352189,106.0203402,105.9974961,107.1954442,
18,Belarus,BLR,,,,,,,,,,,,,,,,,,,,,,,,,,,,,,,,,,,,,,,,,100,99.83172605,99.92515754,98.4786644,98.42821679,99.36761952,103.1651082,100.5816747,111.6364466,99.26228629,101.2808827,110.2279572,119.3838932,116.9938253,115.5081894,98.81150801,92.99906636,97.76388586,100.6904007,99.97191669,96.90596524,
20,Belize,BLZ,,,,,,,,,,,,,,,,,,,,,,,,,,,,,,,,,,,,,,,,,100,105.7632908,96.78398985,86.39805705,86.7347551,85.10346335,94.4922776,87.19717222,94.50954554,107.6328847,115.0940582,120.575383,119.0595795,118.0629105,119.2541213,118.6521752,133.9855702,128.7721337,120.5844306,122.3939802,124.0050866,
24,Bolivia,BOL,,,,,,,,,,,,,,,,,,,,,187.5,168.9655172,185,159.0909091,182.9268293,184.4155844,136.8421053,133.7662338,121.686747,113.1868132,102.020202,101.0869565,82.29166667,79,91.26213592,89.38053097,100,103.7735849,98.03921569,97.95918367,100,95.81702033,96.2774078,102.2018337,118.2708228,114.8187211,129.2433351,143.9301502,151.7738345,145.9663267,153.3713085,181.1220112,172.2770684,153.9457727,145.8712525,109.1844441,92.24085017,103.6572313,108.7787673,107.8010322,107.0086401,
27,Brazil,BRA,,,,,,,,,,,,,,,,,,,,,73.88535032,61.93181818,59.64912281,57.66871166,62.17948718,62.06896552,73.38709677,65.24822695,84.29752066,74.26470588,66.44295302,78.90625,81.96721311,87.27272727,100.952381,110.3773585,108.3333333,114.4230769,114.2857143,103.1578947,100,99.7753485,98.40117544,97.25000194,98.8866955,99.71589304,104.9823954,108.793436,112.6734729,109.1113358,127.2123978,136.6428946,129.3069759,125.7597432,121.4837064,107.3474416,109.9276522,116.2341709,114.7659498,114.945085,115.6160679,
23,Bhutan,BTN,,,,,,,,,,,,,,,,,,,,,,,,,,,,,,,,,,,,,,,,,100,108.4841142,106.6662423,107.8316098,126.5554586,136.9489746,139.8950267,125.8209274,142.6257044,129.4099461,138.7983389,141.7343394,128.1371854,123.3313311,122.6382453,120.5585072,119.4355032,127.7101464,137.8873423,133.6505048,127.7859152,
26,Botswana,BWA,,,,,,,,,,,,,,,,,,,,,83.50515464,74.25742574,67.74193548,62.88659794,68.60465116,82.8125,82.66666667,89.13043478,101.1235955,102.247191,98.13084112,91.81818182,84.16666667,85.47008547,89.56521739,89.3442623,93.75,98.18181818,100,100,100,99.59973987,97.87022934,95.01876463,94.68023002,90.38636039,94.24270961,97.81868721,82.68196521,84.27977791,86.94189646,83.0504784,82.73140673,82.0640653,84.85385893,90.64584105,92.02370547,87.6884652,84.6517402,85.86264511,85.37941898,
36,Canada,CAN,,,,,,,,,,,,,,,,,,,,,,,,,,,,,,,,,,,,,,,,,100,99.61979937,94.77285388,100.8020651,106.6568698,111.5616254,111.7299265,115.5862642,121.4922454,106.3659007,115.1932236,117.8183923,114.9119582,116.0515976,115.240223,102.9364752,102.2876123,105.5229537,107.0162567,105.3779356,99.66656624,
189,Switzerland,CHE,,,,,,,,,,,,,,,,,,,,,,,,,,,,,,,,,,,,,,,,,100,101.0443963,102.2146052,101.6106635,101.3580153,98.07817897,96.32077618,96.300493,99.2852186,106.5236266,107.0413025,103.6055837,103.1233745,101.5339843,102.325645,107.8572424,109.6663602,109.6366246,111.4564831,113.764313,,
41,Chile,CHL,,,,,,,,,,,,,,,,,,,,,243.3333333,203.2258065,196.2962963,212.244898,202.0408163,185.7142857,175,155.2238806,142.3076923,125.2525253,113.7254902,113,110.2040816,101.0416667,114.5833333,135.5769231,109.5238095,113,100,100,100,92.75224352,96.35963381,105.6918031,129.1023657,147.6152316,191.8099657,198.4444157,169.6316554,176.2330873,214.4383462,217.8286291,202.7775184,196.4245918,192.466706,187.083291,193.8232397,213.8290237,207.4181555,203.914004,223.9618051,
42,China,CHN,,,,,,,,,,,,,,,,,,,,,117.4418605,120.2380952,117.2839506,100,96.59090909,92.55319149,85.10638298,94.50549451,90.72164948,102.173913,102.1052632,101.0309278,103.0927835,101.0416667,102.0408163,101.9417476,105.9405941,110.2040816,110.6382979,104.1237113,100,97.44044044,92.11166635,92.93084125,90.76772409,88.44255469,89.47295338,88.54620904,83.81236263,91.09617167,82.05059399,79.04874299,79.75523623,80.64771598,82.9487988,92.53344984,92.32795521,87.29397864,84.6240051,85.74895269,91.62078166,
35,Cameroon,CMR,,,,,,,,,,,,,,,,,,,,,80.20833333,70.85714286,114.5251397,88,80.39215686,77.20588235,101.9607843,89.65517241,84.67741935,66.43835616,81.25,102.5862069,64.45783133,74,84.74576271,90.4,82.25806452,87.06896552,83.48623853,70.27027027,100,97.97959845,103.6455398,106.1203495,114.7963084,123.280211,129.7430375,130.2146936,141.2929299,131.6171552,147.1956643,160.5522918,154.934923,153.0878625,155.1009432,136.3776501,132.2330646,137.5288804,147.4477463,140.0622222,124.7750431,
43,Colombia,COL,,,,,,,,,,,,,,,,,,,,,112,98.71794872,101.2345679,102.6315789,112.5,103.9473684,130.5555556,95,89.77272727,88.17204301,81.25,85.71428571,75.78947368,78.49462366,90.81632653,86.79245283,89.81481481,89.90825688,82.52427184,88.88888889,100,96.68283884,96.47738226,98.89997745,110.9866059,125.9719859,131.3804084,137.8953461,145.9786152,137.9368365,160.1158901,183.7439768,173.556603,161.103576,146.5879638,110.3669334,109.0972205,127.677653,139.6213039,137.6680305,116.2676578,
47,Costa Rica,CRI,,,,,,,,,,,,,,,,,,,,,81.37254902,73.45132743,74.07407407,73.58490566,82,84,112.5,92.55319149,91.83673469,85.4368932,75,79.62962963,84.11214953,87.85046729,98.01980198,104.587156,99.08256881,105.6603774,108.9108911,107.1428571,100,100.0009977,99.97520849,99.95712135,99.9274061,99.88964573,99.85478283,99.81705301,99.77037632,99.84800231,99.84783856,99.8176767,99.81711662,99.80970158,99.83425679,99.90114876,99.93413182,99.90802204,99.87346975,100.4999937,101.2625258,
52,Cyprus,CYP,,,,,,,,,,,,,,,,,,,,,,,,,,,,,,,,,,,,,,,,,100,101.4628282,102.4420489,102.5017758,103.3977229,101.5012574,102.695855,101.384661,106.1028874,96.90976621,98.07296304,96.55800006,93.7322302,92.23766941,92.37390884,92.45742353,90.40567968,90.53554651,93.23014972,90.71928448,82.10131693,
74,Germany,DEU,,,,,,,,,,,,,,,,,,,,,,,,,,,,,,,,,,,,,,,,,100,99.65003352,101.2545415,101.8613259,100.1618296,97.23055535,95.02083136,94.98965578,93.00837311,98.45652571,95.9653959,93.15072087,92.55684593,94.49136722,97.0375377,99.77576049,102.0220819,100.2048582,99.07320695,100.1446381,101.8140016,
55,Djibouti,DJI,,,,,,,,,,,,,,,,,,,,,,,,,,,,,,,,,,,,,,,,,100,100.6235636,100.4607214,103.0427867,100.8682987,102.299579,104.6464729,102.3728886,104.0336476,104.0224844,103.3245733,104.6120688,106.973412,108.0257946,108.2041274,106.2929373,103.432693,104.232915,104.437103,104.5978845,104.9539702,
54,Denmark,DNK,,,,,,,,,,,,,,,,,,,,,,,,,,,,,,,,,,,,,,,,,100,101.0119812,101.0767403,100.4541924,97.55678666,99.35589245,99.28126078,100.6978712,101.1085269,99.44307894,100.115797,100.0856174,101.4430478,101.8835426,100.108923,100.8986677,100.6955853,100.3268698,99.76620824,103.6323907,104.4033458,
57,Dominican Republic,DOM,,,,,,,,,,,,,,,,,,,,,175.3623188,181.0810811,153.3333333,160,140.7407407,145.4545455,144.3037975,136.8421053,158.974359,150,96.03960396,104.3478261,93.5483871,88.46153846,94.33962264,98.14814815,96.33027523,100,101.010101,102.0618557,100,105.1361854,102.1776195,96.45982627,101.305444,98.09636361,101.2016039,104.5809628,98.20926319,104.2151246,102.1378435,100.2990038,100.9338577,98.52237738,98.874831,109.3756591,111.6583151,106.5096662,104.0643482,108.7559021,120.4683017,
58,Ecuador,ECU,,,,,,,,,,,,,,,,,,,,,212.987013,180.6818182,198.7179487,208.4507042,180,168.75,109.6385542,115.1162791,103.7974684,115,114.2857143,97.77777778,94.18604651,85.71428571,87.75510204,80.55555556,88.67924528,90.47619048,81,85.56701031,100,94.12380105,99.67028952,105.9261763,105.4234654,115.5833274,126.8445214,132.3550653,154.9373289,129.41509,148.7401242,167.2646926,166.7825749,168.3016819,158.7080219,118.9225335,112.604719,125.5181305,136.8705137,132.0548716,114.5720378,
59,"Egypt, Arab Rep.",EGY,,,,,,,,,,,,,,,,,,,,,214,220,200,200,190.5660377,188.4615385,163.2653061,117.2413793,96,94.80519481,101.2195122,125,125,123.4567901,120,116.2790698,111.1111111,107.1428571,98.01980198,96.875,100,95.50098028,93.11500592,97.12743628,106.1282909,123.8135722,136.3843189,131.5355955,148.6990374,136.6402372,140.5682855,149.0311464,152.4852865,151.8303479,150.3419811,145.974057,148.8491171,150.3748404,154.4178877,151.4423878,150.9286356,
180,Spain,ESP,,,,,,,,,,,,,,,,,,,,,,,,,,,,,,,,,,,,,,,,,100,99.50372159,99.99141115,99.71091046,98.5118449,96.33129867,95.43324886,95.68236374,92.65663177,97.09331875,93.89343963,90.06163588,88.86614415,89.14745043,89.00709209,92.3405577,93.37665762,91.93506477,90.19441873,90.7318745,93.79971717,
63,Estonia,EST,,,,,,,,,,,,,,,,,,,,,,,,,,,,,,,,,,,,,,,,,100,104.4081699,99.50810549,98.20043044,97.94897992,96.1589382,94.27428732,97.1741043,94.53558896,98.44874703,97.74132059,96.53669807,94.32450256,94.78808227,94.11321567,94.12890382,95.78007099,94.74181253,94.98340525,95.04750617,98.40867905,
65,Ethiopia,ETH,,,,,,,,,,,,,,,,,,,,,,120.8333333,120.8333333,120.8333333,120.8333333,120.8333333,120.8333333,120.8333333,120.8333333,120.8333333,120.8333333,118.75,125,106.25,113.4020619,150.9615385,114.8148148,126.9230769,150,125,100,91.37346395,93.37208946,97.72576899,102.0899358,108.2917454,109.2770166,116.0795014,116.1150672,123.9435908,134.2548351,143.1219909,137.272837,131.0612222,141.2917469,137.9985735,145.9307234,140.7297714,128.6298917,127.8915749,132.5351829,
68,Finland,FIN,,,,,,,,,,,,,,,,,,,,,,,,,,,,,,,,,,,,,,,,,100,99.09697968,100.7047549,97.66834511,93.34065646,93.24873257,91.6559459,93.92472538,89.93026278,92.06316271,90.89191204,88.13399445,86.85596534,88.01570225,88.90567389,92.70763578,92.38735225,90.87155089,89.76070971,88.97744833,89.63690897,
67,Fiji,FJI,,,,,,,,,,,,,,,,,,,,,135.1555812,105.4462902,102.2283277,117.2866118,109.6894698,100,145.3976241,162.256813,141.5936289,,,,,,,,,,,,100,101.6380958,99.30081571,96.36565763,91.89229787,92.68469071,101.4122696,95.28357187,92.42987557,107.074679,108.4940965,112.9491806,112.9058176,108.3711687,107.8557935,109.1835629,112.0823547,110.0549342,108.2805695,109.542162,110.3812295,
69,France,FRA,,,,,,,,,,,,,,,,,,,,,,,,,,,,,,,,,,,,,,,,,100,100.5432354,100.5594719,99.62811867,98.91352042,96.18143792,95.5885741,95.7134583,93.60365175,96.14023162,92.99603896,89.9334023,89.2030418,88.77700851,88.83717997,91.16919633,90.9169655,89.18191602,88.10145537,88.44265196,89.58541942,
206,United Kingdom,GBR,,,,,,,,,,,,,,,,,,,,,,,,,,,,,,,,,,,,,,,,,100,101.2250577,102.5681114,104.9707065,104.3105771,104.9338523,100.6703025,99.74316209,99.46910893,97.39959264,101.3340855,102.3141814,95.06512127,119.5448839,108.5270719,109.4397391,99.66765764,102.1261602,107.2823774,97.72218782,91.14901146,
73,Georgia,GEO,,,,,,,,,,,,,,,,,,,,,,,,,,,,,,,,,,,,,,,,,100,97.29413595,101.9925971,102.6624232,109.904214,106.2163826,115.492849,118.9009382,131.2482865,137.2572936,142.0137783,140.7469303,137.0379555,135.1432537,135.4843022,137.3206879,142.4911501,148.3672794,145.9958989,147.5195254,149.9885209,
75,Ghana,GHA,,,,,,,,,,,,,,,,,,,,,209.5238095,185.7142857,125,170.3703704,132,123.3333333,135.4166667,131.9148936,125.8426966,105.7471264,100,102.020202,95.09803922,89.21568627,94.23076923,106.6666667,108.5714286,114,124.2105263,109.5744681,100,107.3702302,134.5750585,129.1369081,120.4767436,118.6029368,122.0921327,131.7800743,149.2249115,164.5359684,182.906683,185.3346326,181.2249793,172.9553978,175.4945347,170.8422715,175.8518012,175.5785136,188.7972035,192.3031157,189.7145631,
82,Guinea,GIN,,,,,,,,,,,,,,,,,,,,,,,,,,,136.8421053,122.3076923,108.8888889,120.5882353,121.6216216,116.8067227,93.19727891,86.07594937,100,89.61038961,78.18181818,87.24832215,80,76.92307692,100,96.98412118,97.16543053,96.71441013,105.1090672,107.9471688,132.2867458,130.4623291,119.6324653,100.2107333,117.0828404,116.0975676,108.5366699,101.2206736,98.64293661,97.7556723,103.7942676,108.7888561,107.0827771,105.7760498,113.7303159,
72,"Gambia, The",GMB,,,,,,,,,,,,,,,,,,,,,182.3529412,136.5384615,128.8888889,103.7037037,82.45614035,85.33333333,98.55072464,100,100,100,100,100,100,100,100,100,100,100,100,100,100,99.62910949,114.8653325,107.4765777,106.890236,101.8543976,104.5446717,108.6049842,114.9931235,109.1984805,110.1715286,102.9149346,104.4526049,108.8822621,112.5557993,108.0245609,104.709022,109.9762727,113.7358165,110.2598114,109.0097679,
83,Guinea-Bissau,GNB,,,,,,,,,,,,,,,,,,,,,125,167.1641791,159.3220339,160.4166667,266.0714286,247.6190476,212.5,203.75,155.0561798,161.7977528,145.8333333,127.4725275,104.1666667,140.9090909,124.7311828,102.7272727,101.7699115,97.24770642,87.25490196,98.07692308,100,96.28345175,88.98012435,61.53095663,76.06169644,69.06928744,75.24065659,68.00295746,69.18558723,81.02122758,80.67872705,76.36361225,77.5338359,75.09076899,77.61379695,90.33968471,97.70559791,99.68878012,98.18130158,98.88554157,97.3098748,
77,Greece,GRC,,,,,,,,,,,,,,,,,,,,,,,,,,,,,,,,,,,,,,,,,100,97.76242892,97.76412298,95.74052483,96.86054835,93.54975497,92.80146818,92.88199962,90.84016158,88.19873283,89.39635431,89.8408118,87.62700165,87.80171712,88.12136418,89.84268084,88.61589798,89.23662742,88.77380538,87.62825249,85.65316526,
81,Guatemala,GTM,,,,,,,,,,,,,,,,,,,,,132.9268293,119.2771084,125,134.6153846,101.0416667,93.47826087,156.5789474,90.36144578,142.5287356,91.95402299,115.2941176,90.42553191,95.95959596,98.95833333,106.122449,117.9245283,103.7383178,112.1212121,111.3402062,103.125,100,87.94320721,87.94095437,90.57916863,106.6302279,125.5248595,141.0268646,161.4480436,200.6796864,172.5326649,204.0455181,258.2402996,244.0366477,229.5897031,219.1480204,171.8265134,171.292235,184.2438973,218.1865316,219.50994,235.8567079,
86,Honduras,HND,,,,,,,,,,,,,,,,,,,,,113.1868132,88.78504673,82.30088496,89,102.0408163,96,125,114.1176471,83.87096774,79.41176471,78.02197802,83.69565217,78.94736842,87.35632184,89.13043478,96.33027523,89.62264151,110.7843137,113.4020619,106.3157895,100,69.43458048,67.35157271,69.0116717,79.74999553,94.75094121,107.4096964,120.6747566,149.8782621,121.2664016,150.7341952,213.8256444,186.6696873,166.52137,163.1909465,127.3988486,123.4279545,133.499715,164.6901217,161.5335684,167.9485372,
49,Croatia,HRV,,,,,,,,,,,,,,,,,,,,,,,,,,,,,,,,,,,,,,,,,100,98.78055296,97.44673626,97.20484068,97.91603088,97.90903083,98.98030193,100.9064423,99.51983634,99.75607844,100.5656929,100.8375595,99.47100851,98.62913983,99.31670015,100.1869237,99.14104951,98.08339151,96.55839356,96.86068242,95.8734327,
88,Hungary,HUN,,,,,,,,,,,,,,,,,,,,,,,,,,,,,,,,,,,,,,,,,100,98.85018422,98.67674426,99.34179019,98.52157409,96.98030125,93.44724987,93.24388776,92.42876476,95.00518289,97.20320092,97.81680877,97.36634886,99.47825403,99.85776494,100.8207672,101.9038294,102.7439182,102.4864219,103.4602363,107.0975791,
91,Indonesia,IDN,,,,,,,,,,,,,,,,,,,,,,182.5581395,182.1428571,172.1518987,173.0769231,156.7567568,108.4507042,96.20253165,81.81818182,81.72043011,94.89795918,91.26213592,88.57142857,88.34951456,84.90566038,90.35087719,97.32142857,99.04761905,81.81818182,66.32653061,100,101.2240193,100.903277,103.1981646,105.3481075,107.259955,113.5357829,117.1321658,125.5566599,119.8921913,127.1553729,134.2163952,129.0984665,121.8435134,119.0541123,116.1478699,115.0697358,117.463601,115.8501958,115.376208,113.4371835,
90,India,IND,,,,,,,,,,,,,,,,,,,,,71.64179104,65.4676259,72.30769231,75.80645161,94.11764706,80.99173554,83.76068376,100,97.56097561,94.61538462,85.81560284,93.6,98.31932773,113.1313131,118.75,108,99.03846154,113.592233,117.5824176,105.2083333,100,97.82157676,88.63089839,96.20109988,91.67654799,87.81561811,85.70052293,81.60509971,81.60509971,95.01240588,93.47166416,89.99256996,90.08283332,92.44597165,93.82252823,104.2283051,107.0105809,102.4693962,96.32259344,98.02427941,105.0955464,
94,Ireland,IRL,,,,,,,,,,,,,,,,,,,,,,,,,,,,,,,,,,,,,,,,,100,101.3521994,100.9557562,100.5520066,98.15205343,101.3929835,99.10809723,97.30316776,96.28509824,99.36655773,101.236991,95.71018889,94.17110626,92.77615275,91.74574461,96.68188659,97.76549383,94.81090644,90.81853541,91.65565783,91.73080661,
92,"Iran, Islamic Rep.",IRN,,,,,,,,,,,,,,,,,,,,,,,,,,,,,,,,,,,,,,,,,100,91.86167024,91.17254935,96.78859852,111.1701075,139.9513202,157.0806506,158.3536729,182.9599876,131.3484986,155.4468566,183.5027321,187.4775507,191.1483493,188.2180795,144.4437734,127.6315582,149.4188257,173.3019787,164.851342,137.4614975,
89,Iceland,ISL,,,,,,,,,,,,,,,,,,,,,,,,,,,,,,,,,,,,,,,,,100,102.4551133,103.4785425,96.10041864,93.59724378,92.94355475,99.14110122,98.08960451,87.93138705,80.7040593,87.30333542,84.89106944,80.08909021,76.29219535,79.54230303,88.06882301,86.41746652,85.50117863,82.67738265,83.54713456,80.20430782,
96,Israel,ISR,,,,,,,,,,,,,,,,,,,,,,,,,,,,,,,,,,,,,,,,,100,98.79215825,97.78346421,96.38244362,94.46986459,95.10633898,93.63141325,91.67983307,93.04080396,101.726285,98.25060661,91.43110371,97.78824888,100.6276724,101.4691876,111.9505,113.8953741,110.511837,106.8480779,109.3440531,106.8585353,
97,Italy,ITA,,,,,,,,,,,,,,,,,,,,,,,,,,,,,,,,,,,,,,,,,100,101.3984631,103.5532584,104.7571919,103.5324033,101.5573822,98.22174368,99.84767553,96.78322671,101.5427237,97.06515354,94.03176162,94.25903548,96.8993313,99.92393091,102.698258,105.421041,102.3249325,101.2119776,103.686228,107.6616836,
98,Jamaica,JAM,,,,,,,,,,,,,,,,,,,,,,,,,,,,,,,,,,,,,,,,,100,98.51370904,94.22531134,92.10229642,95.78473,94.48362771,110.2661649,105.1640564,95.05137348,87.77069863,94.92777388,91.92363847,86.22235483,82.78405981,84.84098299,85.87430568,86.45005719,93.06712179,91.86906258,86.14007441,82.60562125,
100,Jordan,JOR,,,,,,,,,,,,,,,,,,,,,87.96296296,83.05084746,88.49557522,89,86.66666667,86.86868687,100,90,98.8372093,104.8780488,93.68421053,103.2258065,105.6818182,104.5454545,112.9411765,115.625,113.592233,112.8712871,107,107.1428571,100,99.02438455,97.54547208,88.38058327,85.40881808,88.46805397,89.65749445,92.14370015,118.1456519,124.3922444,85.72473901,78.81172359,83.6874966,77.88197482,74.81339805,79.28900117,71.87079476,73.54866252,78.44572941,75.62524915,75.98175953,
101,Kazakhstan,KAZ,,,,,,,,,,,,,,,,,,,,,,,,,,,,,,,,,,,,,,,,,100,91.9673859,93.12122264,100.480155,117.0774899,144.7680184,171.4414264,178.6221484,210.9177222,158.565388,192.2455511,223.5059566,222.852887,220.6186329,207.8622893,146.3335829,130.4040589,154.7100223,179.8377331,166.0115924,131.760676,
102,Kenya,KEN,,,,,,,,,,,,,,,,,,,,,100.7246377,88.11188811,81.61764706,77.37226277,87.02290076,76.69172932,85.49618321,77.86259542,81.06060606,79.36507937,70.14925373,78.68852459,81.03448276,94.87179487,107.2289157,103.8834951,108.2474227,114.0186916,109.9099099,98.07692308,100,94.39081957,90.88274002,91.03849087,97.07417879,98.87310349,98.24311616,95.37028058,94.99223574,105.7432784,104.537767,100.3850961,99.98492429,96.26545117,97.09315444,109.6854627,108.9979037,114.6100399,108.123074,107.0607622,106.1057818,
108,Kyrgyz Republic,KGZ,,,,,,,,,,,,,,,,,,,,,,,,,,,,,,,,,,,,,,,,,100,101.2975827,105.5837981,113.0527427,113.625999,106.7415091,107.9091063,107.6798519,109.4533376,112.5547814,119.629021,123.0868162,121.9508827,116.0852413,112.4330333,116.9035233,126.0726986,128.2227704,124.5635751,130.3905431,152.2557021,
105,"Korea, Rep.",KOR,,,,,,,,,,,,,,,,,,,,,114.2857143,111.8644068,117.4311927,118.2692308,119.8113208,120.7920792,131.5789474,134.3137255,138.0530973,138.2608696,133.3333333,134.1880342,134.2105263,132.4324324,137.2727273,138.4615385,125.8928571,121.9047619,117.2413793,114.9425287,100,92.90823971,92.0722567,88.51957927,85.31032006,77.45858368,70.40444061,65.94362332,58.81489765,61.31065089,56.82242124,51.05174842,50.19474083,51.85720989,52.72107905,59.02676024,59.61550849,59.40316948,56.3331208,54.0062852,56.04735537,
109,Lao PDR,LAO,,,,,,,,,,,,,,,,,,,,,,,,,,,,,,,,,,,,,,,,,100,100.9890938,102.7296947,100.5825397,95.16649653,90.5315736,101.243457,98.81497921,94.45245618,94.48514397,110.4986234,110.415489,101.9418709,98.81122981,98.56288183,96.36623569,96.81849635,103.0626324,110.4699429,107.8254115,105.9093856,
181,Sri Lanka,LKA,,,,,,,,,,,,,,,,,,,,,87.17948718,80.76923077,76,94.20289855,114.9253731,94.11764706,90.16393443,92.42424242,88,85,82.41758242,80.43478261,95.6043956,100,98.88888889,99,100,105,,,100,101.9700093,101.260501,122.1465011,119.1015239,114.389202,107.8387374,107.7123577,95.74288881,111.9800198,109.8962502,99.79717962,98.45755033,103.0551429,107.3425713,110.0882088,114.5264448,115.9619524,116.256546,114.193869,117.0851852,
112,Lesotho,LSO,,,,,,,,,,,,,,,,,,,,,131,116,106.5217391,102.020202,102.4390244,100,93.15068493,63.73626374,101.0638298,100,100,88.70967742,100.8196721,100,100,100,100,100,100,99.05660377,100,100.3381192,101.4142826,94.68136911,88.22879475,86.73865714,84.30635859,81.78041252,74.99744355,81.94029471,77.60036331,74.20910367,77.49089699,76.63719228,78.50530387,85.39802057,88.22333032,82.60006681,78.7531913,78.61149222,78.64114828,
116,Lithuania,LTU,,,,,,,,,,,,,,,,,,,,,,,,,,,,,,,,,,,,,,,,,100,98.73802521,99.07722445,103.1630961,104.2127647,100.5487065,97.63114284,98.80714579,95.59321982,96.65580806,94.5517114,93.88788638,93.70837758,94.37229186,96.39563337,98.50105395,99.29987929,98.65455398,98.10743031,98.75915386,100.6642287,
117,Luxembourg,LUX,,,,,,,,,,,,,,,,,,,,,,,,,,,,,,,,,,,,,,,,,100,98.78730737,100.3951193,94.70325703,89.72408886,88.91221581,85.84465066,85.15535139,82.07575403,82.90308886,79.77488031,77.90731105,75.34776834,75.01705656,73.4594232,75.74993753,73.77014629,72.83363701,71.18666993,70.04589933,70.34010973,
110,Latvia,LVA,,,,,,,,,,,,,,,,,,,,,,,,,,,,,,,,,,,,,,,,,100,101.1751494,104.5917962,103.986395,106.5504234,103.5454073,102.4547845,107.9544843,103.5965341,103.5116068,106.0703122,104.8307651,101.9253334,103.2123828,103.6230272,105.1109852,106.8349758,105.5434673,107.5523603,107.906601,109.2707661,
134,Morocco,MAR,,,,,,,,,,,,,,,,,,,,,90.16393443,85.34482759,89.10891089,80.1980198,79.7979798,78.78787879,82.85714286,82.30088496,92.59259259,89.18918919,84.92063492,88.79310345,92.03539823,88.18181818,79.67479675,89.0625,91.53846154,94.7826087,105.8823529,103.8834951,100,96.87879133,101.0075971,105.4345848,104.676179,99.34864491,100.3030027,98.35365105,115.958114,106.4576175,104.8920643,104.8920643,123.8066892,122.7638019,121.1111347,117.6284646,118.3414079,111.6707876,107.6223666,107.7919379,113.4404345,
130,Moldova,MDA,,,,,,,,,,,,,,,,,,,,,,,,,,,,,,,,,,,,,,,,,100,99.48453608,100.2498017,98.81424372,92.93762571,85.93547582,82.19058124,81.2629223,76.57467679,74.24782197,75.15995737,73.629551,72.13453474,71.04158724,68.47160734,72.39673133,74.42871657,74.33987828,71.5997053,71.17428726,81.48528847,
119,Madagascar,MDG,,,,,,,,,,,,,,,,,,,,,83.33333333,82.60869565,92.1875,100,106.779661,96.55172414,112.0689655,94.36619718,94.36619718,70.51282051,80.95238095,72.09302326,71.11111111,71.59090909,77.65957447,79.61165049,81.55339806,84.69387755,93.75,88.88888889,100,90.33784512,86.42793527,85.33388203,80.95930666,75.05315666,73.96757619,73.79903912,70.7217945,73.87268042,77.52443758,79.99792701,80.26645591,79.64288329,86.2614132,89.14861063,86.16275082,77.4746837,67.08503679,66.13566232,63.78483785,
122,Maldives,MDV,,,,,,,,,,,,,,,,,,,,,,,,,,,,,,,,,,,,,,,,,100,100.9395832,104.1025644,97.21942165,93.508424,97.58990793,99.59912345,95.29480389,88.4692392,96.35977531,98.32117824,91.18424537,90.36007659,93.07445223,97.01172652,105.4529241,108.1599644,113.4149646,117.0822901,116.4793032,109.961217,
128,Mexico,MEX,,,,,,,,,,,,,,,,,,,,,305.3571429,306.557377,245.3125,207.3529412,197.1428571,173.9130435,109.3333333,113.253012,90.32258065,90.32258065,102.1505376,97.84946237,96.90721649,97.91666667,95.91836735,92.45283019,96.11650485,97.05882353,94,95,100,97.24623099,99.95943305,102.4553141,108.3788685,111.6618995,114.8639527,114.4934284,115.9905196,103.0454351,110.8795088,118.426444,114.1146652,114.0374804,108.2013388,93.55396074,87.87419067,91.79148495,93.9821409,94.86131884,90.59957661,
146,North Macedonia,MKD,,,,,,,,,,,,,,,,,,,,,,,,,,,,,,,,,,,,,,,,,100,98.99911874,98.11581021,96.6492475,96.12195002,95.38925997,94.51435415,94.71167277,92.4294216,95.89723968,92.90851168,86.33131998,86.96097676,88.97563241,91.32989364,97.34150277,96.76054277,95.40190031,94.40181164,94.53062646,93.88851782,
123,Mali,MLI,,,,,,,,,,,,,,,,,,,,,116.40625,107.1428571,109.8039216,119.3548387,124.7058824,121.1764706,112,126.8518519,128.440367,130.6930693,134.7826087,126.9565217,113.3333333,109.4827586,100.8849558,109.6,110.7438017,106.5420561,111.7647059,100.990099,100,95.82623065,103.6005066,122.0510139,114.2230745,99.91534671,111.9086105,115.0210652,119.628991,137.3549836,162.7840068,178.8726603,174.4047577,157.4405175,145.9780952,148.5981406,166.2290382,162.8615148,153.780442,166.3087045,207.543485,
124,Malta,MLT,,,,,,,,,,,,,,,,,,,,,,,,,,,,,,,,,,,,,,,,,100,101.8064599,105.8726441,103.9619245,100.3865196,95.77303638,102.842227,106.1634844,109.9970875,123.3342621,131.2104847,136.1128881,119.5687325,124.8980825,125.1692466,138.2553308,140.9667068,137.4188118,137.9630438,140.2519936,153.8432875,
133,Montenegro,MNE,,,,,,,,,,,,,,,,,,,,,,,,,,,,,,,,,,,,,,,,,,,,,,,,,,,,,,,,,,,,,,
132,Mongolia,MNG,,,,,,,,,,,,,,,,,,,,,,,,,,,,,,,,,,,,,,,,,100,98.87780943,103.5658925,104.4188108,119.3800551,121.6420044,168.2694718,174.3012444,184.2345486,167.7292396,206.2564806,209.3203716,193.6976527,179.3929937,164.3157593,150.8303182,152.525823,188.1836594,190.3785721,186.4192574,173.0011719,
135,Mozambique,MOZ,,,,,,,,,,,,,,,,,,,,,240.2777778,254.6666667,223.2876712,225.7142857,220.6349206,215.3846154,220.8333333,216.0493827,195.4545455,183.5164835,175,178,141.4141414,135.0515464,162.195122,151.0638298,115.1515152,115.8415842,116.6666667,117.7083333,100,97.31114728,91.94023623,93.8744436,100.740016,103.7951677,122.1375581,116.1833877,106.9447683,91.5903093,104.1614226,102.5086604,97.06782274,93.11584957,93.4519165,91.03386679,91.34460242,102.1743467,104.5008225,97.28722867,89.55534921,
126,Mauritania,MRT,,,,,,,,,,,,,,,,,,,,,72.26277372,79.38931298,80.8,77.04918033,80.70175439,88.03418803,93.27731092,93.75,86.5248227,97.14285714,97.31543624,104.0816327,109.8039216,120.2702703,97.03703704,102.2058824,93.75,102.9411765,103.3333333,103.7735849,100,99.10920681,98.61965615,94.36115388,96.87808221,126.7412742,136.4258129,132.7437433,155.8663951,142.9250345,179.6435029,173.574672,156.8980778,163.9011948,146.4325422,132.9522807,138.8555031,149.0831468,143.2551731,163.7262566,176.478477,
120,Malawi,MWI,,,,,,,,,,,,,,,,,,,,,163.3333333,195.2380952,200,185.9649123,191.0714286,167.3469388,144.8275862,137.3134328,129.3333333,138.1578947,148.2352941,157.4712644,127.7777778,114.1176471,89.32038835,105.6603774,112.3809524,117.1428571,103.0927835,106.122449,100,101.3026929,92.82084567,87.96565528,84.34473267,83.23873813,86.58571696,86.30023612,79.09849333,97.0066074,97.75065868,100.2494796,95.07761879,92.97637877,96.75118482,107.249583,113.1412077,110.261896,104.345916,100.9760248,97.27795315,
121,Malaysia,MYS,,,,,,,,,,,,,,,,,,,,,71.42857143,62.28070175,64.48598131,70.58823529,86.31578947,80.21978022,75.30864198,87.5,88.88888889,94.23076923,102.7272727,109.1743119,109.0909091,108.5714286,110.1851852,108.5470085,112.0689655,111.2149533,107,105.1020408,100,99.86313268,100.0078765,101.4539252,101.103918,102.2072142,109.4079327,113.6222908,121.7497026,106.7716344,108.8068304,114.7992159,114.40507,112.0804182,112.2735851,108.4782304,104.8840891,106.0252796,105.6319351,106.8136387,107.4096884,
144,Niger,NER,,,,,,,,,,,,,,,,,,,,,230.4878049,187.3239437,221.0526316,258.3333333,227.4509804,205.8823529,226.2295082,225.3521127,201.3157895,184.9315068,165.060241,152.4390244,143.4782609,146.031746,119.1011236,121.4285714,106.0606061,100,99.00990099,93.26923077,100,103.6946213,104.8952372,105.8067865,117.4176217,134.5200107,156.6529162,220.7654343,177.4346692,171.9141479,176.183352,188.5275141,198.4173948,193.8867409,184.7790471,177.0133025,163.057732,164.4070796,162.2141568,159.7317411,169.9936037,
145,Nigeria,NGA,,,,,,,,,,,,,,,,,,,,,181.25,192,163.6363636,155.1724138,154.5454545,143.4782609,70.27027027,72.60273973,60.9375,75.71428571,88.50574713,74.3902439,65.04065041,59.40594059,56.12244898,55.55555556,86.9047619,65.09433962,43.87755102,59.5959596,100,90.58808908,92.0227398,101.5647522,118.7420106,156.2900942,176.7040584,176.9588285,218.2076049,154.555065,184.7845551,219.1600554,224.3545298,223.1600826,211.092987,142.9554505,123.5806379,146.2455786,174.0874355,158.7194879,115.4807964,
143,Nicaragua,NIC,,,,,,,,,,,,,,,,,,,,,162.1621622,139.7590361,123.3333333,138.3561644,176.119403,123.3766234,149.2957746,114.8148148,125.3012048,114.4578313,155,126.5060241,93.02325581,104.6511628,122.8915663,128.8888889,113.9784946,109,113.6842105,105.3763441,100,84.81430228,83.45773151,86.37862309,98.88655213,118.0210865,131.8388821,153.7620851,203.9024469,172.7426004,204.978208,278.5234735,283.1772219,253.0259447,247.8708149,206.5980803,182.4350768,193.6894461,231.6430831,239.5920508,277.8770087,
140,Netherlands,NLD,,,,,,,,,,,,,,,,,,,,,,,,,,,,,,,,,,,,,,,,,100,100.8265436,99.2345835,99.38276874,98.9251916,96.46135733,95.87303745,96.06908368,94.03234112,94.98743573,91.76944237,91.78790653,91.24724161,91.68568639,92.92960056,93.77183967,94.27468123,93.45760629,93.52156551,93.55339308,93.53741007,
148,Norway,NOR,,,,,,,,,,,,,,,,,,,,,,,,,,,,,,,,,,,,,,,,,100,95.75757576,90.2173913,91.32321041,101.4583333,122.9968783,140.6965174,135.7279693,155.74977,124.3970315,138.5620915,157.4123989,161.6830797,159.8438855,146.8364832,123.1962762,109.6551724,119.0225564,132.2443182,115.198386,89.20676203,
150,Pakistan,PAK,,,,,,,,,,,,,,,,,,,,,129.4871795,116.6666667,112.9411765,120.7792208,122.7848101,116.4383562,150,135.0649351,124.3902439,114.1176471,108.6956522,105.5555556,104.5454545,107.1428571,107.7777778,119.1919192,120,118.556701,136.0465116,117.2043011,100,81.5647482,77.41587292,72.42728379,69.05315944,61.39677224,57.18262413,53.51936132,47.07693402,52.94646694,52.83135959,50.45370633,48.45622872,46.27624777,48.02084764,49.82010906,52.95781056,52.5416544,52.0959501,54.09782278,56.6158333,
152,Panama,PAN,,,,,,,,,,,,,,,,,,,,,115.3846154,94.59459459,86.95652174,91.42857143,90,102.8985507,100,89.02439024,80,75.28089888,68.75,82.75862069,104.3010753,106.8181818,110.3448276,100,102.0833333,103.125,103.0927835,106.3157895,100,97.04491295,98.01556023,98.45660185,106.4806529,115.1590299,123.3352403,134.6821263,155.557967,142.5379447,154.1546288,180.4503124,184.8061569,180.2139127,176.609953,162.1443795,156.3729839,169.8856847,157.1950512,153.920191,170.4707981,
155,Peru,PER,,,,,,,,,,,,,,,,,,,,,245.5882353,201.3888889,200,193.1506849,195.7142857,170.7692308,129.1666667,128.5714286,139.7590361,119.1489362,114.1414141,107.2164948,117.5257732,110.5263158,118.556701,123.364486,119.4444444,127.184466,111.2244898,103.1578947,100,99.4579263,106.75268,108.8223719,124.0731995,131.6890054,170.9697048,181.2834225,159.6724484,155.5596003,188.0513369,202.9863674,197.3123949,185.4164565,175.4916198,163.4261284,163.0400318,175.2094934,174.4232607,171.4762865,185.50543,
156,Philippines,PHL,,,,,,,,,,,,,,,,,,,,,99.11764706,70.64220183,74.3772242,71.94570136,69.03225806,80.1980198,86.74698795,94.04761905,106.0240964,97.72727273,87.36842105,93.40659341,79.20792079,77.66990291,77.88461538,80.1980198,81.13207547,82.40740741,87.38738739,102.8846154,100,98.65499827,91.98845174,95.11153567,92.02100124,92.29576897,90.59295896,88.50836546,77.83823294,83.20042232,81.16541669,75.11144806,74.96062186,73.519289,76.75187217,82.16603765,82.95317295,81.27652364,78.25050446,79.15322693,82.02161155,
157,Poland,POL,,,,,,,,,,,,,,,,,,,,,,,,,,,,,,,,,,,,,,,,,100,102.3489523,104.2370093,103.1940753,105.5057585,103.3676898,102.1641393,102.6048941,100.7818741,104.1510694,101.7482396,99.34090465,97.62202442,98.40365896,98.47256161,100.1040102,100.3661511,98.89419785,98.030873,98.49503385,100.7176746,
158,Portugal,PRT,,,,,,,,,,,,,,,,,,,,,,,,,,,,,,,,,,,,,,,,,100,99.4816877,100.2760969,98.12977516,97.29849932,94.30529757,93.52926145,93.18148006,89.95430815,94.056707,92.54211187,90.98701987,90.6281607,92.08986542,93.19136269,95.96141038,96.81840258,95.49292117,94.81625625,95.11239793,94.76913577,
154,Paraguay,PRY,,,,,,,,,,,,,,,,,,,,,68.18181818,71.85185185,74.35897436,69.02654867,93.51851852,62,58.02469136,87.5,100,120.9876543,103.3707865,103.4883721,94.44444444,103.4482759,125.8823529,118.2795699,118.2795699,118.2795699,109,104.1237113,100,111.0877713,135.6526271,134.0789564,124.6874936,102.3703027,77.68532943,91.48514339,94.4870129,91.54580517,99.02863254,113.2161519,101.4991011,112.2413572,125.1462883,127.2500402,127.6648201,126.1134533,123.3561817,119.0844015,125.6023536,
214,West Bank and Gaza,PSE,,,,,,,,,,,,,,,,,,,,,,,,,,,,,,,,,,,,,,,,,100,100.0770054,101.4287021,94.63929656,91.46250063,81.90521103,77.20056277,80.16406907,70.39287273,80.42511736,79.90627205,75.53687251,74.66367853,75.13996146,78.1209865,85.55664373,88.27522198,84.88373662,79.12056186,80.99691816,84.02431818,
161,Romania,ROU,,,,,,,,,,,,,,,,,,,,,,,,,,,,,,,,,,,,,,,,,100,100.3845654,102.2667069,103.4762344,106.9281581,106.7255488,107.8358861,107.4367259,106.5755056,107.4838243,108.2624969,109.0672995,108.48827,107.7597105,107.2700143,109.2347139,109.4272442,107.0280961,106.9411577,107.5027324,109.155256,
162,Russian Federation,RUS,,,,,,,,,,,,,,,,,,,,,,,,,,,,,,,,,,,,,,,,,100,96.02374143,93.34055908,100.8435702,114.6561412,138.200621,157.3767838,164.6040213,197.9657292,131.9102272,159.6671482,194.4982951,203.0938004,189.6202605,182.089517,138.4996916,112.904266,127.7385849,149.6990629,151.4072472,123.4757334,
163,Rwanda,RWA,,,,,,,,,,,,,,,,,,,,,56.89655172,46.06060606,67.88321168,84.61538462,88.0952381,60.90225564,78.94736842,39.74358974,48.75,40.82840237,40.22988506,81.11111111,69.14893617,80.68181818,90.42553191,110.1010101,92.30769231,130.6122449,110.3448276,93.25842697,100,91.36751151,91.11407733,92.0990252,96.98466269,118.3068351,131.2709412,137.8773873,169.5314538,156.2342886,183.3281127,168.6445068,153.3396294,154.7378144,154.7637845,154.3954958,162.5106066,171.0749535,164.2049316,165.4751333,178.7583639,
168,Senegal,SEN,,,,,,,,,,,,,,,,,,,,,158.4158416,165.5913978,143.8202247,139.7590361,161.8421053,163.6363636,172.2891566,168.75,166.6666667,171.875,172.2222222,171.4285714,172.2222222,166.6666667,133.0357143,156.25,165.6565657,126.3157895,130.4347826,114.8514851,100,99.17989296,97.68323172,98.52054075,97.54262022,96.40676375,98.20000111,98.64363,96.71101512,96.38120933,100.183511,105.9711641,107.8426145,107.2744165,108.1435851,108.2956845,110.5376533,111.4682619,110.5168342,111.8033481,114.3161681,
60,El Salvador,SLV,,,,,,,,,,,,,,,,,,,,,93.97590361,74.73684211,66.99029126,62.22222222,59,64.77272727,128,88.46153846,88.46153846,83.52941176,84.21052632,84.28571429,74.3902439,77.10843373,97.64705882,121.1111111,113.9784946,113.6842105,111.2244898,105.2083333,100,97.80684699,98.97951433,94.63223388,88.904468,84.26169577,82.14141079,79.97469722,76.27026029,86.16508769,83.57830814,80.5127644,81.74903772,82.79064662,84.62463201,94.58358485,98.47193091,95.86047171,92.10206168,93.64794037,98.20344799,
169,Serbia,SRB,,,,,,,,,,,,,,,,,,,,,,,,,,,,,,,,,,,,,,,,,100,99.00954069,98.87543404,99.09889622,101.3305635,106.0208565,111.6268138,113.6074743,110.4221383,113.3144914,113.2254554,111.7515549,110.8276788,110.2499915,110.3671391,114.9742057,116.8895556,114.4929637,112.4015377,113.6395483,116.002536,
174,Slovak Republic,SVK,,,,,,,,,,,,,,,,,,,,,,,,,,,,,,,,,,,,,,,,,100,97.3039431,98.23186964,100.4721846,102.3882442,102.4700892,99.50590253,97.97728465,94.27559841,97.0656316,93.34014001,91.96647031,90.91230517,90.70497352,92.91155502,92.35860409,93.3594294,94.96981293,94.91799886,93.99368993,95.7328746,
175,Slovenia,SVN,,,,,,,,,,,,,,,,,,,,,,,,,,,,,,,,,,,,,,,,,100,101.2511024,102.9623662,103.063489,101.5447654,98.39575461,98.34538971,97.13669053,95.60687806,99.09049469,95.85950039,94.35868968,93.61127632,94.49271307,95.01054566,95.95970196,96.26105224,95.09268949,94.26874929,95.23636908,99.6385694,
188,Sweden,SWE,,,,,,,,,,,,,,,,,,,,,,,,,,,,,,,,,,,,,,,,,100,100.1594583,99.92249127,99.55325836,98.30619347,96.31779035,94.86048764,95.91071346,94.10952503,95.57403036,95.01038307,92.83549928,92.03067597,91.64289161,91.81168221,92.4138947,91.97061395,90.35066989,89.87434458,91.70022918,91.87175632,
64,Eswatini,SWZ,,,,,,,,,,,,,,,,,,,,,100,100,100,100,100,100,100,100,100,100,100,100,100,100,100,100,100,100,100,100,100,102.8331286,105.68821,102.0845369,103.9597744,100.2907691,109.6477282,101.7824721,100.6966708,120.0526739,118.7498367,118.055129,112.094932,109.5430791,109.1042368,109.1956404,120.040588,115.414779,108.3985394,97.2647524,101.517127,
195,Togo,TGO,,,,,,,,,,,,,,,,,,,,,118.2692308,122.7272727,125,126.3157895,136.4864865,138.028169,136.5853659,130.4347826,133.3333333,130.9278351,133.3333333,124.7619048,127.5229358,90.47619048,95.04950495,99.12280702,92.37288136,100,114.8514851,114.1414141,100,37.7125846,30.43680856,24.35044167,29.51131519,21.396719,96.16521015,100.9691841,114.2999918,110.3753563,112.1920624,117.2936985,117.5542836,111.0946678,108.8791237,113.1393194,118.9576091,116.4177485,117.1884755,115.2893286,118.5750166,
193,Thailand,THA,,,,,,,,,,,,,,,,,,,,,151.5625,132.3943662,120.2898551,129.2307692,126.5625,118.0327869,130.5084746,129.2307692,127.3972603,122.0779221,118.5185185,117.6470588,120,119.7674419,121.5909091,116,114.4144144,115.0943396,108.1632653,107.3684211,100,92.01550673,92.06180704,94.17322733,95.85947356,96.6995546,95.62520429,95.93288288,94.06583669,98.77008352,99.03873718,94.24861269,92.93948688,94.47991028,94.3951336,100.5846212,103.0448118,101.2758758,99.10276784,99.18050384,102.3561776,
191,Tajikistan,TJK,,,,,,,,,,,,,,,,,,,,,,,,,,,,,,,,,,,,,,,,,100,95.91056177,94.67871142,100.1534024,101.5557851,96.20255266,107.0139812,102.1691861,96.00639834,82.80100616,99.47722146,100.9310269,85.31024373,83.74323765,82.69490688,83.34620088,89.56031337,99.93482894,99.89072094,93.70935578,92.71663683,
198,Tunisia,TUN,,,,,,,,,,,,,,,,,,,,,123.5955056,119.2771084,118.4210526,112.5,112.8571429,111.4285714,116,116.25,119.047619,117.8571429,109.1836735,104.040404,97.19626168,95.09803922,93.33333333,95.79831933,99.16666667,96.46017699,96.42857143,97.27272727,100,101.1932498,104.2569551,114.1360689,118.4873608,117.8704647,115.5755517,119.7756026,123.0412887,117.2001417,112.856488,112.7946423,108.3835049,113.5096329,113.4231211,104.2863638,105.8534176,101.748724,100.6849414,100.2620313,103.6933267,
192,Tanzania,TZA,,,,,,,,,,,,,,,,,,,,,,,,,,,,160.3773585,127.7777778,120,107.4468085,111.4583333,98,100,107.8431373,97.97979798,95.28301887,98.68421053,98.4,99.08256881,100,98.52552369,99.73644163,101.3757002,102.525278,101.2259354,115.7136625,118.0521816,119.3023704,134.0091411,147.8594023,156.621748,155.3311346,145.9900562,142.4383904,160.2160278,172.3805639,168.8977737,164.8609251,174.1552657,200.3124932,
203,Uganda,UGA,,,,,,,,,,,,,,,,,,,,,,,165.2173913,247.1698113,295.6989247,315.625,295.2380952,191.7159763,191.6129032,183.0769231,145.6896552,133.9622642,120.3883495,113.4615385,131.4285714,197.1698113,157.6576577,156,139,120.6185567,100,92.55979272,95.05094185,95.39823544,93.39770312,95.62195161,96.39151994,98.47511798,100.65345,107.5560509,113.7910591,120.8871524,111.3386084,107.0051282,113.7077954,115.9482861,122.9386031,119.5244323,112.0718593,116.4401777,125.1415846,
204,Ukraine,UKR,,,,,,,,,,,,,,,,,,,,,,,,,,,,,,,,,,,,,,,,,100,97.64620833,104.6207443,104.3452839,111.1255516,107.111332,103.868558,111.1732994,111.3543634,95.89575768,102.3104612,106.5521884,94.85271948,94.5718131,91.20455628,83.58724924,83.41383171,84.80406224,84.42648404,84.34222607,88.57627357,
208,Uruguay,URY,,,,,,,,,,,,,,,,,,,,,140.6976744,102.5210084,106.6666667,100,106.122449,98.94736842,117.8571429,127.2727273,129.6703297,124.742268,115.8415842,113.7254902,110.6796117,109.0909091,108.9108911,116.1904762,112.2641509,111.4285714,119.3877551,110.7526882,100,104.0425486,102.603005,103.4751931,99.92297211,90.62057634,89.22088572,89.2536115,96.44226885,103.0578448,102.5013837,104.9166011,108.9456597,110.8299343,115.1462913,117.3336141,120.5816946,120.0817953,114.2972566,117.8051008,126.2675366,
207,United States,USA,,,,,,,,,,,,,,,,,,,,,96.7032967,94.50549451,95.40229885,92.04545455,91.86046512,91.76470588,102.2988506,103.125,103.960396,102.9411765,102.7027027,103.6697248,103.6036036,103.8461538,104.6728972,105.1282051,103.4482759,103.7037037,104.8543689,104.950495,100,102.7979275,104.357067,102.8895769,101.2707722,97.18181818,95.92720971,96.5890183,91.79716629,98.98819562,97.08201893,94.59459459,94.68085106,95.34050179,95.86956522,100,100.0834725,99.594485,99.84264359,100.3187251,100,
209,Uzbekistan,UZB,,,,,,,,,,,,,,,,,,,,,,,,,,,,,,,,,,,,,,,,,100,96.61268776,94.61926344,107.2672038,111.7205283,119.9768728,144.6001704,148.198565,167.860628,146.5030092,179.2512849,209.322587,192.1818078,189.6297395,183.6460001,173.8409068,170.3393043,179.2253205,191.7014528,185.1927224,188.1366844,
211,"Venezuela, RB",VEN,,,,,,,,,,,,,,,,,,,,,154.1176471,157.9545455,145.0549451,154.5454545,144.3037975,143.0555556,76.31578947,89.15662651,67.39130435,77.41935484,89.58333333,73.19587629,69,64,63.36633663,63.39285714,73.39449541,70.87378641,50.98039216,68,100,81.62809649,86.08039963,100.9332347,138.2387553,195.5249856,247.7104696,293.685932,446.608907,272.8649771,364.438738,447.0234274,455.5615744,458.5744638,398.9596219,218.9207337,185.4552432,205.0076529,217.1346631,186.4830326,144.1885376,
212,Vietnam,VNM,,,,,,,,,,,,,,,,,,,,,,,,,,,,,,,,,,,,,,,,,100,94.81180061,95.57105427,101.0243349,103.2365466,109.0783178,112.7562958,115.009276,121.4311138,121.0190172,126.8636857,126.2725419,126.0064915,125.9419655,128.6784508,131.4520467,136.5073605,136.9864737,134.8489824,138.093187,137.0791238,
106,Kosovo,XKX,,,,,,,,,,,,,,,,,,,,,,,,,,,,,,,,,,,,,,,,,,,,,,,,,,,,,,,,,,,,,,
178,South Africa,ZAF,,,,,,,,,,,,,,,,,,,,,126.3157895,110.5263158,97.32142857,98.27586207,104.1237113,106.097561,108.6021505,111.8181818,111.1111111,105.6603774,104.3478261,105.3097345,102.5862069,103.6363636,107.2727273,106.0344828,107.4766355,106.6037736,104.040404,102.0408163,100,101.8065887,107.0777928,107.6822642,109.324875,110.9891928,117.8722436,121.5349404,124.4908884,132.3734993,141.2367683,146.2948344,145.2396744,137.5087277,135.833052,140.0047719,144.8522059,151.1375341,146.3721052,152.1459905,165.3513043,
216,Zambia,ZMB,,,,,,,,,,,,,,,,,,,,,222.4719101,163.6363636,120.1834862,154.1666667,162.3529412,186.1538462,204,255.5555556,312.3076923,166.3551402,206.8627451,152.6717557,126.4900662,123.2394366,151.2820513,189.6551724,152.2522523,141.7391304,112.8712871,87.12871287,100,94.57787904,91.94984306,95.75799646,112.7552661,127.2800412,200.021865,198.3923736,179.1857676,160.6390004,199.451745,206.1610233,190.7544426,182.8820551,176.7256532,169.7559966,164.5912704,184.1985303,175.2130879,169.1659834,172.4001538,
