,Country Name,2002,2003,2004,2005,2006,2007,2008,2009,2010,2011,2012,2013,2014,2015,2016,2017,2018,2019,2020
5,Albania,-0.311400771,-0.44585553644431847,-0.17052494907840318,-0.36446798685880927,-0.13515222722462075,0.03142375209129914,0.12520869571821985,0.21959690371757298,0.21217164241555989,0.2582751189148889,0.21872921828608574,0.23116060880108585,0.25378681222949284,0.17236524525172703,0.1784168713030337,0.21199407475668544,0.24234653183493204,0.25980860916968673,0.21452059873987459
8,Argentina,-0.880716562,-0.23816374187209607,-0.24042307753754263,-0.18085044450979026,-0.21167423075222638,-0.21895081761877336,-0.24200543155373616,-0.28616365661739557,-0.25588983584036645,-0.24177636300125063,-0.30918868726544907,-0.31967584554143397,-0.36721203931095664,-0.30197650159328004,-0.11625108574860814,-0.06254661150513277,-0.06324597031342709,-0.15049200081133685,-0.166528371455863
9,Armenia,0.056333646,0.15989004691829045,0.10424271139181358,0.08498062998762151,0.2789321954858915,0.25305184512117773,0.28714678434319263,0.2609207613371649,0.25661984358971135,0.2356224898580401,0.31895253744411683,0.22440348394259013,0.15125441483967708,0.1926130576210017,0.20457776578634596,0.22991381463255423,0.3442408989481323,0.24419743884431722,0.24019149122928488
12,Australia,1.421155572,0.20879369641158985,0.22681407648949464,0.21200789191371378,0.21522202419173853,0.2232348706342796,0.2340772937420284,0.2408251734828669,0.22479371328750483,0.24549013540875098,0.23578442527252197,0.23741775214420996,0.2461860898569144,0.2364351425463586,0.2510361560397651,0.25557954783127595,0.2520537324082764,0.24814579450618865,0.24156614401982793
13,Austria,1.538056254,0.24095311295186292,0.2373425439080318,0.25158442503440354,0.2577689614186563,0.265097678446987,0.2518186616718444,0.22729703793772943,0.22737499841492056,0.21584742088673045,0.23782250917433154,0.23234378456193566,0.23233694520306453,0.21924453283636558,0.22528398643432085,0.2250086954601225,0.2398556114689648,0.22848021755257472,0.22027296872368843
14,Azerbaijan,-0.731832385,-0.3338269351970625,-0.3443974089636359,-0.3219519852237929,-0.2902474727337183,-0.2587110110212076,-0.20394370959506514,-0.17565323214143,-0.21769868598039988,-0.21426551168898472,-0.2710267633470563,-0.23588028333344743,-0.14889801996353036,-0.19589981491153335,-0.21421011144288016,-0.1984560611707507,-0.16784853932532587,-0.11869970894313053,-0.17943386277024062
15,Burundi,-1.214292169,-0.26842658794027346,-0.2662719177517305,-0.2988452791013941,-0.26577907380149474,-0.27441748835620117,-0.27706936976388397,-0.26086325849864145,-0.2507256210677697,-0.227940989222843,-0.21287733718495658,-0.20122825343956177,-0.16377207144776793,-0.16423795225955232,-0.18869373127859307,-0.19084041260419238,-0.22131943417853003,-0.2173113069067416,-0.23306672987124322
16,Belgium,1.254180551,0.23292351539377326,0.24469853375171485,0.2310580793812268,0.24170369278908693,0.25817054148629726,0.25546735692519645,0.23812020911691342,0.23313958206441296,0.22467079809947182,0.22211796971524114,0.23330896030261938,0.20952604445693973,0.2332130919559072,0.24305390929331724,0.22577297012978045,0.23023374147133271,0.23433305112019487,0.24614167222409716
17,Benin,-0.573989809,-0.2878422126392238,-0.28712618993890165,-0.29715039379838126,-0.2139369759634594,-0.23457574678357404,-0.25688845301975877,-0.18459624767782337,-0.1860870567542531,-0.1861470224111578,-0.18586088930033562,-0.19247907932807468,-0.2875685861535278,-0.2787921415243306,-0.26563151916594274,-0.23522462575323208,-0.1765842644300784,-0.20037988372260007,-0.21685857380285462
18,Burkina Faso,-0.137807384,-0.24669155805527887,-0.22445614441475972,-0.3112041560962898,-0.27016153571775275,-0.21385029308028428,-0.1564781951589926,-0.09669829742224968,-0.14215102376444433,-0.13996693711233724,-0.09488271089087247,-0.13473918556250733,-0.2325980721932443,-0.27657288155427046,-0.29843558591290387,-0.31718655702992354,-0.26790145153535044,-0.2796986639798134,-0.31958786095679687
19,Bangladesh,-1.055441499,-0.2631070036685591,-0.29613879488112504,-0.2724256363401959,-0.2532333058019821,-0.24004340251986345,-0.2303098743794063,-0.2181776089839646,-0.2159740855757744,-0.20577102305234735,-0.24163115757215126,-0.23268195262113942,-0.24054522473587342,-0.2287291891610376,-0.202539357971919,-0.20476925506148194,-0.21206581374174813,-0.23450337911998353,-0.22772853202535037
20,Bulgaria,0.52767992,0.2501532191481831,0.2649251291268955,0.2460999630493115,0.23075296830156355,0.24079097475892616,0.2747602191548304,0.2600376777162121,0.2546659137636667,0.20679201552160284,0.21509738331257208,0.20551567037582114,0.21905072038464504,0.2213647349348864,0.2658005054347691,0.2502463784733561,0.23043748474408382,0.20338438297507863,0.1774436494117602
23,Bosnia and Herzegovina,-0.607061386,-0.4477459790940997,-0.22533100981881543,-0.5559912689852108,-0.44955631160686815,-0.27526801348631214,-0.16849220822639838,-0.10598646725792531,-0.11474559609497331,-0.05663142605331239,-0.059293283779057196,-0.07193310068475343,-0.040022668465033114,-0.1607082270268631,-0.12367132741966298,-0.04150784035826925,-0.12358524628237015,-0.10832509573942617,-0.1600289053859052
24,Belarus,-1.395955443,-0.26202019748085253,-0.23987128354921278,-0.29056155943485357,-0.32165951139908494,-0.28666194711063936,-0.25124822553797976,-0.23315477873092025,-0.2394575764395687,-0.2667286307882831,-0.2365865384930331,-0.2336411763679187,-0.22155152536749498,-0.23041751922774456,-0.21758957575789176,-0.1695958541148679,-0.16142575376192927,-0.1336791598037148,-0.15809890999530588
25,Belize,0.14991577,0.0936055231217678,-0.06711248634140284,0.038947456153643936,-0.17079970569257252,-0.199413247318025,-0.21631609261898335,-0.2087561253503457,-0.1899908188636654,-0.21424472630379254,-0.24730944745788083,-0.25325348178135976,-0.26128285139692087,-0.23865839128559396,-0.2738383280385247,-0.30536244851967276,-0.36923004427972095,-0.310678199306174,-0.30380664642961036
27,Bolivia,-0.090073593,-0.04245374263267888,-0.07379545686678068,-0.192946867573529,-0.24705128532084497,-0.27419261738223966,-0.24037915887862032,-0.24287893562670582,-0.2217141145369029,-0.2122715929668609,-0.23146817767299804,-0.218679714343958,-0.24656688380198613,-0.24981166926629472,-0.2803823314166711,-0.2715733855187509,-0.2755623671475512,-0.27421577260385516,-0.2832385845089435
28,Brazil,0.182567075,0.3041185076787277,0.057845758438842605,0.05705272477015558,-0.06381243356900375,-0.035304414014586984,0.11909143104248451,0.1972925289168639,0.3812968999782589,0.39892575327203794,0.26785122956440505,0.22617792932997585,-0.043630632092155945,-0.25399584007915266,-0.27765312249350615,-0.1798798934402025,-0.43361684821254154,-0.16900482896056146,-0.1503451855789936
31,Bhutan,-0.50857091,-0.014727837878168587,-0.2766802290125482,-0.08651435985853125,-0.1746188461364738,-0.21456982098661356,-0.2314158173009814,-0.3240368120698774,-0.35037138079380026,-0.3489387462580497,-0.33043789720037864,-0.3285474555606042,-0.306777481073822,-0.2171437301489222,-0.2040638231045111,-0.09857201217711563,-0.10032108070730554,-0.0942890470882245,-0.08621648617125213
33,Botswana,0.900155962,0.3045949284828583,0.2752631163706689,0.2598947409770749,0.2200230735386961,0.228398013983246,0.23247995049940362,0.21896229674821494,0.20861330046710916,0.20799344796524527,0.24978912407143652,0.2292168735824934,0.2758485934766407,0.2036952845535122,0.2655666924802563,0.2184595008587088,0.22830439018970422,0.1836833799241086,0.19474847498250547
35,Canada,1.53391695,0.21369032471034263,0.22655878140918992,0.21945664892966119,0.21846251219249754,0.225152747711541,0.23139746871609668,0.2377937354395562,0.2373524483132121,0.2361484531016627,0.23928167416928645,0.24246279839423404,0.25771710656631597,0.24007175046148446,0.2432811788868608,0.2641382022046029,0.2389642634895794,0.24032697224038574,0.22432479325910082
36,Switzerland,1.733826637,0.23747433185456218,0.23086092704083871,0.21870360703735656,0.21092546379239352,0.23207933401276204,0.22030832101560385,0.21847573361385306,0.22861010386017178,0.22783000800034925,0.2328694339712159,0.22845851334597386,0.2539233311874443,0.24488274629364146,0.26923605729689554,0.2654131720321537,0.2535173020167355,0.2345545333431462,0.22495755611064122
37,Chile,1.318496346,0.2281055734854946,0.23401464838867211,0.22451719395418587,0.2435789903889747,0.2541323314728237,0.2570230606198568,0.24417851171943267,0.24208670242760483,0.24642563070047738,0.2627902234984752,0.2536679517437603,0.2539617884170193,0.22722536869409563,0.23470138874014762,0.2280563049631938,0.22361045847151867,0.2003442025653553,0.16461939860926336
38,China,-0.582765877,-0.3276668165364518,-0.2893713505135235,-0.15359096783670168,-0.2159550191321114,-0.19504062225415952,-0.18252896975970598,-0.24914114012811955,-0.26824794830608023,-0.21658106227195195,-0.23763987702517225,-0.27715168466251844,-0.2769228780187403,-0.28017588911296865,-0.25372965425768546,-0.13732469129008432,-0.1801076314169131,-0.2413746872263402,-0.15482488341007225
40,Cameroon,-1.02413702,-0.27033614884001733,-0.20026219153880784,-0.25365912844908706,-0.23405289124571468,-0.23249907783569143,-0.22752696429522,-0.2138619303259613,-0.20926118052843098,-0.2251009104409017,-0.25875581922334623,-0.26671649776737477,-0.2496823916919187,-0.25444520310766244,-0.2221537884613337,-0.23091054650364004,-0.2214454976659431,-0.23115087246856256,-0.22660768231850173
43,Colombia,-0.023263086,-0.11033939883540883,-0.075365362588269,-0.01427115191373485,0.09264135833777397,0.24791087812903048,0.23755658805638077,0.0769922028060274,0.13714421055020046,0.2438458571533777,0.2848295618854307,0.2963673075377619,0.38758035317699474,0.3672020690732091,0.3035929869479706,0.23529337974444467,0.2057139698240764,0.28930009745783597,0.20906293366619527
46,Costa Rica,0.4414334,0.25531016152363095,0.22396573766422243,0.243425773773615,0.1565558553524054,0.18442917014967913,0.23196692886751855,0.21230000667313836,0.24009512863348273,0.24428794634650827,0.30466546470679107,0.3061578689888086,0.26893767382707673,0.2775731503088672,0.21970784037430705,0.18272491012465303,0.19949107734691454,0.22927662559735015,0.20179565444379635
49,Cyprus,1.193389654,0.2392882635097177,0.24686104809507872,0.24706349928912658,0.25850836846255915,0.2696761257946492,0.2770058099521072,0.2754176300673262,0.2877428126094684,0.24926564627768255,0.2277089900654106,0.18443935586650528,0.22154402115829053,0.21422174772508068,0.21244144808437926,0.20816793745429343,0.17642118853574468,0.20463891160829983,0.2034292502890736
51,Germany,1.510943174,0.2196032158003073,0.2148796253047295,0.22153749765569358,0.22940441381780696,0.23631424651279284,0.21770334207423783,0.22173434217708876,0.22966428768503241,0.22647402115880122,0.2235811045979943,0.2258120390999792,0.24813951163113065,0.25124013211248075,0.2652370153282475,0.26043801964954094,0.2576092653400498,0.25173197349553417,0.23209891692641602
52,Djibouti,-0.669195592,-0.2417093582783273,-0.24638051350415502,-0.2797327551376234,-0.2779645334735184,-0.25808241086631073,-0.23940668511386978,-0.21852967007275698,-0.22376903899999281,-0.19507765823772433,-0.1509756070917146,-0.1798520377619895,-0.19039291561517802,-0.24218105901379205,-0.24462154101031494,-0.2231287853294631,-0.24039337323101373,-0.2656553356910284,-0.27843122499997547
54,Denmark,1.711368322,0.23229743887875096,0.23443315330382888,0.22115817469106444,0.24177694309026415,0.25830458963224456,0.2511909379418046,0.2518617907738381,0.2512186984242916,0.2545403917078865,0.24120495383784454,0.24135591811059184,0.22537763074630487,0.23189707830957906,0.21078066786523075,0.21710166927751332,0.21921363471955604,0.20961183755687332,0.24083315277985867
55,Dominican Republic,-0.256923527,-0.46156206992841725,-0.5282272363057646,-0.46407458851723377,-0.27605193322442856,-0.2640306397018089,-0.1908450924143909,-0.19326227765814027,-0.13723763377324893,-0.20502027136340611,-0.07317498018934318,-0.024992484473982828,0.03943259313302556,0.0356097744904611,0.00034244068730968996,-0.029356545763809853,-0.020002927623297376,-0.007890050218437639,0.04345401739143271
57,Ecuador,-0.729014635,-0.17640470377588952,-0.17039611913092614,-0.1894744653050913,-0.26773445868559775,-0.2770197781481608,-0.2747320106209337,-0.3068044393119806,-0.2738799797033653,-0.2330171730212911,-0.22991031248996133,-0.20408749099155316,-0.22423106434016038,-0.2724535380163144,-0.23072018342407913,-0.24468012774176717,-0.2122198209654257,-0.19018308230142492,-0.20804423292259333
58,"Egypt, Arab Rep.",-0.456903666,-0.24060421211405553,-0.23837950290599005,-0.18963234008960483,-0.17066598611883185,-0.13275043116516438,-0.0844024233746787,-0.07443286638149633,-0.06178308952293554,-0.10336606404398678,-0.1614049256339572,-0.23333602634740885,-0.2876656461891931,-0.3244382327376421,-0.368994644931823,-0.3327966550131728,-0.3302684796542883,-0.31098880466438594,-0.23280511713619825
60,Spain,1.329032183,0.28547553388984354,0.2860105155197708,0.28549126706649897,0.2575348210289081,0.2659849173186426,0.2746602882807217,0.25981256337357667,0.25349545360987547,0.23216590264974787,0.2073057047613329,0.20413770467678638,0.1633779000758167,0.17584646457188935,0.2199879461208412,0.20593275303909778,0.20730694423352242,0.229481809973979,0.1682832339436302
61,Estonia,1.263140082,0.19033312837789215,0.19864980264292573,0.20214787045335178,0.20970386160695384,0.21441790947675252,0.2250486711941674,0.22574995421567717,0.22502204351734512,0.22455439906647118,0.22860144333464358,0.23329524022331494,0.27079912359795827,0.26976708265617066,0.2747574350408504,0.26585479935336265,0.25133954148285936,0.25767251906828326,0.24959698080152676
62,Ethiopia,-1.232779026,-0.26862845366851407,-0.23046307203947763,-0.25930364187915866,-0.2389929805966378,-0.22838765476323114,-0.20896901887527666,-0.21659090210242332,-0.19711006720042096,-0.23123201508996216,-0.24404142331099926,-0.2639429828639156,-0.2506363132526916,-0.2408850557600136,-0.2556565237261798,-0.23603747901908548,-0.22578999948243322,-0.2085660676953529,-0.22290608938281362
63,Finland,1.815653443,0.2415822558990671,0.23551163267613995,0.21979125758438098,0.21188534077749324,0.20488275260669808,0.2130906095759279,0.23935146610021096,0.24776994624711104,0.23986344596244072,0.2409559682285522,0.24361251439748416,0.24837259651967544,0.24226321375788124,0.23999998756796195,0.24047830111928672,0.23606014875042436,0.24466452682365863,0.2461065163019536
64,Fiji,0.14991577,-0.1447311456109701,-0.3723314230512946,-0.20452664131423454,-0.19649557094453632,-0.19059877085076124,-0.3589632419826981,-0.4973333820325084,-0.2889612415632701,-0.23112221840720065,-0.30083268254370676,-0.26920325386063115,-0.1311112797217502,-0.11168524465192153,-0.11173296408162042,0.04039480068153851,0.0270156475805534,0.02503476400256112,-0.04934006453869767
65,France,0.975888848,0.23746466807122263,0.23766004673854352,0.24322751029288778,0.24222332149480133,0.2515511889069804,0.2509037776104954,0.23731586920113526,0.2559654321080943,0.2258554426592781,0.2196293184335051,0.2246543614711013,0.20984019538951612,0.2198417684864214,0.20843055356412954,0.225648652069602,0.22563507408576713,0.28108491749982056,0.23423813770590807
68,United Kingdom,1.708124042,0.2261722569778161,0.2369523704598734,0.22142009944305052,0.25253963484761344,0.25640445049223565,0.24503982794899065,0.21708475427388138,0.2375252787295777,0.22638748618673435,0.2248043718698325,0.24172095555209583,0.2497423750425992,0.25265400707541763,0.24124646631158558,0.23505109175059588,0.2437727506842545,0.22295576332607867,0.20385982425692242
69,Georgia,-0.736232042,-0.20273802274272046,-0.14367400506364517,-0.1985997878320981,-0.04222266496247358,0.09809665436896528,0.15622844553133625,0.16711673401333993,0.19268633427563148,0.21403122494086793,0.2181388797878448,0.2383961959517806,0.2496368518243718,0.2514815120001052,0.28538600188880187,0.3143550175738252,0.3410552830242955,0.3394038732030793,0.3322318540369247
70,Ghana,-0.508185565,-0.3965156811014229,-0.5366795448898163,-0.25886293273477756,-0.15202305744980352,-0.15808030712532994,-0.15714759517543914,0.05250315151284315,0.07557631447485433,0.11533168805238386,0.13902390305947745,0.08723744874182161,-0.06728071503906534,-0.1279540310998522,-0.4081910955393631,-0.24275892649599823,-0.18705583255165173,-0.23969944855707337,-0.1653490863368356
71,Guinea,-1.113725543,-0.22856311532063067,-0.2386905732326011,-0.24434332795566946,-0.269325672041794,-0.27974680381926725,-0.2747062802940308,-0.2647129156644828,-0.24970739379959708,-0.23615486458540277,-0.24022015430058746,-0.24134794721120395,-0.252010837044843,-0.20724220849578026,-0.20696989357345053,-0.20019323563799518,-0.18683491615856287,-0.1875067723544336,-0.2030635242999508
72,"Gambia, The",-0.527075648,-0.21355709817298563,-0.23315845767040044,-0.27667888475534025,-0.2178866820734175,-0.2184559383739384,-0.22205190348018938,-0.18567985956838684,-0.21637870226947561,-0.15849462624137373,-0.11609933289661746,-0.17007992229032168,-0.22462504494767474,-0.2527121648822724,-0.25700802515571447,-0.22291291368733457,-0.2970929983424911,-0.3157141284379479,-0.3348855128169553
73,Guinea-Bissau,-0.881491482,-0.17071770771688716,-0.23865110002850914,-0.22582213479042273,-0.19682003799293343,-0.22799359643188366,-0.24048148722040164,-0.24000069831377183,-0.2256542431205138,-0.22581988455757815,-0.24679659449626354,-0.25889081442890377,-0.24344426427797272,-0.24344651471164128,-0.2480542629878953,-0.24222944861414467,-0.24562743255247332,-0.25132665722390524,-0.2543066232087082
75,Greece,0.946032047,0.34853113333351765,0.29521344207979205,0.33843356155892584,0.3028099044739919,0.3157453467995963,0.3110424121100009,0.29475343626138023,0.22693612290565338,0.17381277822076166,0.1842797686817533,0.2217804841445475,0.11514628005566013,0.14321649620279053,0.05097528781168958,0.08340833179992475,0.1454801644804679,0.18638397835828924,0.19425971394906497
78,Guatemala,-0.165764809,-0.2778760474570736,-0.17984637445169746,-0.398026883859546,-0.25059951085373183,-0.24278143741123673,-0.20027130972742552,-0.1720596672602858,-0.13686671050106541,-0.16814658083293685,-0.20898194665856634,-0.22814129414848763,-0.2258984109285004,-0.24440870729762038,-0.23001451504649573,-0.28145080126168154,-0.22153256632602714,-0.25408439558929957,-0.20324503835781677
83,Honduras,-0.536085248,-0.341134363197005,-0.24698689984699657,-0.3594789748455938,-0.26312876033744964,-0.16253832525393194,-0.18197234385138103,-0.17830267455311039,-0.14176551328628828,-0.087888415949244,-0.1178690883404053,-0.11360970312311858,-0.23475658169479885,-0.229443334928755,-0.29951247223161476,-0.2501021588742865,-0.2539722528520533,-0.2774709641890112,-0.27696675811602817
84,Croatia,0.294281095,0.2637193180616146,0.30088503783765136,0.26883093501184685,0.20657724990233667,0.23271213409132874,0.23416373085010908,0.26714868590492474,0.2768824292695273,0.25052778343580134,0.20014033678887808,0.20908758390682425,0.15644835521782222,0.14294017620459737,0.14047418732521544,0.17636374383198034,0.28233387089777273,0.31834044773830866,0.21123457637340784
86,Hungary,1.259091735,0.2809661769907321,0.29330761272108985,0.26301532451245696,0.30156222598788535,0.3028386527760988,0.29481143941304766,0.27164957606967266,0.2547242828875568,0.2580115089421101,0.2465908827112005,0.22597202499897567,0.18780555477192737,0.19134581828138764,0.15057831788769122,0.16266384263214384,0.14389959456891313,0.15105640549948124,0.1209373160824178
87,Indonesia,-0.742287338,-0.535125738604653,-0.45463537279573124,-0.3997224507597894,-0.2447928773615586,-0.24009473384492597,-0.21439012610916364,-0.1944368483198188,-0.23531801909574765,-0.19165272652177676,-0.1370737441179331,-0.07616088990623537,-0.0051645260959263285,-0.08717365460837183,-0.013350028872481347,0.025790656911701258,-0.00605964018333269,0.025357377345973212,0.14137605957167065
88,India,-0.381400049,-0.25602302812000355,-0.2536745866566267,-0.19581885636968507,-0.19006660272344378,-0.21046166505597386,-0.27749933246205166,-0.23449010332864295,-0.27537187705876215,-0.24362843547657798,-0.32260998537166113,-0.32073770539039814,-0.31871279660520296,-0.2721552634229911,-0.2017687653568613,-0.16155866838612537,-0.14252813412705612,-0.09254304680175322,-0.07664498947481495
89,Ireland,1.719497442,0.22430747307255006,0.22182345642752785,0.21061964903302335,0.26003205583698685,0.2619814544555495,0.2709616442871807,0.2400568906522985,0.22908771587625731,0.2257427894648698,0.22136654318871476,0.2228069893200033,0.24894688922653552,0.2567666902048949,0.24599478885482876,0.22409146944653174,0.2302493028010146,0.22653792448386914,0.20920331578896809
90,"Iran, Islamic Rep.",-1.316698909,-0.20188817778086543,-0.20928037690899243,-0.19324489926239338,-0.2330526142260518,-0.2627670873455231,-0.2644339774247687,-0.28063374355794773,-0.2811964469573917,-0.25026246954387243,-0.2346031277004199,-0.24521278911443578,-0.23978050081545063,-0.21623270156701369,-0.2030368246284605,-0.19752040160496023,-0.22674018527383774,-0.23457627898937095,-0.24137367004418325
92,Iceland,1.505573153,0.28637510126146576,0.2833365025476782,0.2815114540559136,0.26822460338375714,0.26528060804509546,0.23030043681623683,0.17810778051541634,0.16175400429969178,0.18481614241017016,0.19556463860671702,0.1990462210662962,0.21309325037518798,0.22298642027264368,0.22373998049613184,0.2512514017711715,0.2484749574731904,0.24094119787370818,0.25511730424913154
93,Israel,0.919349909,0.18459449577225903,0.1666595880767568,0.1756543498592791,0.20327134069900107,0.22435362794671587,0.23876081377807318,0.22403135185464257,0.24764104639425807,0.26728583730198113,0.23873452050232954,0.23633861628198982,0.24690624164010838,0.25849469103494616,0.26689909147743535,0.258831668929878,0.2537863070339256,0.26079929755081077,0.2537550078351804
94,Italy,0.90430069,0.2890809496590611,0.3000619694589189,0.2756319759390676,0.2702510274910068,0.26014648353640246,0.26971507654956456,0.26740803462271423,0.24743215222822415,0.19732388262850323,0.20599596426529845,0.21550199310323032,0.1765280534754675,0.2004821700011893,0.19557666999898066,0.1942358273742714,0.20042831263217942,0.2637162038147894,0.13918089804809342
95,Jamaica,0.235489205,0.2855484028850091,0.2017865142935356,0.22062337719226424,0.29037865147850983,0.3592572527705993,0.334022343001154,0.2911387733650287,0.311648389166505,0.3267837397222251,0.23523510320903956,0.24583076746901458,0.09807991434480794,0.04232164859112585,0.14189301071049043,0.10119720276823566,0.1870893503320742,0.1311502977808387,0.07538317643482374
96,Jordan,0.024381734,0.20448696065772348,0.3159048386601154,0.08380597858618324,0.3490763671357245,0.3376630555191342,0.3606765856417507,0.3033146916828172,0.245966511778392,0.33240719153506526,0.2474466151187911,0.17738705796645626,0.10620191665672729,0.12096010448756404,0.08361006826622722,0.10106188774144939,0.046076752668036625,0.049634117984640125,0.28638558969993466
98,Kazakhstan,-0.693716347,-0.33524936371145825,-0.3929037973261326,-0.23373363337288117,-0.285350447380311,-0.2916668159422813,-0.2446828570060531,-0.2229754943150557,-0.2353017402448607,-0.19564755824177546,-0.32464165878997,-0.3119269791183335,-0.1987559898497646,-0.06180104437068516,-0.12611906215534666,0.13953058927844733,0.08789150052271952,0.09882525343347381,0.09997946092168185
99,Kenya,-0.17692107,-0.2537291934743633,-0.21235602151047117,-0.2226789367791504,-0.18496146715817463,-0.2456004918509197,-0.2141776786269671,-0.13771282109983748,-0.10538532740200289,-0.1860670584531098,-0.2452734114448041,-0.2520393128104439,-0.26917574648372744,-0.27056981601837193,-0.26895792311893923,-0.20403369637125118,-0.19713859754211605,-0.25145625576248565,-0.3878631032150381
100,Kyrgyz Republic,-0.140870079,-0.2124096914174172,-0.2037829766550616,-0.5275780489822718,-0.34333483461166914,-0.2181550639784924,-0.1834000561485321,-0.17437663126741884,-0.13680045426433748,-0.11707638175964316,-0.18034996967826347,-0.17052161508178035,-0.23560643537902634,-0.26950432571523486,-0.19178925970978195,-0.18807954544857292,-0.18387105400160297,-0.1822096777251209,-0.210163926531686
104,"Korea, Rep.",0.752522349,0.17758090751081945,0.19644633255567376,0.1991919834810199,0.17828795924937665,0.22777069887090587,0.1795841126057809,0.21013634651012728,0.22722451220589684,0.243040135204329,0.21411606416301027,0.2446035271663209,0.2805847548505536,0.2743818591036429,0.27485525223649243,0.27291723098848336,0.2724186785875245,0.2642719805971936,0.2562273938145731
106,Lao PDR,-1.203962922,-0.3140061271998325,-0.30197179830853127,-0.31044191799336046,-0.29702930047149606,-0.2753114963607092,-0.2635817024702292,-0.24890459563721992,-0.23571971524952617,-0.227074388527645,-0.19305599488185562,-0.19905965000080364,-0.20432566783474265,-0.19159926314358683,-0.17149764854557398,-0.1700310026756462,-0.18289711946482168,-0.1682363427860119,-0.18928649012101198
112,Sri Lanka,0.124769226,0.03687304526863383,-0.08850304852312114,-0.4495105067477057,-0.2893428441759754,-0.3153240538048279,-0.4089622465441698,-0.31313689636971953,-0.26350039433795386,-0.13945320545601958,-0.13349713004251224,-0.17648882087087595,-0.11567377900160186,-0.05037205908545502,-0.10887876094570967,-0.15476525038091332,-0.21726356451240647,-0.23122452279317735,-0.22372350068010358
113,Lesotho,-0.464417785,-0.2328487271940065,-0.2437301126877267,-0.2598052318541813,-0.27396381733334807,-0.293952176183556,-0.2749512129377846,-0.26666226745887034,-0.25856670701410206,-0.2618580432028768,-0.22196858909682396,-0.1541896642996202,-0.18225160889914382,-0.1820498351232824,-0.18442303863135576,-0.1508364141581593,-0.22173335719146323,-0.24195910052671496,-0.26721772041691283
114,Lithuania,1.077029228,0.22785976485263812,0.2322173495697803,0.2055564667865925,0.2135812171096694,0.22165813291896364,0.22871178123020863,0.20888621910867577,0.21070436682756855,0.2033172290995234,0.24529680084932798,0.25171766327314343,0.2608819410175603,0.27925797902846106,0.24859629769854227,0.2532790393208475,0.2415254614012052,0.2536232414652824,0.23935152186545883
115,Luxembourg,1.864336729,0.2447641383485178,0.24416746080530133,0.22423770333166312,0.22919988563515478,0.237786864318068,0.2268960798861259,0.22488433241152897,0.22906848147814265,0.2543951395769375,0.24083406980613004,0.24235186513099505,0.2223810306098483,0.22623984227302119,0.23523618848171113,0.23117376976313728,0.24031107980791286,0.23242418897794045,0.2528832334369634
116,Latvia,0.883539677,0.21813838379665285,0.2108021261037949,0.19994900759397835,0.21350557627773595,0.21831786988417512,0.22096105525728912,0.2109625458215535,0.21230565093754383,0.21833149812688868,0.23107622353900978,0.23712989997312672,0.2667721663216089,0.24794301907383803,0.24620166512511077,0.2635128277092983,0.26088331173525797,0.27232448146429006,0.27227730004169787
119,Morocco,-0.078193411,-0.3521011364559021,-0.302292476290644,-0.5406467910212844,-0.2628176496082006,-0.26681236281459764,-0.19665331732781421,-0.1118891241264707,-0.14772912115200293,-0.21824367879786494,-0.13696569045069554,-0.11250429662862711,-0.03449172456010671,-0.1006379806840042,-0.1798361113918061,-0.17770168427004035,-0.30421239515837695,-0.17426407499418908,-0.04325133485693933
121,Moldova,-0.403108656,-0.43222327654944365,-0.4535855352107612,-0.4853964740714349,-0.36676937579995117,-0.2991211716458827,-0.21261125485010304,-0.15215254143888166,-0.13967951818209745,-0.10852996588542634,-0.12215118268521465,-0.09036995804139676,0.01566754970529919,-0.06814711872024387,-0.13033746576067545,-0.03671228317883757,-0.021835298541371062,-0.037427597026726975,0.002599339126263209
122,Madagascar,-0.29750821,-0.1327132388762102,-0.15250660220362436,-0.11591299504134689,-0.0993467608750135,-0.11387791130529674,-0.14802279100616417,-0.2157515798375542,-0.2399160477926894,-0.218844925341927,-0.22825536862936843,-0.2611567085194473,-0.2839881566104427,-0.312710884866367,-0.2873027586341951,-0.28567860261637723,-0.3053225483081992,-0.30591242503930466,-0.31502814252688616
123,Maldives,0.939704359,0.48319820039797484,-0.008038977311288376,0.26934803157322484,0.21193364701222753,0.029402169776046278,-0.19486612002660467,-0.1986430305832497,-0.20020474830119575,-0.20057571054108825,-0.20947187550646496,-0.23833220238003228,-0.19521585955006493,-0.21836661154858591,-0.2473906139959701,-0.22047817695434171,-0.24784444752892007,-0.2587350802197526,-0.25636764579985544
124,Mexico,0.438464433,0.2829551239774808,0.3461218123118415,0.13581836882938442,0.29249505470300546,0.3106703395262612,0.2637116499338551,0.14990929950841975,0.13190063165800164,0.15555742978202008,0.3532894646407292,0.3527933748924506,0.3032544415250028,0.24490127995796754,0.17528305075218967,0.1639448005949854,0.08077174667743185,0.025695337204641296,0.002155067018995284
126,North Macedonia,-0.161741629,-0.131358772250614,0.01560091287744073,-0.17624941972776148,-0.07100183464297491,0.0321877274251583,0.0905593027357664,0.14765362980589009,0.18014320837169834,0.16347488463597667,0.2002688605129506,0.18753982728025517,0.3197597703275399,0.28323195143544727,0.297313621950234,0.3445718288385239,0.3976642429090204,0.34298261616380765,0.33990823557799293
127,Mali,-0.578485012,-0.2540115362733057,-0.23203437633059865,-0.24621574678518934,-0.2018636260900031,-0.1716820439051496,-0.18662869691980763,-0.1798226286512163,-0.2128572680383133,-0.17807121806562853,-0.1879084908918723,-0.22851954220454704,-0.2789021939687427,-0.26995209420680233,-0.27666318044445676,-0.2642957072136358,-0.2575388282133001,-0.2676157520310032,-0.2899617186207905
128,Malta,1.060881257,0.22326219981323878,0.21855927931959732,0.20606897291909795,0.2166688580253874,0.2224119653878354,0.233599037800445,0.26517357153866894,0.2776428649228621,0.2593202087113591,0.2567924416938051,0.2508450871987291,0.20957486045540413,0.226295070791068,0.224152444909172,0.2488185551126809,0.2594983457301553,0.1853846050309946,0.23755491312814844
131,Montenegro,-0.2365712,-0.2965840084149194,-0.0746180387324279,-0.11849206300886667,-0.49091475181333666,-0.114062459819614,-0.06302779311149542,0.026209831036843056,-0.006484443639996892,9.008288928999076e-05,0.030769119039819097,0.08365586727813165,0.1565196602952826,0.2159166040639035,0.2180821392873957,0.3006751293229705,0.36028512990724315,0.36553807564847207,0.3914951004237253
130,Mongolia,-0.10322991,-0.42903847035490206,-0.3788714470770317,-0.37611129057447434,-0.24585916019970902,-0.21710187570839531,-0.26856408326660663,-0.2341914003309431,-0.19738195174418394,-0.1820990175753615,-0.1655350096839107,-0.25442636615351794,-0.21235497914629323,-0.2676935069097822,-0.06364744862878652,-0.08478540676821945,0.0313373434029009,0.03115115013055107,-0.046580526753018554
132,Mozambique,-0.414853543,-0.24053007792157105,-0.19191454807673608,-0.2883275089639172,-0.2438189328352442,-0.24767851460728751,-0.19941839691844213,-0.17002937134743254,-0.17632716432280374,-0.18397616344577156,-0.18113469747357364,-0.1623684924600426,-0.16950437738209234,-0.21108986063033508,-0.2873366985778186,-0.2937535882526307,-0.30366400833323526,-0.29646650053601953,-0.2938555785268588
133,Mauritania,0.172739282,-0.05442363266891829,-0.05073841543103222,-0.12746822612355768,-0.15789446326912837,-0.1671964964192125,-0.22958036355430428,-0.24085588183094286,-0.28529277395299424,-0.27107884908559504,-0.2207619761294357,-0.22714878983800807,-0.28178703909185376,-0.3016774329289809,-0.2636119433441891,-0.27232483270882535,-0.2871566562695062,-0.2738466640475911,-0.29645767110050564
136,Malawi,-0.532408297,-0.17080618282340576,-0.21515801787881034,-0.1763496286615992,-0.20198062105409761,-0.17587679557907382,-0.18774437792644533,-0.16929198553861569,-0.2205866948006009,-0.26104749292110163,-0.24665662990998155,-0.23531730551755245,-0.2836465221349941,-0.29240386134543345,-0.3015346112634868,-0.26824037705165793,-0.24598220952269453,-0.2540137461897448,-0.26630228424636393
137,Malaysia,0.520823359,0.24026135180173094,0.1872237003741323,0.2577297903831786,0.21781773874005297,0.20474106693334154,0.11643724303721842,0.10951413940207291,0.24814949739039935,0.22212053057121842,0.19371695588570095,0.23051341692027796,0.3244643741124325,0.2908337384833956,0.27296930363344746,0.2766899466738228,0.23733146633591568,0.22626422254024564,0.2754116777294027
139,Niger,-0.772763193,-0.2696705082833931,-0.25258254630469296,-0.15228827068502565,-0.2043453580530233,-0.20611006192578868,-0.17174827502937512,-0.1939775338076853,-0.2085729276111351,-0.20968216201369425,-0.2250552023024268,-0.21530070521734812,-0.2747603384489821,-0.2806914903112717,-0.26247879365418336,-0.2624161531243173,-0.24621960347177593,-0.26141863736336235,-0.28887609695670796
140,Nigeria,-1.178755283,-0.3225968750672884,-0.33902821958192275,-0.20789040598330344,-0.24849134298506872,-0.2346971647286125,-0.21391404327525304,-0.19935160030782484,-0.1949692653554088,-0.18344622905113006,-0.18961756083056164,-0.17878704311533858,-0.21965800054118736,-0.22729671199982382,-0.24433238649122538,-0.23646373166361143,-0.22662878048713359,-0.24268292482348477,-0.26471514281620945
141,Nicaragua,-0.489535064,-0.22969132740217887,-0.16895841595192618,-0.21740044750083298,-0.2082070294601507,-0.22009424353186519,-0.20580502649495414,-0.21254337949804458,-0.14762275703685088,-0.17260666972052882,-0.15136919184780512,-0.15039266234248677,-0.19962332874708544,-0.19575211643805351,-0.25304700221519155,-0.33205547454646633,-0.3484214799150213,-0.3406366575840997,-0.3241928112762606
143,Netherlands,1.819209218,0.22495641796773566,0.23117483616912515,0.21656919499161734,0.220300455030905,0.23572809945158635,0.23241305400396126,0.2221923608916545,0.2263854261474384,0.23630406040535096,0.2285357669096101,0.23055369046781676,0.2308427478942629,0.23490428586477183,0.2583489193297253,0.2678074342021044,0.26429192150945313,0.24348616994582056,0.23026636561368577
144,Norway,1.220713973,0.1971324063029092,0.2169835788549425,0.22290277221603955,0.18407393439835595,0.2004795485636589,0.20698199665139652,0.22085973555199018,0.2279506327388295,0.24166775315197858,0.23213499630619017,0.2498755025321288,0.2473383357722439,0.24153914351112196,0.25551982759508013,0.27309536628665987,0.2698237435438215,0.2717714370746886,0.2567738446001909
149,Pakistan,-0.877513707,-0.2879035819092736,-0.3650641558345909,-0.22309327531358114,-0.16694505981902083,-0.1869540357837008,-0.20844427442868135,-0.20323275219091327,-0.21343297716974471,-0.22542365957709978,-0.251318765673403,-0.2453236941498918,-0.23959462470321552,-0.21899033307712057,-0.22552995671146014,-0.20752097305302789,-0.2231411454569638,-0.2295939477365938,-0.25491828533015726
150,Panama,0.520487428,0.18518835635681408,0.14220846189960096,0.08764885633860314,0.17170169312608724,0.21716217751234923,0.3866287626680878,0.21762134314913953,0.2589242688261958,0.2929985529728961,0.25688918435007446,0.245414762044041,0.26152881749442297,0.2526271455760065,0.26173125896291505,0.23962464906835787,0.21673193435684507,0.21540321308652602,0.18356276212782374
152,Peru,-0.03976579,0.0716294848054448,0.12815187814125875,0.004441645308451188,0.04692204441124688,0.14954464388376337,0.20127465588098997,0.2299163002746507,0.24633287669956289,0.2538654670680894,0.2738127220244692,0.25478649984560175,0.29739489994689805,0.2837678849259354,0.29975763144866036,0.22774387525447753,0.2842704976650215,0.3335521281096372,0.3044907185759346
153,Philippines,-0.157630756,-0.16955880924623945,-0.5711508167343345,-0.33364336884259443,-0.29692338374487537,-0.19621311237289765,-0.12235073384193358,-0.17396583124876297,-0.33275132574198435,-0.2488386080325409,0.0626149815353549,0.03578320751532331,0.11950146209199226,0.10938216614286486,0.18990075823386432,0.21755140917084034,0.06310559380122796,0.17712331612709817,0.19744780447570967
155,Poland,0.650061429,0.181440254902211,0.19811878962322138,0.21217458005925893,0.1832100073432552,0.20072103528879282,0.22046391606376783,0.2550275919174175,0.26717974245345166,0.2503166726317622,0.26019105467388937,0.2748715964119532,0.2776659259888848,0.2521833150554232,0.23892552671477255,0.21288471925229865,0.2304974469751097,0.2668635922665319,0.22487661580749493
158,Portugal,1.247205257,0.29952657527301224,0.2909183082594852,0.3134669979165222,0.26094595686937644,0.264983850663234,0.26967457160480035,0.24245042356425808,0.17592030053808658,0.15232185602388001,0.20126596061173962,0.19561257624739195,0.18278053406196004,0.2334055753986041,0.20602645090195476,0.2221965015476315,0.21648129312731457,0.23719477038245357,0.2044999941663177
159,Paraguay,-0.583924294,-0.3947027290171097,-0.39021080947668274,-0.44807492034340024,-0.3642230160608344,-0.3025070682663796,-0.25492024924588286,-0.2121775755999808,-0.18747333189821763,-0.1693293088098218,-0.13546387684888944,-0.12821246825814236,-0.10646121635649175,-0.09753154205635914,-0.11400170217404726,-0.12093863950354897,-0.040067609650169096,-0.06402039472319894,-0.06496948250270637
206,West Bank and Gaza,-0.991329432,-0.4012039521940797,-0.24963363952262727,-0.415264693395437,-0.39769305089095885,-0.4699284465926352,-0.43901114829002075,-0.08206304669282408,0.08344614151063207,0.07810104939331607,0.02842500012948305,0.046690425359173865,0.0805993093238566,0.03882147194810008,0.0237370757313935,0.00812872677712509,0.006597948719526591,0.012411731870765387,0.030570514456098388
162,Romania,0.045701791,-0.023982958511410007,0.0836186293333808,0.11234502551979558,0.20442453904749125,0.23422752339239775,0.276378677384177,0.2857190818834545,0.31109046509401117,0.31797901744212526,0.26112025476127715,0.2934434355327248,0.27789768230491485,0.2689295510042695,0.2661911406932741,0.20596730937429109,0.1929083380790689,0.21241784882218925,0.16671120229150338
163,Russian Federation,-0.237842888,-0.09294152979732678,-0.06266046207916837,-0.0775204616085231,-0.24230755848652488,-0.15948292896307395,-0.21785989323070137,-0.1799000565846629,-0.19373854930526924,-0.19443146987649568,-0.21642334375011807,-0.223044244438712,-0.2511467192019216,-0.34937741050056775,-0.2699928379802134,-0.3182860657050415,-0.34213927020780244,-0.28956835980489287,-0.29201859186959156
164,Rwanda,-0.945764959,-0.4451938078612198,-0.3525055100802068,-0.5185675282286207,-0.3547365277094452,-0.35804218741850147,-0.2755686165922502,-0.17379918167313407,-0.12412515265288546,-0.09387508105308992,-0.06527027167197169,-0.015610944126390504,0.09605825832372479,0.08473805812260583,0.011359679872491731,0.05055957700575953,0.024360861181496735,0.0007064431291144277,0.00656824513265209
168,Senegal,-0.271161288,-0.27268641089417783,-0.2859288919045706,-0.23024936178509933,-0.3258468152769474,-0.35740184900530303,-0.30751893227727944,-0.2866303831091006,-0.2806985558198295,-0.2168498815071191,-0.09647035941393842,-0.06472407547149658,-0.2316585349974955,-0.18243688427853832,-0.17723883070525465,-0.157861858450288,-0.12280037103665871,-0.14436733555232897,-0.24843291704154136
172,El Salvador,-0.169806421,-0.2919700568318514,0.0004453336075944905,-0.30496515427355414,-0.08750699566609585,0.10330776562119615,0.17894506164350116,0.33651006811329115,0.4000952393337742,0.47890973123559494,0.2707497932247504,0.26939484274205344,0.2634754904504984,0.1004880391521638,-0.047405003747626254,-0.18309675166889192,-0.0045738932384418365,-0.02510454312694716,-0.08312313732897911
209,Serbia,-0.638883829,-0.46309377695886744,-0.35387471650453173,-0.47274766129035417,-0.40184110515765054,-0.3312668218499729,-0.2931097513361154,-0.13860813425961338,-0.0497441923296057,-0.012801571411169149,-0.05328100373730244,-0.04744610561437617,0.13745925720092192,0.11470144880216578,0.02595719285124354,-0.024618421362788585,0.08421255119600242,0.08468176038819922,0.07186470234244557
177,Slovak Republic,0.903905571,0.2231324696374869,0.26477597986736173,0.2753701573326329,0.26510827511750207,0.23808033877892817,0.2635308193791797,0.25612980556301057,0.24418957867165594,0.24430030009096237,0.2543855903730777,0.22673883211853366,0.21639421120856028,0.19171285192350482,0.21640085344284823,0.20085538605792305,0.19716214787397515,0.24562212499850847,0.1920205731795926
178,Slovenia,0.851863027,0.268503075912694,0.25721948381504545,0.26894569432681015,0.2420255636874894,0.24364281054645737,0.25796909999255263,0.27826197088860566,0.2312352116726846,0.210966916663917,0.19046665792318848,0.19030983754356143,0.2003009499124724,0.18948647573780988,0.1938406021776607,0.17546357220207193,0.19859128060356526,0.30667953693961786,0.2813294435816969
179,Sweden,1.590243936,0.21946823013817338,0.22753079341952348,0.20892114262427228,0.1962019221018361,0.21439040417785893,0.2229615153472005,0.2248450433326374,0.22573599309771206,0.2579016125648111,0.2589642825332925,0.2583411245758879,0.24603329161907192,0.2467158018864335,0.25230487272446417,0.24483979638704267,0.2496156944294445,0.2453656479146884,0.22999905393720288
180,Eswatini,-0.259639919,-0.17085724058658783,-0.32281912258327033,-0.26259851516025173,-0.2198220023594523,-0.34569582406834776,-0.263916698316356,-0.22369460567008384,-0.2398661204350362,-0.2465120456595555,-0.18347339571901253,-0.08921504322991625,-0.13352680300548825,-0.14580285869996532,-0.15266791965853177,-0.14781898955594466,-0.297245081708109,-0.30931462300073914,-0.28621192071037793
184,Togo,-0.785779953,-0.19007788731661623,-0.23895019649422777,-0.23285692052889317,-0.25419927089663785,-0.26974574286376946,-0.26899686953105684,-0.24255755441174529,-0.2452776469352999,-0.2816892891061649,-0.2364685787764117,-0.2601113472215677,-0.23364542125328702,-0.2331618149211603,-0.22788992824801066,-0.2259471156726386,-0.19056081830121196,-0.20118107869469676,-0.17934399963192593
185,Thailand,0.138986304,0.45964472025941916,0.28270737264874646,0.584272945235397,0.2957584506072686,0.11094173499772177,0.14484090711064612,0.15635579478065934,0.07955335140007946,0.11632705383506443,0.17661422634393156,0.16813958422214573,0.22498442562489654,0.2709151929376075,0.08020697000893824,0.02717835247118372,-0.0421210224502351,-0.014633601995687395,0.098609554751721
186,Tajikistan,-1.346471786,-0.24078740897499892,-0.2477981224705232,-0.2492830031305985,-0.24446870656654734,-0.250260479422329,-0.23804032687739027,-0.23520835666376247,-0.22327898889696834,-0.21612828414757423,-0.22362702436010287,-0.2356280541637763,-0.22915657169846115,-0.23008185598653033,-0.24365260174508113,-0.23876809230197635,-0.23601487145070502,-0.22766647433542456,-0.2294281501074545
191,Tunisia,-0.089518681,-0.007062558591830997,-0.10027471902560094,-0.0381414438283064,0.1674653494058524,0.058375790216786475,0.07691136084313058,-0.005460799627180491,-0.07639350010650678,-0.2331457790568146,-0.21228489071724607,-0.24977920966751846,-0.297085154903154,-0.32372128947517054,-0.3882444068252402,-0.30378076388756065,-0.4214817709849862,-0.32540554465701,-0.25256314372973293
195,Tanzania,-0.660840333,-0.2848838942887285,-0.23086603377351184,-0.22912383403638917,-0.18964882841359051,-0.21299031273139304,-0.25325759148523264,-0.21917140305244254,-0.21528047314022897,-0.2091558191369711,-0.19097166187976175,-0.16449248666207048,-0.16914704829499877,-0.19048472996682803,-0.2201232303321644,-0.2765743339864708,-0.29214623929005157,-0.30376754600781875,-0.31376830960450247
196,Uganda,-0.149828881,-0.14907996724534142,-0.09962519717530945,-0.2353795867914615,-0.2211789297523698,-0.21982246069389058,-0.2244686168413926,-0.16920847024345329,-0.17654247733324727,-0.15492756055144924,-0.23006696849722547,-0.24242929595149815,-0.2250474816943542,-0.2633543627808053,-0.22962874965851762,-0.21658703854035308,-0.23981903286226497,-0.3516127180740005,-0.4105219796846179
197,Ukraine,-0.624253511,-0.27937669514655883,-0.17509831140524904,-0.25712625966046077,-0.2449360727653714,-0.20622306400768214,-0.25977404167223045,-0.28141819078772784,-0.22873350174586027,-0.2837298740705377,-0.27918879997633705,-0.2947564038648227,-0.2953422001670487,-0.30146653659483125,-0.20143508380940417,-0.1342628347700389,-0.12292346362450875,-0.1019917814014638,-0.12689119934181545
198,Uruguay,0.55635494,0.1300308216677606,0.12513015660245616,0.1742881095657755,0.16734518804853277,0.15866662041251753,0.16556931336261016,0.2110463167669623,0.24998958034150082,0.2541148440610119,0.24989885551835045,0.2985829826933193,0.30188239803253925,0.2507374088861288,0.2878881275363857,0.27337118767039786,0.26376918418552314,0.2595167462859892,0.29106307879814053
199,United States,1.551741362,0.25369700673045636,0.2522930950014357,0.2598726032648064,0.2654118965834634,0.2415942346633069,0.247865100048044,0.22617200876693477,0.23353257749800613,0.23535238751449558,0.20935977283186732,0.2038596398740223,0.20643149868110505,0.20244404347255077,0.24162026436496067,0.263016539054511,0.261918371024917,0.21734499876287236,0.20183149503647146
200,Uzbekistan,-1.510510683,-0.22828445650297066,-0.25350173652147207,-0.24270137224774194,-0.2610797925221453,-0.24145545856997716,-0.21865550716124862,-0.23554282544718502,-0.24633323235667273,-0.24974876348486186,-0.2533082845642354,-0.25715593865480185,-0.27733148281116976,-0.2666398660437676,-0.26100586709278156,-0.20538330673472427,-0.1773892582275951,-0.16515073234741803,-0.15671200403004326
202,"Venezuela, RB",-0.666176438,-0.1411048990347437,-0.14993359939694198,-0.15474594013648305,-0.1700019433881618,-0.2032040829027939,-0.19310121231889624,-0.21952039321056496,-0.2199764042570256,-0.19742674092008225,-0.20333022330113065,-0.21521159054178493,-0.24487458653772842,-0.2596484415534338,-0.2795506004056479,-0.2759615476008226,-0.3329709289972321,-0.33243217769651584,-0.31607285312379607
204,Vietnam,-0.766993642,-0.27015354749447923,-0.23591438045306162,-0.254688831159817,-0.265179641897053,-0.24256614327487525,-0.2671690579859733,-0.26830873819601225,-0.2676957963230546,-0.25839271654339624,-0.2866361387746844,-0.2764216380515987,-0.255045915553194,-0.2067547774465644,-0.20456940972460644,-0.17626671326916643,-0.15287084589243366,-0.1546170543181523,-0.09476332234136481
117,Kosovo,-0.298852123,-0.1787062255880702,-0.3059781502957375,-0.14036069276089627,0.05173185166195132,0.04674417291730031,0.03992189036068547,0.0761600721188287,-0.11970279475963817,-0.18765827352698436,-0.05006452231453742,-0.05059180836806046,-0.2002800930030318,-0.372082327978968,-0.2522545287488121,-0.16940293144790422,-0.40095438730642635,-0.4635723360710624,-0.375930626275075
210,South Africa,0.733767986,0.4069187765905746,0.34380506656890825,0.3550406591163548,0.3708666132780869,0.29574409802692236,0.3261795451859359,0.2230156793618509,0.22122395374907497,0.2216375347962342,0.19793268009385043,0.18890683285263954,0.11460729922578779,0.11136764895981577,0.06457389407692661,0.07590585688435447,-0.01401456792760755,0.01143395435973742,0.01740752824241253
212,Zambia,-0.760921121,-0.2683307829910416,-0.2636228768093292,-0.3108944769372382,-0.2744671882411817,-0.2374300417395761,-0.21299631146746062,-0.22711224444950417,-0.21971904325841024,-0.19568516405036324,-0.18591230845117598,-0.2071138682962989,-0.22351722835063162,-0.19941115946911028,-0.2216231516044577,-0.20926549994300683,-0.21382950068525136,-0.24899647555646554,-0.28072925809788385
