,Unnamed: 0,2002,2003,2004,2005,2006,2007,2008,2009,2010,2011,2012,2013,2014,2015,2016,2017,2018,2019,2020,2021
1,Aruba,,,0.737520694732666,1.15323007106781,1.01727342605591,0.972128868103027,0.967198193073273,1.25234353542328,1.28188371658325,1.27358782291412,1.2846497297287,1.27805924415588,1.27684950828552,1.27396094799042,1.27936410903931,1.29554557800293,1.27160155773163,1.26436722278595,1.28616511821747,1.02860355377197
2,Andorra,1.43712818622589,1.42226195335388,1.56307661533356,1.52818155288696,1.32997930049896,1.30550646781921,1.32532179355621,1.32293725013733,1.32430839538574,1.36045336723328,1.43383765220642,1.40664172172546,1.16596496105194,1.19449520111084,1.17659735679626,1.16165292263031,1.03690302371979,1.11008703708649,1.08993756771088,1.04344940185547
3,Afghanistan,-1.43342101573944,-1.1775711774826,-1.20303392410278,-1.12542963027954,-1.11029398441315,-1.05765390396118,-1.16890180110931,-1.37549519538879,-1.40446734428406,-1.33597695827484,-1.26743006706238,-1.24006843566895,-1.13543999195099,-1.11755669116974,-1.03778803348541,-0.990813970565796,-1.01160001754761,-1.00674676895142,-1.07773637771606,-1.57088327407837
4,Angola,-1.23877906799316,-1.27261531352997,-1.28547978401184,-1.23471939563751,-1.25208795070648,-1.18531394004822,-1.11934685707092,-1.12613534927368,-1.12052512168884,-1.12547838687897,-1.07624673843384,-1.1138436794281,-1.14523017406464,-1.17708706855774,-1.14029264450073,-1.09807455539703,-0.906310200691223,-0.783404350280762,-0.802130937576294,-0.840915977954865
5,Anguilla,,,0.854418098926544,0.903781235218048,1.01727342605591,0.972128868103027,0.967198193073273,0.963811635971069,0.988284409046173,1.00905168056488,1.02567172050476,1.00476729869843,,,,,,,,
6,Albania,-0.00815020967274904,0.0703076869249344,0.00723749911412597,0.0036717876791954,0.0758899599313736,0.113008469343185,0.174939081072807,0.141477331519127,0.123838223516941,0.0623337626457214,0.0220640376210213,0.0488925911486149,0.143777400255203,0.157161772251129,0.170948684215546,0.203805893659592,0.180729448795319,0.142711371183395,0.0883624628186226,0.091204971075058
7,Netherlands Antilles (former),,,0.503726005554199,0.654332458972931,0.54846316576004,0.517305076122284,0.525152504444122,0.303896635770798,0.325717955827713,0.335149824619293,0.350018590688705,0.340803056955338,,,,,,,,
8,United Arab Emirates,-0.631543517112732,-0.912192344665527,-0.687912881374359,-0.708473205566406,-0.999829351902008,-0.906883299350739,-0.9123814702034,-0.838367760181427,-0.903547346591949,-0.89624410867691,-1.00081920623779,-1.01948356628418,-1.06136298179626,-1.11241888999939,-1.05032098293304,-1.09680497646332,-1.1269211769104,-1.14009809494019,-1.17846524715424,-1.19277334213257
9,Argentina,0.260062754154205,0.349125266075134,0.362040877342224,0.269231617450714,0.403436541557312,0.448621332645416,0.358895927667618,0.280091494321823,0.361670136451721,0.344941824674606,0.295209914445877,0.276987880468369,0.345339059829712,0.411802023649216,0.493365466594696,0.528664350509644,0.530451118946075,0.572384655475616,0.588114678859711,0.619619727134705
10,Armenia,-0.444421142339706,-0.467406183481216,-0.572165548801422,-0.591363310813904,-0.742222785949707,-0.759377896785736,-0.857629656791687,-0.876420259475708,-0.847521543502808,-0.690779805183411,-0.570491433143616,-0.588030815124512,-0.562072694301605,-0.536284148693085,-0.579242348670959,-0.560795247554779,-0.137946113944054,0.055480632930994,0.0490519143640995,0.0592041611671448
11,American Samoa,,,0.503726005554199,0.654332458972931,0.54846316576004,0.972128868103027,0.967198193073273,0.963811635971069,0.988284409046173,1.00905168056488,1.02567172050476,1.00476729869843,,,,,1.46321880817413,1.27270877361298,1.05725860595703,0.908089399337769
12,Antigua and Barbuda,0.336637645959854,0.31748366355896,0.573030769824982,0.533180177211761,0.631312012672424,0.54363602399826,0.573908567428589,0.589427828788757,0.495849043130875,0.51117467880249,0.640056967735291,0.618955671787262,0.558731198310852,0.595008313655853,0.633674025535583,0.608594477176666,0.57005774974823,0.733219802379608,0.745885133743286,0.739251315593719
13,Australia,1.40723323822021,1.44212782382965,1.50154197216034,1.50705575942993,1.38279473781586,1.3691999912262,1.36807608604431,1.38379085063934,1.41976547241211,1.45372104644775,1.49919033050537,1.43641376495361,1.36174380779266,1.35561084747314,1.35369718074799,1.37563908100128,1.38058078289032,1.26739799976349,1.30358374118805,1.37944209575653
14,Austria,1.30749690532684,1.34388208389282,1.47565114498138,1.37865650653839,1.37268495559692,1.36926245689392,1.35846436023712,1.39284467697144,1.43029069900513,1.40244364738464,1.44877302646637,1.45656740665436,1.3913494348526,1.3835529088974,1.33747661113739,1.38591551780701,1.38773262500763,1.33874893188477,1.39865350723267,1.39856660366058
15,Azerbaijan,-0.981288135051727,-1.04470455646515,-1.05670249462128,-1.12416350841522,-1.27916121482849,-1.23339664936066,-1.32513201236725,-1.25976669788361,-1.30459702014923,-1.30184757709503,-1.29948163032532,-1.4027693271637,-1.47917592525482,-1.55238330364227,-1.56097424030304,-1.56363451480865,-1.5113273859024,-1.52944147586823,-1.5423641204834,-1.53049755096436
16,Burundi,-1.16489124298096,-1.17799639701843,-1.28100097179413,-0.634234488010406,-0.723143577575684,-0.714045226573944,-0.685290634632111,-0.689463794231415,-0.942692875862122,-0.927631795406342,-0.894518375396729,-0.953051269054413,-1.04256463050842,-1.27204144001007,-1.5554780960083,-1.57584059238434,-1.67213869094849,-1.72456860542297,-1.52769184112549,-1.40515494346619
17,Belgium,1.37745249271393,1.47829031944275,1.44026613235474,1.42076218128204,1.34239435195923,1.36077105998993,1.32498848438263,1.3466922044754,1.36068689823151,1.32516324520111,1.34942185878754,1.3730456829071,1.36636698246002,1.38745987415314,1.37702023983002,1.33848547935486,1.31898522377014,1.31019818782806,1.28246104717255,1.28270888328552
18,Benin,0.0508796386420727,0.187651932239532,0.0530563071370125,-0.0299640763550997,0.362777709960937,0.368180990219116,0.344647467136383,0.342523217201233,0.314489126205444,0.16639056801796,0.124485470354557,0.155496388673782,0.264593005180359,0.294565856456757,0.40838611125946,0.381141990423203,0.240166172385216,0.0627894029021263,-0.0703417137265205,-0.237540200352669
19,Burkina Faso,-0.387816607952118,-0.309724420309067,-0.433708816766739,-0.446520090103149,-0.341833859682083,-0.307009160518646,-0.283480763435364,-0.289741963148117,-0.252949893474579,-0.280185431241989,-0.30497083067894,-0.255426079034805,-0.352517306804657,-0.114109590649605,0.0138364434242249,0.064942941069603,-0.0682688653469086,-0.20246647298336,-0.182251423597336,-0.109308376908302
20,Bangladesh,-0.43222051858902,-0.551806807518005,-0.672145783901215,-0.569969236850739,-0.451236516237259,-0.573499917984009,-0.442116975784302,-0.289043039083481,-0.268090695142746,-0.315068930387497,-0.401940673589706,-0.405386388301849,-0.473918706178665,-0.512037396430969,-0.583839416503906,-0.615031361579895,-0.747332394123077,-0.74178558588028,-0.769074320793152,-0.769644260406494
21,Bulgaria,0.52853125333786,0.545891940593719,0.5696901679039,0.594892740249634,0.577117204666138,0.69093531370163,0.57797634601593,0.560471177101135,0.531482577323914,0.450080156326294,0.400915592908859,0.337270796298981,0.366481721401215,0.432587623596191,0.402202278375626,0.429832309484482,0.356660842895508,0.355631977319717,0.261954098939896,0.29090291261673
22,Bahrain,-0.571163654327393,-0.590705573558807,-0.561549425125122,-0.743174850940704,-0.903966546058655,-0.856526553630829,-0.868917524814606,-0.790999948978424,-0.965909421443939,-1.21731686592102,-1.31802463531494,-1.31746447086334,-1.31105923652649,-1.31306099891663,-1.37202835083008,-1.38725662231445,-1.42143869400024,-1.42923247814178,-1.45399737358093,-1.50159561634064
23,"Bahamas, The",1.18893682956696,1.03227174282074,0.98453950881958,0.942519128322601,1.02023363113403,1.09843242168427,1.12191426753998,1.00714540481567,0.988209545612335,0.960108458995819,0.934573888778687,0.924448728561401,1.04737842082977,0.951491832733154,0.852161884307861,0.849594116210937,0.764847278594971,0.906194150447845,0.918854296207428,0.913772165775299
24,Bosnia and Herzegovina,-0.0870445370674133,0.209610521793365,0.168824627995491,0.213584735989571,0.187260136008263,0.131010442972183,0.0151520045474172,0.00317180575802922,-0.0824492052197456,-0.159755006432533,-0.100325390696526,-0.116462923586369,-0.0709605738520622,-0.0980892330408096,-0.131173372268677,-0.205770269036293,-0.265977829694748,-0.243082657456398,-0.321430176496506,-0.313323438167572
25,Belarus,-1.45189714431763,-1.45855021476746,-1.59736406803131,-1.76681733131409,-1.75380945205688,-1.70445394515991,-1.59331786632538,-1.54764413833618,-1.55507206916809,-1.66020834445953,-1.56718134880066,-1.54442870616913,-1.44286942481995,-1.46507394313812,-1.3393886089325,-1.35598301887512,-1.36668276786804,-1.4079213142395,-1.45419406890869,-1.58383023738861
26,Belize,0.796831011772156,0.842791497707367,0.7400723695755,0.688429117202759,0.544680774211884,0.526492059230804,0.646870255470276,0.744926631450653,0.685301244258881,0.695515275001526,0.695277273654938,0.711436152458191,0.520108461380005,0.578148722648621,0.570842862129211,0.57062953710556,0.422355800867081,0.505603790283203,0.525966644287109,0.550501942634583
27,Bermuda,1.12552392482758,1.20039057731628,1.13497161865234,1.15323007106781,1.01727342605591,0.972128868103027,0.967198193073273,0.963811635971069,0.988284409046173,1.00905168056488,1.02567172050476,1.00476729869843,,,,,,,,
28,Bolivia,0.140369892120361,-0.0564173422753811,-0.170450285077095,-0.156710430979729,0.0764636099338531,0.0422239750623703,0.0029617075342685,0.00694658420979977,-0.0392411425709724,-0.0682377889752388,-0.0815852954983711,-0.0689930468797684,-0.0263046491891146,-0.00465739425271749,-0.0363983437418938,-0.0246265269815922,-0.0666545182466507,-0.116381518542767,-0.0835167989134789,-0.109920747578144
29,Brazil,0.472238034009933,0.442828863859177,0.38860946893692,0.457679510116577,0.500075697898865,0.537074029445648,0.5689857006073,0.521999180316925,0.571348905563354,0.513676166534424,0.477906197309494,0.417426258325577,0.471947550773621,0.458866268396378,0.451864898204803,0.448033064603806,0.366284221410751,0.302300244569778,0.295445382595062,0.278196901082993
30,Barbados,1.23130881786346,1.15570759773254,1.10496938228607,0.949198722839355,1.03720331192017,1.02995073795319,0.946911215782166,1.12787127494812,1.1365772485733,1.11405873298645,1.13297867774963,1.13735830783844,1.14508771896362,1.09655451774597,1.08579421043396,1.11359357833862,1.09152293205261,1.10283517837524,1.12921094894409,1.1323653459549
31,Brunei Darussalam,-0.833585381507874,-0.776591658592224,-0.797836303710937,-0.776663303375244,-1.09865534305573,-1.06153678894043,-1.01813435554504,-0.730714499950409,-0.650570631027222,-0.610339283943176,-0.506374061107635,-0.505072593688965,-0.625015437602997,-0.754139482975006,-0.900963008403778,-0.948658227920532,-0.862689852714539,-0.967858493328094,-0.93080073595047,-0.848210752010345
32,Bhutan,-1.29027080535889,-1.14678192138672,-0.965037107467651,-1.07215547561646,-1.05876350402832,-0.872591912746429,-0.505405187606812,-0.461808323860168,-0.416917324066162,-0.404029369354248,-0.280920058488846,-0.158783659338951,-0.10293859988451,-0.0348062813282013,-0.0258919056504965,0.010953102260828,0.0348471328616142,0.0747612863779068,0.15353949368,0.225645169615746
33,South Sudan,,,,,,,,,,-1.11408913135529,-1.33308959007263,-1.44237983226776,-1.61876738071442,-1.59546875953674,-1.79807734489441,-1.82384586334229,-1.9903450012207,-1.98854887485504,-1.81501543521881,-1.72650527954102
34,Botswana,0.666893184185028,0.706076979637146,0.735869944095612,0.594607651233673,0.513100147247314,0.507903635501862,0.51350462436676,0.437099367380142,0.455533385276794,0.425984054803848,0.53296971321106,0.489367246627808,0.44752436876297,0.45068359375,0.403236478567123,0.393603384494781,0.453582108020782,0.4983911216259,0.490896999835968,0.457586139440536
35,Central African Republic,-1.00346577167511,-1.24825465679169,-1.30935919284821,-0.99437552690506,-1.01479351520538,-1.083287358284,-0.988077700138092,-1.00347208976746,-1.10421741008759,-1.08749830722809,-1.24113500118256,-1.47468733787537,-1.3910037279129,-1.22374987602234,-1.08035552501678,-1.10617649555206,-1.20743870735168,-1.2222136259079,-1.30486071109772,-1.19557797908783
36,Canada,1.49905383586884,1.54755675792694,1.66845452785492,1.50687944889069,1.41559481620789,1.38467156887054,1.40752851963043,1.40189552307129,1.35265874862671,1.38014459609985,1.43750536441803,1.4534866809845,1.41238820552826,1.46714651584625,1.44514811038971,1.47772514820099,1.49013364315033,1.43186473846436,1.47540128231049,1.45788443088531
37,Switzerland,1.42574501037598,1.45393228530884,1.69253361225128,1.58643817901611,1.51800584793091,1.50381481647491,1.51682984828949,1.55331099033356,1.58491122722626,1.58480751514435,1.64012205600739,1.628098487854,1.55951905250549,1.55852127075195,1.53184378147125,1.55687570571899,1.57994663715363,1.49699628353119,1.53966736793518,1.55418312549591
38,Chile,1.08718740940094,1.05612015724182,1.22528505325317,1.29252052307129,1.08234477043152,1.10488200187683,1.01350831985474,1.01689624786377,1.09564626216888,1.07390916347504,1.07694518566132,1.10628545284271,1.05593979358673,1.00450599193573,0.995688796043396,1.00042593479156,1.0155131816864,0.983122289180756,0.996151566505432,0.967854261398315
39,China,-1.59419310092926,-1.51242911815643,-1.4624639749527,-1.50078511238098,-1.74897027015686,-1.72125017642975,-1.69949722290039,-1.7011684179306,-1.68054747581482,-1.63760912418365,-1.63794147968292,-1.63140857219696,-1.61666750907898,-1.66077363491058,-1.55957043170929,-1.50373041629791,-1.46318173408508,-1.62804806232452,-1.6473206281662,-1.63657629489899
40,CÃ´te d'Ivoire,-1.06705832481384,-1.15452754497528,-1.21964883804321,-1.29461932182312,-1.27867805957794,-1.20208990573883,-1.167560338974,-1.0643789768219,-1.04839730262756,-1.08187675476074,-0.777749955654144,-0.751191079616547,-0.508077263832092,-0.407607913017273,-0.309734553098679,-0.284231781959534,-0.255671262741089,-0.247607246041298,-0.53070068359375,-0.471079498529434
41,Cameroon,-1.09704899787903,-1.06000566482544,-0.974191248416901,-1.03406727313995,-1.02389752864838,-1.04956614971161,-1.06779563426971,-1.04035580158234,-1.058274269104,-1.03312134742737,-1.02158093452454,-1.03689646720886,-0.944473266601562,-0.954277455806732,-1.03098773956299,-1.05175471305847,-1.13322269916534,-1.20936727523804,-1.20542454719543,-1.16015625
42,"Congo, Rep.",-0.913109719753265,-0.827222049236298,-0.964100897312164,-1.07914042472839,-1.20836925506592,-1.23399722576141,-1.15545642375946,-1.10450148582458,-1.06274175643921,-1.10799777507782,-1.15513336658478,-1.1177796125412,-1.10811972618103,-1.01698756217957,-1.16132199764252,-1.12274718284607,-1.19781684875488,-1.27898859977722,-1.28005409240723,-1.23807764053345
43,Cook Islands,,,,,,,,-0.386080980300903,-0.357333213090897,-0.407198816537857,-0.476738810539246,-0.464022696018219,,,,,1.19674479961395,1.05144429206848,0.918314576148987,1.0168582201004
44,Colombia,-0.416357487440109,-0.429242461919785,-0.318785130977631,-0.322521358728409,-0.172736719250679,-0.165321603417397,-0.165922626852989,-0.149577632546425,-0.132357180118561,-0.0597142279148102,-0.0639913454651833,-0.0812788382172585,-0.0433012023568153,0.00393945025280118,0.121845424175262,0.112485103309155,0.164173886179924,0.205496594309807,0.145201325416565,0.0997150763869286
45,Comoros,-0.344777524471283,-0.574106872081757,-0.518591582775116,-0.630450963973999,-0.221685230731964,-0.388406991958618,-0.287370532751083,-0.341993927955627,-0.42228689789772,-0.373951971530914,-0.466148853302002,-0.460561066865921,-0.29212898015976,-0.291619181632996,-0.290625661611557,-0.335756689310074,-0.500248074531555,-0.706908762454987,-0.763649344444275,-0.740433096885681
46,Cape Verde,0.691441357135773,0.59484726190567,0.649413287639618,0.441597372293472,0.782895863056183,0.863329768180847,0.937762975692749,0.891080617904663,0.894677519798279,0.970096409320831,0.938719630241394,0.916024446487427,0.955262124538422,0.942406356334686,0.974187254905701,0.964152038097382,0.964887320995331,0.952357113361359,0.917146563529968,0.939017295837402
47,Costa Rica,1.11081862449646,0.964284658432007,0.971273601055145,0.816958487033844,0.915722608566284,0.935347318649292,0.96675968170166,1.00583362579346,1.03988945484161,1.0538626909256,1.08821976184845,1.07848346233368,1.13837194442749,1.15159726142883,1.1179666519165,1.12175285816193,1.1084851026535,1.09602379798889,1.12457263469696,1.09140074253082
48,Cuba,-1.64862954616547,-1.78975963592529,-1.78558814525604,-1.8051575422287,-1.88721024990082,-1.85398316383362,-1.80063891410828,-1.70388305187225,-1.61688709259033,-1.61035680770874,-1.51460742950439,-1.4786741733551,-1.54479646682739,-1.55811536312103,-1.56008720397949,-1.55243027210236,-1.46008133888245,-1.44062495231628,-1.42017340660095,-1.42508804798126
49,Cayman Islands,1.57331871986389,0.963297605514526,0.877797484397888,0.903781235218048,0.782868325710297,0.744717001914978,0.746175408363342,0.558976113796234,0.577670872211456,0.579870045185089,0.574214994907379,0.548934817314148,0.473154336214066,0.46917524933815,0.474954336881638,0.485495865345001,0.463289588689804,0.469737321138382,0.498710453510284,0.768519341945648
50,Cyprus,1.1171190738678,0.99446302652359,0.950031280517578,0.955872654914856,1.05206739902496,1.06665575504303,1.08403408527374,1.06802761554718,1.02339065074921,1.0535831451416,1.02202355861664,0.980822682380676,1.01999497413635,1.03160166740417,1.04664146900177,1.05624449253082,1.00561392307281,1.04857850074768,0.90650075674057,0.865666627883911
51,Czech Republic,1.01640355587006,1.01417517662048,0.954461276531219,0.905672550201416,0.962292671203613,0.995283782482147,1.03275871276855,1.03304421901703,1.01486504077911,1.02266430854797,0.970379710197449,0.984533488750458,1.02669215202332,1.04277896881104,1.02537369728088,0.8802170753479,0.812706708908081,0.835772931575775,0.982409596443176,1.01879382133484
52,Germany,1.41403138637543,1.41355431079865,1.4960401058197,1.48583388328552,1.3652309179306,1.33647847175598,1.33677780628204,1.33496069908142,1.29778325557709,1.34921073913574,1.39373803138733,1.40618407726288,1.43635880947113,1.42201721668243,1.36436975002289,1.43226385116577,1.43124651908875,1.35554444789886,1.37779092788696,1.43199121952057
53,Djibouti,-0.830886363983154,-0.666397273540497,-0.784367978572845,-1.10994613170624,-1.12030553817749,-1.1966655254364,-1.19674217700958,-1.20939469337463,-1.26566994190216,-1.41113817691803,-1.43404412269592,-1.47103488445282,-1.43136882781982,-1.41282474994659,-1.37062108516693,-1.40643656253815,-1.36791002750397,-1.42368388175964,-1.40746164321899,-1.29690492153168
54,Dominica,1.10961353778839,1.0535876750946,0.985611915588379,0.932384252548218,1.00535082817078,0.997471451759338,1.03441321849823,1.01225316524506,0.982540488243103,0.987989783287048,0.946590006351471,0.966706514358521,1.06708121299744,0.878904223442078,0.899462401866913,0.884838819503784,0.787675142288208,0.868815124034882,0.876452744007111,0.82255083322525
55,Denmark,1.53286790847778,1.60145223140717,1.80099177360535,1.73960888385773,1.57163619995117,1.47770440578461,1.53830599784851,1.53825998306274,1.54195690155029,1.55170702934265,1.67411422729492,1.66627061367035,1.52460658550262,1.55284702777863,1.5414125919342,1.51776504516602,1.56157970428467,1.5451831817627,1.51908552646637,1.55789542198181
56,Dominican Republic,0.237251296639442,0.0232535153627396,0.0470070876181126,-0.0705539360642433,0.205657720565796,0.197003677487373,0.164732426404953,0.0897984206676483,0.0738618969917297,0.0904332846403122,0.124592199921608,0.115369521081448,0.18897770345211,0.154281541705132,0.181932896375656,0.159243136644363,0.117330223321915,0.180307701230049,0.240023717284203,0.301797479391098
57,Algeria,-1.04466021060944,-1.07671809196472,-0.802059054374695,-0.715685963630676,-0.916875541210175,-0.984122395515442,-0.979712247848511,-1.03841888904572,-1.02233076095581,-1.00412118434906,-0.906026601791382,-0.893353223800659,-0.813357710838318,-0.847575545310974,-0.861592352390289,-0.902943968772888,-0.999710500240326,-1.05352377891541,-1.08801770210266,-1.00951933860779
58,Ecuador,-0.0449887700378895,-0.121541075408459,-0.244635745882988,-0.363743484020233,-0.253862708806992,-0.161115884780884,-0.222304701805115,-0.250357389450073,-0.231080830097198,-0.293364822864532,-0.29611411690712,-0.252721816301346,-0.202451646327972,-0.211743652820587,-0.247136488556862,-0.172118648886681,-0.0063004894182086,0.0327429585158825,-0.0120355309918523,0.106134444475174
59,"Egypt, Arab Rep.",-1.10229003429413,-1.08318543434143,-0.947557926177979,-0.964780926704407,-1.19926512241364,-1.16774547100067,-1.21223938465118,-1.15747153759003,-1.18803703784943,-1.13998341560364,-0.765063405036926,-1.05155897140503,-1.17993485927582,-1.18993127346039,-1.20455706119537,-1.25129985809326,-1.32844436168671,-1.4444568157196,-1.48410129547119,-1.50977849960327
60,Eritrea,-1.82439136505127,-1.93292152881622,-1.90701413154602,-2.18489861488342,-2.0841166973114,-2.11592626571655,-2.15996932983398,-2.20277786254883,-2.19829225540161,-2.22605419158936,-2.20876717567444,-2.19641661643982,-2.1130199432373,-2.1065878868103,-2.17027592658997,-2.16618347167969,-2.18551778793335,-2.20644211769104,-2.06657648086548,-1.93496823310852
61,Spain,1.27498733997345,1.27055943012238,1.3236118555069,1.13140439987183,1.07872498035431,1.12308669090271,1.18532562255859,1.17698621749878,1.12254285812378,1.08586597442627,1.06417882442474,0.988870561122894,0.993750035762787,1.04484903812408,1.04162049293518,1.02147674560547,1.01928436756134,1.03772735595703,1.00795531272888,1.0100280046463
62,Estonia,1.0729513168335,1.0705794095993,1.09341907501221,0.992168545722961,1.06822168827057,1.07301092147827,1.09165287017822,1.08552134037018,1.10565173625946,1.13372588157654,1.11192464828491,1.11684858798981,1.1703360080719,1.18688273429871,1.20804572105408,1.21444487571716,1.17929017543793,1.18105804920197,1.17135715484619,1.19077372550964
63,Ethiopia,-1.22613191604614,-1.11473321914673,-1.18099057674408,-1.23875725269318,-1.19371747970581,-1.20370495319366,-1.30721271038055,-1.29824542999268,-1.34485614299774,-1.36264383792877,-1.30890786647797,-1.31302630901337,-1.28441429138184,-1.29822874069214,-1.40238010883331,-1.43252432346344,-1.16600787639618,-1.05923998355865,-1.03581655025482,-1.06910514831543
64,Finland,1.55290365219116,1.57245707511902,1.78360843658447,1.68709695339203,1.4940721988678,1.4602267742157,1.46308124065399,1.46526706218719,1.48671269416809,1.50755143165588,1.60069715976715,1.57370555400848,1.54194664955139,1.54360699653625,1.53178548812866,1.5593581199646,1.57691514492035,1.56485080718994,1.61403751373291,1.62274849414825
65,Fiji,0.0286506414413452,0.0666418224573135,-0.0370266474783421,0.0493086352944374,-0.325200825929642,-0.650255858898163,-0.70470142364502,-0.910686910152435,-1.1063551902771,-1.09306156635284,-0.978677988052368,-0.909593224525452,-0.176620543003082,0.0277928430587053,0.0285748485475779,0.122857846319675,0.130464285612106,0.0214206520467997,0.0330939255654812,-0.150340780615807
66,France,1.15434229373932,1.12266278266907,1.45645833015442,1.476771235466,1.29872286319733,1.2597668170929,1.30479431152344,1.24453508853912,1.20285654067993,1.17066836357117,1.23810577392578,1.21924662590027,1.21818602085114,1.2066593170166,1.13647246360779,1.15242171287537,1.14650201797485,1.1164003610611,1.06929469108582,1.1150860786438
67,"Micronesia, Fed. Sts.",1.02382504940033,1.03586626052856,0.786521434783936,0.949673891067505,1.06540775299072,1.05853140354156,1.08604216575623,1.07438993453979,1.05089402198792,0.99717915058136,0.977706372737885,0.996572315692902,1.11096739768982,1.13475322723389,1.1475967168808,1.14613807201385,1.11280071735382,1.14641797542572,1.13116681575775,1.10353660583496
68,Gabon,-0.526887536048889,-0.662809371948242,-0.780080676078796,-0.827001750469208,-0.950213253498077,-0.86647754907608,-0.845180630683899,-0.971218228340149,-0.865145206451416,-0.905199348926544,-0.863606691360474,-0.863369941711426,-0.866108179092407,-0.894542098045349,-0.968354880809784,-1.06027436256409,-0.966365575790405,-1.04291653633118,-0.979684054851532,-0.894207715988159
69,United Kingdom,1.28342258930206,1.33304226398468,1.59744584560394,1.44395637512207,1.37877368927002,1.3355964422226,1.32102286815643,1.30330049991608,1.28999388217926,1.29741168022156,1.33913254737854,1.32903707027435,1.27581655979156,1.297856092453,1.29539489746094,1.36325335502625,1.3694748878479,1.26135551929474,1.24682772159576,1.29843294620514
70,Georgia,-0.505115449428558,-0.177865669131279,-0.0782668963074684,-0.0903711244463921,-0.0927100256085396,-0.230410188436508,-0.256853848695755,-0.188876047730446,-0.160913214087486,-0.172698855400085,0.0215807761996984,0.138814523816109,0.2846839427948,0.274601668119431,0.295233637094498,0.264816641807556,0.220887318253517,0.168719828128815,0.0575746670365334,0.0153182689100504
71,Ghana,0.0284165181219578,0.271764487028122,0.117705419659615,0.197485223412514,0.40759339928627,0.497320413589478,0.431884378194809,0.498016387224197,0.514764845371246,0.484657794237137,0.431352198123932,0.438854575157166,0.4616459608078,0.488428711891174,0.583630621433258,0.596758425235748,0.54947692155838,0.549909234046936,0.554172694683075,0.467349112033844
72,Guinea,-1.26344680786133,-1.19539868831635,-1.27017319202423,-1.17200481891632,-1.22781145572662,-1.36868393421173,-1.42630350589752,-1.30284023284912,-0.917964994907379,-0.887738704681396,-1.01388883590698,-1.0223114490509,-0.857567131519318,-0.857851386070251,-0.760865032672882,-0.739428699016571,-0.773560225963593,-0.767856657505035,-0.918391644954681,-0.987571358680725
73,"Gambia, The",-0.670977175235748,-0.489668667316437,-0.67443460226059,-1.01584625244141,-0.896951019763947,-0.891591012477875,-0.865504682064056,-1.01221060752869,-1.07546448707581,-1.21547913551331,-1.28747808933258,-1.25735402107239,-1.26760983467102,-1.45967710018158,-1.26049017906189,-0.622011125087738,-0.222092419862747,-0.250296622514725,-0.199840664863586,-0.102891243994236
74,Guinea-Bissau,-0.658738374710083,-1.06557416915894,-0.842662632465363,-0.484425157308578,-0.628867745399475,-0.712383568286896,-0.715373158454895,-0.759196937084198,-0.822992086410522,-0.853439450263977,-1.32570588588715,-1.34343707561493,-0.849528133869171,-0.749232172966003,-0.733713030815125,-0.797392189502716,-0.68760758638382,-0.481106519699097,-0.451619476079941,-0.236318469047546
75,Equatorial Guinea,-1.62372946739197,-1.66345012187958,-1.63894009590149,-1.6835001707077,-1.8262654542923,-1.88797950744629,-1.89406704902649,-1.80686867237091,-1.86019432544708,-1.89961373806,-1.90504097938538,-1.96989130973816,-1.97519636154175,-1.99926972389221,-1.94751513004303,-1.9709255695343,-1.87539947032928,-1.87990248203278,-1.81125926971436,-1.71738183498383
76,Greece,1.0480192899704,1.15667390823364,1.19141495227814,1.09756934642792,0.965482771396637,0.983873903751373,0.928211510181427,0.891443252563477,0.897718012332916,0.820455014705658,0.700790524482727,0.687237501144409,0.618778228759766,0.651559412479401,0.66856586933136,0.658500254154205,0.732300758361816,0.812374591827393,0.966737985610962,0.955428957939148
77,Grenada,0.785680055618286,0.764794170856476,0.569066882133484,0.525194108486176,0.720976889133453,0.79478645324707,0.820473313331604,0.823060750961304,0.791172504425049,0.7851921916008,0.74750292301178,0.770249128341675,0.906164586544037,0.806074976921082,0.817103922367096,0.744320452213287,0.493364870548248,0.680547773838043,0.690307080745697,0.734087884426117
78,Greenland,,,,,,,,1.24529051780701,1.28247225284576,1.2762987613678,1.29053568840027,1.27861511707306,1.27684950828552,1.27396094799042,1.27936410903931,1.29554557800293,1.27160155773163,1.26436722278595,1.28616511821747,1.28868770599365
79,Guatemala,-0.358615815639496,-0.483628332614899,-0.324404269456863,-0.359379410743713,-0.168789565563202,-0.1712756305933,-0.201825633645058,-0.250002413988113,-0.30328357219696,-0.311964631080627,-0.356138646602631,-0.366542726755142,-0.337586849927902,-0.346393048763275,-0.290310233831406,-0.279577642679214,-0.359746009111404,-0.332797735929489,-0.376560002565384,-0.461863607168198
80,French Guiana,0.453831791877747,0.489111542701721,0.503726005554199,0.404883742332458,0.314057976007462,0.289893180131912,0.304129630327225,1.07411348819733,1.11619365215302,1.08909428119659,1.12414717674255,1.14686405658722,1.27684950828552,1.27396094799042,1.27936410903931,1.29554557800293,1.27160155773163,1.26436722278595,1.28616511821747,1.28868770599365
81,Guam,,,0.597243964672089,0.654332458972931,0.54846316576004,0.972128868103027,0.967198193073273,0.963811635971069,0.767428874969482,0.784417808055878,0.800454020500183,0.78344589471817,,,,,1.14527928829193,1.11477661132812,0.929965972900391,0.780045032501221
82,Guyana,0.542352378368378,0.42819881439209,0.0669328719377518,-0.228859812021255,0.0918237343430519,0.100955948233604,0.112154990434647,0.0926980152726173,0.0661983788013458,0.0294742900878191,-0.00228818249888718,0.0212311018258333,0.156046494841576,0.184091210365295,0.253616988658905,0.277817964553833,0.215664058923721,0.255159825086594,0.216288819909096,0.24670784175396
83,"Hong Kong SAR, China",0.190888628363609,0.449889957904816,0.562140464782715,0.620391666889191,0.508110165596008,0.476365208625793,0.447788029909134,0.479499638080597,0.51484227180481,0.574967980384827,0.63970947265625,0.725162982940674,0.535718739032745,0.514824509620667,0.377285003662109,0.428278148174286,0.440071821212769,0.126975581049919,0.0389037095010281,-0.211013957858086
84,Honduras,-0.162654772400856,-0.177857652306557,-0.340818166732788,-0.345806866884232,-0.139432832598686,-0.192796736955643,-0.294657081365585,-0.532957136631012,-0.503610491752625,-0.468656331300735,-0.469777703285217,-0.474935978651047,-0.409179151058197,-0.421742618083954,-0.438134640455246,-0.44014647603035,-0.529311656951904,-0.571716666221619,-0.61798769235611,-0.587121188640594
85,Croatia,0.55671101808548,0.623684108257294,0.658320605754852,0.452612310647964,0.48149374127388,0.517976045608521,0.467806965112686,0.48627769947052,0.476428359746933,0.521082401275635,0.540830552577972,0.513741314411163,0.514960289001465,0.555522322654724,0.525383710861206,0.479180753231049,0.437570363283157,0.45530304312706,0.582528948783875,0.609841644763947
86,Haiti,-1.18077600002289,-1.20058274269104,-1.33551788330078,-1.2315981388092,-0.712554454803467,-0.612985610961914,-0.587012767791748,-0.657142221927643,-0.711512327194214,-0.749023735523224,-0.762743711471558,-0.749445259571075,-0.791099786758423,-0.79869145154953,-0.759351909160614,-0.736969232559204,-0.757508337497711,-0.746310472488403,-0.840465605258942,-0.9521484375
87,Hungary,1.15602231025696,1.16738212108612,1.1494140625,1.17518937587738,1.01504075527191,1.04105567932129,0.965708434581757,0.909724354743958,0.894237220287323,0.836973130702972,0.749367654323578,0.737192869186401,0.553286671638489,0.559989511966705,0.40205392241478,0.536953449249268,0.478424370288849,0.343969166278839,0.391828596591949,0.404060244560242
88,Indonesia,-0.271903306245804,-0.29938605427742,-0.255447417497635,-0.121925517916679,-0.0842525288462639,-0.0198048055171967,-0.0112615153193474,-0.000997999450191855,-0.0377484634518623,-0.00853101350367069,0.0676126480102539,0.0361213013529778,0.153921663761139,0.18487124145031,0.167968854308128,0.131623446941376,0.154347538948059,0.132110148668289,0.101115196943283,0.155217528343201
89,India,0.426245898008347,0.454564899206161,0.39996737241745,0.413685649633408,0.437193721532822,0.453963935375214,0.462193101644516,0.460749089717865,0.443312972784042,0.435818582773209,0.399454206228256,0.432780146598816,0.413313180208206,0.427884757518768,0.440999388694763,0.387066394090652,0.351978152990341,0.269035547971725,0.149902850389481,0.112721607089043
90,Ireland,1.27081513404846,1.27646601200104,1.47755229473114,1.62385451793671,1.39654088020325,1.39714181423187,1.42259049415588,1.35357344150543,1.32443165779114,1.3053605556488,1.32252132892609,1.31173515319824,1.31752860546112,1.33469295501709,1.29103517532349,1.29456007480621,1.28433799743652,1.30504441261292,1.39371562004089,1.43021321296692
91,"Iran, Islamic Rep.",-1.07524108886719,-1.25318002700806,-1.23303318023682,-1.28215098381042,-1.50055873394012,-1.55446839332581,-1.56973898410797,-1.58175098896027,-1.60616195201874,-1.5831161737442,-1.60021269321442,-1.60837185382843,-1.58074295520782,-1.5135885477066,-1.34296941757202,-1.29984736442566,-1.33407306671143,-1.38690960407257,-1.4767347574234,-1.4702707529068
92,Iraq,-2.05034351348877,-1.50118041038513,-1.64300525188446,-1.30099940299988,-1.28219759464264,-1.12617206573486,-1.10468685626984,-1.02345550060272,-0.991843640804291,-1.06950151920319,-1.07618057727814,-1.05719232559204,-1.14425325393677,-1.1279354095459,-1.01554954051971,-1.047243475914,-1.00415813922882,-0.964400827884674,-1.00720608234406,-0.96296638250351
93,Iceland,1.47299218177795,1.55566942691803,1.62832796573639,1.568608045578,1.44533681869507,1.43100023269653,1.4256500005722,1.41521406173706,1.44575238227844,1.41072964668274,1.44295036792755,1.43956887722015,1.35735297203064,1.37652158737183,1.35611021518707,1.3791823387146,1.37761914730072,1.30392909049988,1.38548600673676,1.37459933757782
94,Israel,0.589134454727173,0.644292593002319,0.662250339984894,0.646124362945557,0.774156391620636,0.740543842315674,0.723265171051025,0.570473194122314,0.583845376968384,0.653309524059296,0.644344866275787,0.64940619468689,0.727600991725922,0.744936585426331,0.786671698093414,0.697237491607666,0.621403992176056,0.660120010375977,0.654493689537048,0.682616651058197
95,Italy,1.03865301609039,0.985716998577118,1.17716777324677,1.05702924728394,1.06452357769012,1.11190748214722,1.03202378749847,1.03421604633331,0.962826371192932,0.911823928356171,0.916809260845184,0.954217374324799,0.999287128448486,1.03478991985321,1.03497838973999,0.990611255168915,0.953385233879089,0.906614542007446,1.05829644203186,1.09520351886749
96,Jamaica,0.597427487373352,0.51918625831604,0.396904200315475,0.4180528819561,0.620725512504578,0.63701593875885,0.579975128173828,0.577551782131195,0.462827682495117,0.479151219129562,0.486024707555771,0.543406128883362,0.562593400478363,0.608786046504974,0.68133145570755,0.691164255142212,0.584336817264557,0.614271342754364,0.628351092338562,0.62797611951828
97,Jordan,-0.796563565731049,-0.634042143821716,-0.549854576587677,-0.514288365840912,-0.717004716396332,-0.676780760288239,-0.737368822097778,-0.784575819969177,-0.799314975738525,-0.796205163002014,-0.734492719173431,-0.806754469871521,-0.753637075424194,-0.769376814365387,-0.71107143163681,-0.720976769924164,-0.723807156085968,-0.694556832313538,-0.747323870658875,-0.799156606197357
98,Japan,1.01447093486786,1.08260369300842,1.04349458217621,1.0062769651413,0.954123318195343,0.969946265220642,0.948859214782715,1.02105367183685,1.04070508480072,1.07113337516785,1.10129523277283,1.10964703559875,1.03611397743225,0.988072454929352,0.983630776405334,1.00370132923126,0.984483778476715,0.931311726570129,0.986826241016388,1.07693445682526
99,Kazakhstan,-1.0726033449173,-1.0917055606842,-1.12852549552917,-1.03166806697845,-1.18962633609772,-1.16357934474945,-1.09226036071777,-1.07559907436371,-1.13225626945496,-1.12136948108673,-1.17672073841095,-1.24259889125824,-1.18391644954681,-1.16378211975098,-1.20552575588226,-1.24714481830597,-1.21133875846863,-1.23017239570618,-1.18357276916504,-1.13554441928864
100,Kenya,-0.679399788379669,-0.257107317447662,-0.211594954133034,-0.244842007756233,-0.13034650683403,-0.249015316367149,-0.282543808221817,-0.331883877515793,-0.218933016061783,-0.269520193338394,-0.287803679704666,-0.21225693821907,-0.145544812083244,-0.146352022886276,-0.114290170371532,-0.200867787003517,-0.3813336789608,-0.313488513231277,-0.347236961126328,-0.366277068853378
101,Kyrgyz Republic,-1.01542329788208,-1.02784180641174,-1.01614332199097,-0.88755065202713,-0.759082138538361,-0.962735652923584,-1.09176480770111,-1.01985239982605,-0.934311151504517,-0.68298727273941,-0.611097157001495,-0.538261115550995,-0.462486237287521,-0.4041508436203,-0.418641120195389,-0.430864602327347,-0.357299476861954,-0.454176247119904,-0.589001893997192,-0.605468809604645
102,Cambodia,-0.740299761295319,-0.899962723255157,-0.870825171470642,-1.01733839511871,-0.931646049022675,-0.927987039089203,-0.971139132976532,-0.913421928882599,-0.927240490913391,-0.914128303527832,-0.961479783058167,-0.980927288532257,-1.10774564743042,-1.12260866165161,-1.1053409576416,-1.1546710729599,-1.23665332794189,-1.22024178504944,-1.35706651210785,-1.43585324287415
103,Kiribati,1.09009432792664,0.973531663417816,0.411308944225311,0.0249491948634386,0.701956987380981,0.642090916633606,0.748063683509827,0.634891211986542,0.635396778583527,0.837064266204834,0.774608671665192,0.805797934532166,0.939728677272797,0.978945374488831,1.00491058826447,1.04776358604431,1.11280071735382,1.06578922271729,1.13095378875732,1.10383701324463
104,St. Kitts and Nevis,1.015181183815,0.890418648719788,0.404390901327133,1.1910754442215,1.1618572473526,1.15614402294159,1.07647836208344,1.10033774375916,1.16569805145264,1.12440323829651,1.12443590164185,1.12434530258179,1.12193894386292,0.847469806671143,1.00659966468811,0.99565577507019,0.853569805622101,0.816921651363373,0.816443562507629,0.782197415828705
105,"Korea, Rep.",0.74562805891037,0.723233759403229,0.728531181812286,0.745595574378967,0.690555095672607,0.699741125106812,0.657143592834473,0.707632899284363,0.741072177886963,0.726919293403625,0.725595772266388,0.705827534198761,0.68024754524231,0.631029963493347,0.641597270965576,0.757269382476807,0.786813795566559,0.751461744308472,0.815860569477081,0.931183099746704
106,Kuwait,-0.361814767122269,-0.39665812253952,-0.303084462881088,-0.483525156974792,-0.581767320632935,-0.545192837715149,-0.54338139295578,-0.48464497923851,-0.524435043334961,-0.558573603630066,-0.642977952957153,-0.65760612487793,-0.657450437545776,-0.663655161857605,-0.628870189189911,-0.607019484043121,-0.610377907752991,-0.65522301197052,-0.677922606468201,-0.703414440155029
107,Lao PDR,-1.7388927936554,-1.77545630931854,-1.55103635787964,-1.65545511245728,-1.73277974128723,-1.71849822998047,-1.70953750610352,-1.69936954975128,-1.67684030532837,-1.67850601673126,-1.64357113838196,-1.64945232868195,-1.73322033882141,-1.75351190567017,-1.75913119316101,-1.75141263008118,-1.7526570558548,-1.81645393371582,-1.7939019203186,-1.68169987201691
108,Lebanon,-0.662610352039337,-0.491062015295029,-0.413962543010712,-0.281063884496689,-0.387200713157654,-0.467368990182877,-0.422118216753006,-0.355243325233459,-0.331291496753693,-0.390134036540985,-0.385833382606506,-0.404981285333633,-0.420295923948288,-0.462539732456207,-0.519660770893097,-0.576119244098663,-0.519749104976654,-0.515448808670044,-0.554358303546906,-0.625625669956207
109,Liberia,-1.26985847949982,-1.44594633579254,-1.29151952266693,-0.417990475893021,-0.167643144726753,-0.142709940671921,-0.184938192367554,-0.163391470909119,-0.211385726928711,-0.256350547075272,-0.306616246700287,-0.387322694063187,-0.276458382606506,-0.230453833937645,-0.106433168053627,0.0449430458247662,-0.0278376825153828,-0.0726392865180969,-0.0657788887619972,-0.0211414583027363
110,Libya,-1.82406485080719,-1.7566545009613,-1.79518795013428,-1.85839438438416,-1.98288238048553,-1.95115220546722,-1.94149112701416,-1.91027736663818,-1.94041454792023,-1.59441232681274,-0.900741994380951,-0.97160005569458,-1.11204063892365,-1.33993685245514,-1.42839288711548,-1.44198369979858,-1.5367214679718,-1.4771842956543,-1.36011254787445,-1.46291971206665
111,St. Lucia,1.10161948204041,1.09449088573456,0.612667918205261,1.20294749736786,1.19100308418274,1.17925786972046,1.22206425666809,1.21314013004303,1.20220327377319,1.16067218780518,1.11139535903931,1.11195397377014,1.12760353088379,1.02268445491791,1.01272130012512,0.985708773136139,0.841178834438324,0.900114715099335,0.877312898635864,0.864823222160339
112,Liechtenstein,1.34559643268585,1.39797866344452,1.45221567153931,1.53229212760925,1.24485528469086,1.29765582084656,1.3171306848526,1.54556608200073,1.58691143989563,1.56395924091339,1.50602972507477,1.48697376251221,1.39577543735504,1.3876895904541,1.25035130977631,1.27913117408752,1.28554701805115,1.22971200942993,1.26315581798553,1.34089779853821
113,Sri Lanka,-0.0885490924119949,-0.0924526825547218,-0.164139300584793,-0.206795960664749,-0.310158848762512,-0.435254871845245,-0.464874476194382,-0.480314403772354,-0.505228579044342,-0.545052945613861,-0.575279295444489,-0.594175636768341,-0.667191743850708,-0.296130180358887,-0.0810505524277687,-0.0618796199560165,-0.0154706938192248,-0.0884685143828392,-0.0503662377595901,-0.0696101933717728
114,Lesotho,0.0386155806481838,-0.000992403482086957,-0.152925461530685,-0.209769800305367,0.181888371706009,0.0134804463014007,-0.066223256289959,-0.0834323316812515,-0.101529344916344,-0.0892456248402596,0.0723328962922096,0.120267108082771,0.162016585469246,0.11473236978054,-0.0129027962684631,-0.0089371632784605,0.00142439606133848,-0.0208688750863075,-0.0127112874761224,-0.0198030564934015
115,Lithuania,0.904892265796661,0.920530557632446,0.88249409198761,0.902132928371429,0.861287593841553,0.886551916599274,0.849656224250793,0.902184903621674,0.915654838085175,0.860525906085968,0.92950963973999,0.94001966714859,0.961615204811096,0.973927557468414,1.00003492832184,0.986517071723938,0.891687154769897,0.996342778205872,1.00798726081848,1.04088652133942
116,Luxembourg,1.40829694271088,1.53309559822083,1.66827726364136,1.58191788196564,1.54720115661621,1.53769946098328,1.54557907581329,1.55508053302765,1.57483577728271,1.60453939437866,1.64990067481995,1.63109636306763,1.55471169948578,1.546830534935,1.5002669095993,1.5218813419342,1.53077459335327,1.49349999427795,1.50162363052368,1.50828039646149
117,Latvia,0.837780058383942,0.767004191875458,0.700535595417023,0.781813085079193,0.846699059009552,0.828915297985077,0.780786275863647,0.849935352802277,0.79424387216568,0.736775279045105,0.775515556335449,0.770423412322998,0.849458038806915,0.846551239490509,0.842557549476624,0.797454655170441,0.782414555549622,0.857121706008911,0.872525632381439,0.906308829784393
118,Kosovo,-0.390101492404938,-0.321591943502426,-0.361318320035934,-0.372446328401566,-0.505195736885071,-0.31247279047966,-0.313796252012253,-0.116848014295101,-0.180995032191277,-0.236089617013931,-0.223774790763855,-0.250444710254669,-0.201299339532852,-0.150820329785347,-0.148735702037811,-0.115478247404099,-0.144523441791534,-0.11540275812149,-0.158383637666702,-0.0793319568037987
119,"Macao SAR, China",0.453831791877747,0.726204633712769,0.129654556512833,0.404883742332458,0.314057976007462,0.0624813102185726,0.0831067636609077,0.592065155506134,0.628308355808258,0.606116414070129,-0.24322135746479,-0.267653346061707,-0.330540835857391,-0.0673485621809959,-0.0613188408315182,-0.0545372180640697,-0.0755851194262505,-0.324892669916153,-0.288744270801544,-0.531901657581329
120,Morocco,-0.465828567743301,-0.752867102622986,-0.508274614810944,-0.687104880809784,-0.712467074394226,-0.707481861114502,-0.758323967456818,-0.745714902877808,-0.698601484298706,-0.709956765174866,-0.605667233467102,-0.698580145835876,-0.688516020774841,-0.630448698997498,-0.624200046062469,-0.67085862159729,-0.681170463562012,-0.628879964351654,-0.599163711071014,-0.607270956039429
121,Monaco,1.09297561645508,0.95275342464447,0.928724050521851,0.924126982688904,0.929085612297058,0.93426102399826,0.971235871315002,0.954712569713593,1.02448236942291,0.802048742771149,0.796869933605194,0.819821715354919,0.993937194347382,1.0171754360199,0.836897432804108,0.836440563201904,0.631103873252869,0.658016264438629,0.67653089761734,0.713545501232147
122,Moldova,-0.532346844673157,-0.491123884916306,-0.585409641265869,-0.547894060611725,-0.267036706209183,-0.292217820882797,-0.307182461023331,-0.296487033367157,-0.0552531853318214,0.0495045222342014,-0.03442607447505,-0.0713248178362846,0.011560813523829,0.0286054089665413,-0.00907354429364204,-0.0166776478290558,-0.116713464260101,-0.0999972894787788,-0.043545875698328,0.047626867890358
123,Madagascar,-0.153443366289139,0.0445495285093784,0.00536269648000598,-0.123797461390495,-0.110259488224983,-0.139065206050873,-0.326152890920639,-0.83152848482132,-0.845434308052063,-0.879346013069153,-0.883270680904388,-0.763357222080231,-0.500149726867676,-0.380756258964539,-0.316467642784119,-0.345091253519058,-0.327834635972977,-0.234167248010635,-0.260440140962601,-0.270088136196136
124,Maldives,-0.83959025144577,-0.999485611915588,-1.19482707977295,-0.979869902133942,-1.0059722661972,-0.927418410778046,-0.301234483718872,-0.0484580174088478,-0.0626933947205544,-0.156640365719795,-0.468655318021774,-0.459633737802505,-0.3722043633461,-0.517903208732605,-0.732977569103241,-0.741155385971069,-0.681150555610657,-0.463316798210144,-0.322065562009811,-0.238484799861908
125,Mexico,0.346043467521667,0.346937119960785,0.319827616214752,0.198065519332886,0.150474414229393,0.121899016201496,0.134927570819855,0.200032845139503,0.178501576185226,0.12169187515974,0.112745344638824,0.108392298221588,0.000331484014168382,-0.0753471404314041,-0.067501425743103,-0.0778172388672829,-0.0168858394026756,0.00781936477869749,-0.0250303260982037,-0.074187383055687
126,Marshall Islands,1.22839558124542,1.21656310558319,1.19513034820557,1.18626391887665,1.16447603702545,1.15891206264496,1.18814706802368,1.13205051422119,1.11228764057159,1.12966418266296,1.10328590869904,1.18698859214783,1.15485370159149,1.17884492874146,1.19146013259888,1.18986010551453,0.929368913173676,1.12903904914856,1.13852167129517,1.11126410961151
127,North Macedonia,-0.165570721030235,-0.021864851936698,-0.161177352070808,-0.101468585431576,0.173717871308327,0.276678591966629,0.195739969611168,0.168129861354828,0.114981435239315,-0.0394918583333492,-0.0284961052238941,-0.0575456172227859,-0.141467973589897,-0.181890144944191,-0.234952181577682,-0.138934165239334,-0.0333327054977417,-0.0185252595692873,0.0577208660542965,0.141489043831825
128,Mali,0.280810177326202,0.336165219545364,0.248863771557808,0.247933819890022,0.297409027814865,0.22539059817791,0.202510952949524,0.0696147605776787,0.158107548952103,0.167899787425995,-0.495530128479004,-0.2845079600811,-0.161109298467636,-0.197715267539024,-0.182319134473801,-0.211934015154839,-0.334190666675568,-0.443510085344315,-0.735434174537659,-0.7774897813797
129,Malta,1.16790759563446,1.34463798999786,1.37272918224335,1.23385429382324,1.20378243923187,1.2426346540451,1.24973607063293,1.15272116661072,1.16721260547638,1.1433470249176,1.16538798809052,1.15657246112823,1.18429243564606,1.2028272151947,1.19637012481689,1.1711333990097,1.09025859832764,1.08166873455048,1.12237858772278,1.08168637752533
130,Myanmar,-2.01282620429993,-2.08195519447327,-2.12265229225159,-2.16620492935181,-2.2332706451416,-2.21349167823791,-2.20797920227051,-2.17256188392639,-2.06740403175354,-1.84963369369507,-1.62011933326721,-1.4616265296936,-1.34398937225342,-1.21897649765015,-0.796729266643524,-0.864633321762085,-0.905169546604156,-0.85721880197525,-0.939094603061676,-1.66139388084412
131,Mongolia,0.378301382064819,0.32553905248642,0.272552013397217,0.0695406645536423,0.253958493471146,0.314249187707901,0.268697589635849,0.125629633665085,0.0884936228394508,0.0520602315664291,0.0654749944806099,0.108955517411232,0.241462215781212,0.270271778106689,0.332784593105316,0.293318957090378,0.236522525548935,0.323747634887695,0.379003643989563,0.318870097398758
132,Montenegro,0.0124232685193419,0.085785448551178,0.113930948078632,0.134036913514137,0.262788712978363,0.258968710899353,0.23590849339962,0.241875201463699,0.189805597066879,0.207890570163727,0.217905968427658,0.178289785981178,0.160317093133926,0.144037693738937,0.0760715827345848,0.124217510223389,0.0543045811355114,0.0247833598405123,0.0433722324669361,0.174490168690681
133,Mozambique,-0.218986436724663,-0.0311716701835394,-0.0339414738118649,0.00833530258387327,-0.0863831415772438,-0.0817873626947403,-0.0727424472570419,-0.114246524870396,-0.120654635131359,-0.199520617723465,-0.197661280632019,-0.256315290927887,-0.246708765625954,-0.270693123340607,-0.416637808084488,-0.421920418739319,-0.493539124727249,-0.544109582901001,-0.599389493465424,-0.612543761730194
134,Mauritania,-0.793843626976013,-0.764577209949493,-1.13142073154449,-0.912761688232422,-0.851902544498444,-0.666273534297943,-0.94266402721405,-0.924538612365723,-0.909265220165253,-0.9275963306427,-0.910916328430176,-0.959419846534729,-0.895695507526398,-0.888245820999146,-0.774358868598938,-0.801386833190918,-0.873295307159424,-0.800363600254059,-0.825380861759186,-0.765219390392303
135,Martinique,0.67772912979126,0.726204633712769,0.784279644489288,0.654332458972931,0.54846316576004,0.517305076122284,0.525152504444122,0.523868262767792,0.546573460102081,0.559783816337585,0.575236320495605,0.562124490737915,,,,,,,,
136,Mauritius,0.788582921028137,0.851995170116425,0.840148866176605,0.832839369773865,0.909173727035522,0.886209964752197,0.863871872425079,0.822893023490906,0.789677262306213,0.795731782913208,0.880852997303009,0.928681612014771,0.939650774002075,0.826210618019104,0.818056881427765,0.788669943809509,0.728621065616608,0.754109442234039,0.705323219299316,0.664728820323944
137,Malawi,-0.58310067653656,-0.428266704082489,-0.542294263839722,-0.52810263633728,-0.252313852310181,-0.261939287185669,-0.246654763817787,-0.148771479725838,-0.190968170762062,-0.245419502258301,-0.206084370613098,-0.17875400185585,-0.0642066895961761,-0.0041323727928102,-0.0300785973668098,-0.0306933652609587,-0.0828274488449097,-0.10522248595953,0.0103670256212354,0.0846001878380775
138,Malaysia,-0.492929816246033,-0.457673877477646,-0.235716462135315,-0.146773517131805,-0.54314786195755,-0.523537278175354,-0.563192903995514,-0.503894746303558,-0.49994820356369,-0.474874913692474,-0.346539199352264,-0.33967924118042,-0.360291033983231,-0.391466587781906,-0.416951030492783,-0.398867845535278,-0.10720095038414,-0.0489955544471741,-0.149830982089043,-0.154722347855568
139,Namibia,0.251939505338669,0.186523661017418,0.274595320224762,0.331786513328552,0.481321036815643,0.449754744768143,0.450895994901657,0.375795006752014,0.349807351827621,0.340737253427505,0.378439128398895,0.400293290615082,0.552335262298584,0.578454077243805,0.582225859165192,0.550321102142334,0.457678973674774,0.514972746372223,0.560283541679382,0.572287440299988
140,Niger,-0.204168319702148,-0.156030610203743,-0.190244764089584,-0.283560395240784,-0.324552685022354,-0.368081420660019,-0.441894054412842,-0.737894237041473,-0.666964292526245,-0.246729359030724,-0.284627556800842,-0.30628964304924,-0.194567888975143,-0.204202279448509,-0.421779066324234,-0.430218189954758,-0.604213178157806,-0.578379988670349,-0.490123718976974,-0.387144148349762
141,Nigeria,-0.634268760681152,-0.6622274518013,-0.796761572360992,-0.868943333625793,-0.623297810554504,-0.760439932346344,-0.735603809356689,-0.848863244056702,-0.777081429958344,-0.713411033153534,-0.700219869613647,-0.693028211593628,-0.587156057357788,-0.37261375784874,-0.31936252117157,-0.339918911457062,-0.430503189563751,-0.434370815753937,-0.580638468265533,-0.636555552482605
142,Nicaragua,-0.0547769628465176,0.1581120043993,-0.0153151294216514,-0.24899522960186,-0.194359108805656,-0.217171907424927,-0.367741048336029,-0.439285933971405,-0.477622449398041,-0.576730072498322,-0.536340475082397,-0.457648277282715,-0.395715713500977,-0.41474524140358,-0.680031597614288,-0.717731058597565,-1.10398316383362,-1.09821820259094,-1.09763193130493,-1.28700053691864
143,Niue,,,,,,,,-0.386080980300903,-0.357333213090897,-0.407198816537857,-0.476738810539246,-0.464022696018219,,,,,1.5166631937027,1.32531654834747,1.15745794773102,1.00888025760651
144,Netherlands,1.4694139957428,1.52679491043091,1.69660830497742,1.66602003574371,1.53982102870941,1.52343332767487,1.48308551311493,1.46438777446747,1.45056891441345,1.5370477437973,1.60558545589447,1.56697261333466,1.5473108291626,1.56116330623627,1.54033207893372,1.49597179889679,1.48758459091187,1.48540389537811,1.52429604530334,1.50255417823792
145,Norway,1.48717486858368,1.52924609184265,1.70420897006989,1.6405930519104,1.54217982292175,1.54985499382019,1.54803907871246,1.54887938499451,1.59508776664734,1.62635803222656,1.72816324234009,1.73797512054443,1.68411779403687,1.68793427944183,1.66489601135254,1.69440948963165,1.69623613357544,1.6552220582962,1.72421777248383,1.75175452232361
146,Nepal,-0.798159539699554,-0.920003414154053,-1.13482713699341,-1.14681553840637,-0.908803641796112,-0.58556193113327,-0.496126413345337,-0.441024661064148,-0.447481632232666,-0.445125788450241,-0.642363488674164,-0.528574824333191,-0.430445671081543,-0.415430843830109,-0.251382678747177,-0.203580766916275,-0.135736837983131,-0.151104941964149,-0.0849202200770378,-0.0891101360321045
147,Nauru,0.946030616760254,1.11526930332184,1.07239961624146,1.0653692483902,1.06539523601532,1.05695688724518,1.08235323429108,1.08709967136383,1.06660449504852,1.09516870975494,1.09553349018097,1.05532383918762,0.807420372962952,0.546864092350006,0.507921814918518,0.508525490760803,0.43695542216301,0.470693081617355,0.425993740558624,0.426629215478897
148,New Zealand,1.50104343891144,1.61011552810669,1.65317785739899,1.62860155105591,1.49936544895172,1.47794735431671,1.47838854789734,1.47848224639893,1.50750553607941,1.57907593250275,1.61772203445435,1.60607767105103,1.52441298961639,1.5548654794693,1.5332738161087,1.55865490436554,1.58951163291931,1.53523802757263,1.5954270362854,1.6218535900116
149,Oman,-0.787837088108063,-0.822545170783997,-0.656644761562347,-0.91963791847229,-1.15948677062988,-1.06266069412231,-1.07074284553528,-1.07403683662415,-1.04480218887329,-1.06049060821533,-1.02166974544525,-1.03864192962646,-1.09070551395416,-1.06144654750824,-1.05430674552917,-1.06162369251251,-1.04427027702332,-1.15427422523499,-1.14482235908508,-1.19298839569092
150,Pakistan,-1.10900616645813,-1.17076420783997,-1.14213120937347,-0.976286172866821,-0.886475443840027,-0.94987416267395,-0.838403463363647,-0.855763971805573,-0.798651278018951,-0.829199433326721,-0.843582153320312,-0.799480617046356,-0.716015040874481,-0.722057998180389,-0.69939923286438,-0.693399786949158,-0.819087028503418,-0.862769305706024,-0.877368927001953,-0.840511322021484
151,Panama,0.619423806667328,0.484826952219009,0.51607221364975,0.44353836774826,0.601521611213684,0.621265113353729,0.600690960884094,0.591262817382812,0.537198603153229,0.534638524055481,0.469416946172714,0.424271792173386,0.505647838115692,0.558526039123535,0.524012267589569,0.51949679851532,0.549155473709106,0.600345253944397,0.57762748003006,0.549772560596466
152,Palau,1.09297561645508,1.2243549823761,1.19513034820557,1.19432353973389,1.19149804115295,1.18671822547913,1.21700000762939,1.20862829685211,1.19297075271606,1.2062178850174,1.20560419559479,1.2057980298996,1.17679691314697,1.20089077949524,1.21339190006256,1.21172118186951,1.11280071735382,1.06541621685028,1.08224070072174,1.05862057209015
153,Peru,0.222937241196632,0.0786488428711891,-0.134529516100883,-0.013819258660078,0.0919348746538162,0.108356989920139,0.152134746313095,0.0834904238581657,0.111124783754349,0.131239607930183,0.11426293104887,0.0847850143909454,0.192534193396568,0.227381259202957,0.268992602825165,0.274450123310089,0.207507237792015,0.266258627176285,0.249568805098534,0.181608662009239
154,Philippines,0.164603292942047,0.153800815343857,0.0255536306649446,-0.00725506478920579,-0.0911425054073334,-0.110541515052319,-0.138752609491348,-0.0277492720633745,-0.039045549929142,-0.0199026539921761,-0.0296867359429598,0.00634712912142277,0.159282863140106,0.147082418203354,0.163444191217422,0.0841727554798126,0.0136215714737773,0.00651443470269442,-0.104530483484268,-0.150498300790787
155,Papua New Guinea,-0.160774856805801,-0.207606077194214,-0.423719346523285,-0.306904882192612,0.0122540332376957,0.0661681815981865,0.0103012612089515,-0.0105109317228198,-0.0305312536656857,-0.0388280488550663,-0.0591049715876579,-0.00446306075900793,0.0125195533037186,0.0447562374174595,0.158445417881012,0.132894217967987,0.0567618533968925,0.0933501794934273,0.0300091747194529,0.0229599848389626
156,Poland,1.08781957626343,1.01259672641754,1.01662766933441,0.944372296333313,0.803532481193542,0.879502356052399,0.953482151031494,1.02687239646912,1.03761112689972,1.02762770652771,1.06427574157715,0.998138904571533,1.10513818264008,1.0397537946701,0.844191014766693,0.775978326797485,0.700737833976746,0.673151612281799,0.618144810199738,0.587244510650635
157,Puerto Rico,1.01157546043396,0.963035404682159,0.871200382709503,0.976367771625519,1.14037656784058,1.12200117111206,1.15002512931824,0.857001900672913,0.838140785694122,0.719682574272156,0.685145795345306,0.680240392684937,0.776729643344879,0.403735220432281,0.410313665866852,0.492235004901886,0.463289588689804,0.469737321138382,0.498710453510284,0.508435130119324
158,"Korea, Dem. Rep.",-2.13580799102783,-2.18969345092773,-2.06829833984375,-2.16315007209778,-2.31339502334595,-2.23763728141785,-2.22634243965149,-2.27049374580383,-2.22747778892517,-2.24172234535217,-2.24007630348206,-2.25171279907227,-2.19333982467651,-2.20195960998535,-2.18027639389038,-2.20318460464478,-2.21206021308899,-2.20753026008606,-2.15680170059204,-2.06727695465088
159,Portugal,1.30454540252686,1.40957999229431,1.46491122245789,1.43030512332916,1.23266172409058,1.23142063617706,1.20186388492584,1.12824237346649,1.10720300674438,1.10791051387787,1.02852833271027,1.06693470478058,1.10747110843658,1.12869608402252,1.1576681137085,1.19820415973663,1.1677166223526,1.19642508029938,1.25965237617493,1.25804460048676
160,Paraguay,-0.456348478794098,-0.400354266166687,-0.474593609571457,-0.395821034908295,-0.256909370422363,-0.164958506822586,-0.115736693143845,-0.134577691555023,-0.0789327323436737,-0.0832900106906891,-0.113736905157566,-0.104938998818398,-0.10282789170742,-0.0699239894747734,-0.0631169751286507,-0.0437019169330597,0.0244224090129137,0.0537457652390003,0.0486162304878235,0.0090548163279891
161,Qatar,-0.695015847682953,-0.687298893928528,-0.429903537034988,-0.513849496841431,-0.865734755992889,-1.04032266139984,-1.02059841156006,-1.00349426269531,-1.01213717460632,-1.08491718769073,-0.921773374080658,-0.978366434574127,-1.1334308385849,-1.14476382732391,-1.15101516246796,-1.17643439769745,-1.2105792760849,-1.30786001682281,-1.28795349597931,-1.17490935325623
162,RÃ©union,,,1.2051100730896,1.40267860889435,1.25167870521545,1.19954073429108,1.18822109699249,1.18378341197968,1.20913982391357,1.23368561267853,1.25088953971863,1.22608864307404,,,,,,,,
163,Romania,0.386146128177643,0.29921892285347,0.367766201496124,0.408908843994141,0.51797342300415,0.498997658491135,0.514151155948639,0.464297264814377,0.432130426168442,0.376137167215347,0.318529605865479,0.311523497104645,0.428146094083786,0.486150950193405,0.540918290615082,0.598597824573517,0.5243239402771,0.51631110906601,0.588041067123413,0.602024495601654
164,Russian Federation,-0.444490075111389,-0.535602867603302,-0.571611404418945,-0.651503562927246,-0.920553743839264,-0.916404008865356,-0.870993554592133,-0.89992368221283,-0.889000535011292,-0.883593857288361,-0.97881817817688,-1.02217721939087,-1.04440438747406,-1.08774089813232,-1.13166010379791,-1.08983087539673,-1.07453215122223,-1.11777782440186,-1.07231199741364,-1.10188519954681
165,Rwanda,-1.50847780704498,-1.30690324306488,-1.34934079647064,-1.19444441795349,-1.22213447093964,-1.24603569507599,-1.31189203262329,-1.29202568531036,-1.3271712064743,-1.32878935337067,-1.27765655517578,-1.21110332012177,-1.11219108104706,-1.13547873497009,-1.15416264533997,-1.1205039024353,-1.14560532569885,-1.09779763221741,-1.0918630361557,-0.955402255058289
166,Samoa,0.758520305156708,0.75319230556488,0.683035671710968,0.637201309204102,0.637410521507263,0.608309805393219,0.575985312461853,0.539696216583252,0.434222996234894,0.402175754308701,0.349973142147064,0.402441680431366,0.665051102638245,0.735848963260651,0.774367690086365,0.776517391204834,0.772171080112457,0.778777360916138,0.816476583480835,0.72614973783493
167,Saudi Arabia,-1.7028511762619,-1.64427065849304,-1.32374036312103,-1.53631925582886,-1.78146910667419,-1.70514690876007,-1.72997355461121,-1.82226276397705,-1.78806269168854,-1.90719747543335,-1.86564028263092,-1.87640869617462,-1.88201534748077,-1.84269392490387,-1.72744107246399,-1.69124603271484,-1.69598186016083,-1.65963327884674,-1.60917353630066,-1.59064388275146
168,Sudan,-1.54347372055054,-1.65719187259674,-1.66658997535706,-1.71884191036224,-1.7393399477005,-1.64922380447388,-1.64158809185028,-1.68687272071838,-1.72558903694153,-1.77131509780884,-1.77434039115906,-1.77589881420135,-1.73637986183167,-1.78320395946503,-1.83413589000702,-1.83911669254303,-1.85100245475769,-1.66026365756989,-1.43751263618469,-1.46817016601562
169,Senegal,0.380685329437256,0.26668593287468,0.172796905040741,0.056197814643383,0.0617268159985542,-0.181714087724686,-0.213503494858742,-0.269090443849564,-0.267737418413162,-0.220193043351173,-0.00418913504108787,0.0600573942065239,0.291716128587723,0.283083826303482,0.369677245616913,0.317166119813919,0.212975323200226,0.234817653894424,0.240493148565292,0.192614167928696
170,Singapore,0.0586192682385445,-0.0210195183753967,0.0775112137198448,0.132438689470291,-0.387192517518997,-0.363209664821625,-0.33483549952507,-0.234220430254936,-0.208965808153152,-0.10202718526125,0.0530913695693016,0.0367684289813042,-0.0986449643969536,-0.161810278892517,-0.150368809700012,-0.16903530061245,-0.0839733108878136,-0.205995976924896,-0.203809812664986,-0.136062040925026
171,Solomon Islands,0.38613349199295,0.322486877441406,-0.354120701551437,-0.0981996729969978,0.0451032482087612,0.0634725987911224,0.0204279962927103,0.137840136885643,0.0658942386507988,-0.00426660990342498,-0.0285495333373547,0.00152094126679003,0.226587131619453,0.284538298845291,0.467465490102768,0.489996761083603,0.523320078849792,0.489826142787933,0.555384397506714,0.469071060419083
172,Sierra Leone,-0.554964661598206,-0.346790134906769,-0.311112105846405,-0.530995607376099,-0.326508969068527,-0.218499302864075,-0.141638219356537,-0.241323813796043,-0.157845288515091,-0.203812569379807,-0.320652544498444,-0.342591553926468,-0.287112534046173,-0.270913779735565,-0.198110342025757,-0.194168865680695,-0.188980787992477,-0.135008841753006,-0.0957746729254723,-0.063634917140007
173,El Salvador,0.122130692005157,0.10748229175806,0.0246405247598886,-0.0750127732753754,0.0966298580169678,0.0945089384913445,0.112083874642849,0.057646669447422,0.0715445652604103,0.0439497753977776,-0.0401937253773212,-0.0130920791998506,0.152619868516922,0.152402803301811,0.188971519470215,0.154455736279488,0.0221808888018131,0.11914150416851,0.0725487992167473,-0.0552322864532471
174,San Marino,1.23703944683075,1.20097935199738,1.17211830615997,1.17014455795288,1.16447603702545,1.15891206264496,1.18814706802368,1.1825864315033,1.1658923625946,1.19696378707886,1.20560419559479,1.19639348983765,1.16582524776459,1.18986773490906,1.19146013259888,1.18986010551453,1.11280071735382,1.16375398635864,1.12421083450317,1.09843695163727
175,Somalia,-1.50747609138489,-1.75101411342621,-1.8110157251358,-1.75917434692383,-1.7624146938324,-1.84848654270172,-1.89333081245422,-2.03949332237244,-2.01058864593506,-2.01552939414978,-2.19676351547241,-2.17476963996887,-2.11436939239502,-2.00146722793579,-1.90966594219208,-1.77831256389618,-1.84844243526459,-1.85331976413727,-1.83811414241791,-1.74921560287476
176,SÃ£o TomÃ© and Principe,0.555894732475281,0.244709223508835,0.109614260494709,0.0617349781095982,0.272127598524094,0.191135600209236,0.18475578725338,0.156031414866447,0.123737595975399,0.248113557696342,0.180133849382401,0.135057091712952,0.321623474359512,0.280199855566025,0.361509829759598,0.298386067152023,0.132230132818222,0.370800614356995,0.372656345367432,0.349041044712067
177,Suriname,0.494850069284439,0.326033353805542,0.114305287599564,0.129616141319275,0.511488795280457,0.556039929389954,0.60561341047287,0.44483208656311,0.383502691984177,0.380300343036652,0.340863466262817,0.357050955295563,0.516915023326874,0.411409616470337,0.415314823389053,0.430541843175888,0.288387984037399,0.364362627267838,0.418522715568542,0.376892805099487
178,Slovak Republic,0.976482391357422,0.931504726409912,0.947524964809418,0.89995676279068,0.93112325668335,0.947436213493347,0.935453057289124,0.876306593418121,0.910946249961853,0.965979039669037,0.973016917705536,0.959550261497498,0.959610283374786,0.965451538562775,0.961433291435242,0.91206306219101,0.837226986885071,0.862816572189331,0.883265316486359,0.914356410503387
179,Slovenia,1.13046002388,1.12496137619019,1.11238861083984,1.09229040145874,1.06961452960968,1.06297087669373,1.0173647403717,1.05512344837189,1.04863810539246,1.05691814422607,0.999778091907501,1.00189661979675,0.956131041049957,0.986843705177307,1.01092410087585,1.00672173500061,0.959877610206604,0.978998601436615,0.935727596282959,0.914669573307037
180,Sweden,1.50778388977051,1.54860532283783,1.73924720287323,1.58447277545929,1.48571825027466,1.51013612747192,1.52016663551331,1.54603838920593,1.54272592067719,1.61295545101166,1.69035804271698,1.65811014175415,1.61111927032471,1.5653303861618,1.5646858215332,1.56925332546234,1.56835758686066,1.56092047691345,1.50253629684448,1.50559937953949
181,Eswatini,-1.4021463394165,-1.53022968769073,-1.46496891975403,-1.49486601352692,-1.25129222869873,-1.35168290138245,-1.31965696811676,-1.27179145812988,-1.32532727718353,-1.31542539596558,-1.28168439865112,-1.26199340820312,-1.33552229404449,-1.39339852333069,-1.43275284767151,-1.45163667201996,-1.37280142307281,-1.34256398677826,-1.33140587806702,-1.29730570316315
182,Seychelles,0.113340295851231,0.0756622776389122,0.32329398393631,0.174468666315079,0.0870519354939461,0.0640959367156029,-0.00513157015666366,0.0398970805108547,0.10165674239397,0.0178980901837349,0.0508295893669128,0.0200992841273546,-0.0498183630406857,0.0785139724612236,0.157843708992004,0.187631130218506,0.184579223394394,0.313407987356186,0.486793607473373,0.639742016792297
183,Syrian Arab Republic,-1.62320375442505,-1.62107467651367,-1.50578105449677,-1.50819897651672,-1.75781285762787,-1.78191101551056,-1.72432065010071,-1.69282829761505,-1.6966712474823,-1.80628085136414,-1.8442211151123,-1.83490705490112,-1.87819886207581,-1.92247927188873,-1.98669457435608,-1.96947300434113,-1.9701521396637,-1.99376249313354,-1.93242752552032,-1.91665363311768
184,Chad,-0.940512537956238,-1.10341620445251,-1.23052859306335,-1.3077164888382,-1.4184205532074,-1.45132219791412,-1.44590663909912,-1.39856195449829,-1.36032783985138,-1.35003161430359,-1.34274756908417,-1.37470948696136,-1.3308037519455,-1.33509016036987,-1.36274147033691,-1.37137997150421,-1.46812987327576,-1.43482649326324,-1.40379214286804,-1.42011988162994
185,Togo,-1.38355255126953,-1.18086850643158,-1.231241106987,-1.22173345088959,-1.19514667987823,-1.0676943063736,-0.988219559192657,-0.978557884693146,-0.952039062976837,-0.903721451759338,-0.995809435844421,-0.904471814632416,-0.766805112361908,-0.700742721557617,-0.545297205448151,-0.624594569206238,-0.763640105724335,-0.729201138019562,-0.749686539173126,-0.794364869594574
186,Thailand,0.321516633033752,0.218241095542908,0.126583278179169,-0.0982957854866982,-0.739193975925446,-0.562502324581146,-0.529666900634766,-0.455878525972366,-0.495821505784988,-0.405181705951691,-0.32114115357399,-0.42992576956749,-0.874775230884552,-0.969098031520844,-1.02308261394501,-1.04549300670624,-1.02245247364044,-0.846768021583557,-0.810198783874512,-0.790575861930847
187,Tajikistan,-1.1117959022522,-1.14990878105164,-1.22227311134338,-1.26609790325165,-1.35194134712219,-1.29212081432343,-1.35568141937256,-1.33212602138519,-1.43107783794403,-1.38084805011749,-1.42240357398987,-1.50412678718567,-1.49548387527466,-1.56908190250397,-1.68945837020874,-1.72128701210022,-1.70122981071472,-1.79679524898529,-1.77973437309265,-1.70522058010101
188,Turkmenistan,-1.93202567100525,-1.9572502374649,-1.98201262950897,-2.0011305809021,-2.08871555328369,-2.15612840652466,-2.10970687866211,-2.08251118659973,-2.04029369354248,-2.16572093963623,-2.25042843818665,-2.21640849113464,-2.25916385650635,-2.23753476142883,-2.17076778411865,-2.1598904132843,-2.15413546562195,-2.1851224899292,-2.02990031242371,-1.91470217704773
189,Timor-Leste,0.267976731061935,0.165442883968353,-0.0935148894786835,-0.210176095366478,0.057441633194685,0.148541197180748,0.217161998152733,0.097796842455864,0.0616596676409245,0.132830247282982,0.0963445156812668,0.0911216512322426,0.14879734814167,0.186164751648903,0.220837563276291,0.343244999647141,0.313501954078674,0.357380628585815,0.3735211789608,0.459062278270721
190,Tonga,-0.0244121737778187,0.0618866458535194,-0.189794227480888,-0.0545144379138947,-0.0254304427653551,-0.171447739005089,-0.0302958749234676,-0.0469018258154392,0.29281359910965,0.321024298667908,0.336211621761322,0.458545207977295,0.663734495639801,0.661673128604889,0.642764985561371,0.603061854839325,0.64595240354538,0.633017718791962,0.642574608325958,0.729315757751465
191,Trinidad and Tobago,0.566648781299591,0.613744556903839,0.574701726436615,0.613131701946259,0.608323812484741,0.545622229576111,0.533641874790192,0.554204344749451,0.523346245288849,0.520742893218994,0.501116394996643,0.482290118932724,0.473105400800705,0.480548501014709,0.558559715747833,0.554902136325836,0.537457883358002,0.598354816436768,0.645325541496277,0.672398746013641
192,Tunisia,-0.959111213684082,-0.920870661735535,-0.866649389266968,-0.950093030929565,-1.29791927337646,-1.37891387939453,-1.35054492950439,-1.35833787918091,-1.41616463661194,-0.370504289865494,-0.171652227640152,-0.0844273641705513,0.19294935464859,0.241406425833702,0.303749322891235,0.162128090858459,0.183875694870949,0.262432813644409,0.282338708639145,0.187098532915115
193,TÃ¼rkiye,-0.219570532441139,-0.0332707948982716,0.0132019305601716,0.000233756712987088,-0.0640953183174133,-0.0533245801925659,-0.0412864089012146,-0.0555260591208935,-0.0848165079951286,-0.136850699782372,-0.206933528184891,-0.251326382160187,-0.338407427072525,-0.367709815502167,-0.607145011425018,-0.705824315547943,-0.851066708564758,-0.834260940551758,-0.860242068767548,-0.859142780303955
194,Tuvalu,1.17653274536133,1.03586626052856,0.46060311794281,0.587014853954315,0.783710896968842,0.746574640274048,0.801951885223389,0.741995573043823,0.721381723880768,0.715651512145996,0.661697506904602,0.712042570114136,1.04513800144196,1.06861555576324,1.08180165290833,1.08055508136749,1.11280071735382,1.19598972797394,1.17822372913361,1.16419208049774
195,"Taiwan, China",0.965681552886963,0.904806017875671,0.935679316520691,0.93203604221344,0.703497111797333,0.727425098419189,0.715358555316925,0.825763940811157,0.831275165081024,0.840462028980255,0.849648177623749,0.889037311077118,0.881746888160706,0.898506581783295,1.00935244560242,1.01574850082397,0.945424556732178,0.977802097797394,1.09991633892059,1.10367751121521
196,Tanzania,-0.399259209632874,-0.42732772231102,-0.533582329750061,-0.363443344831467,-0.200293675065041,-0.142469882965088,-0.166212573647499,-0.160290315747261,-0.130868017673492,-0.141483932733536,-0.176013678312302,-0.203786581754684,-0.19340081512928,-0.222010150551796,-0.22302882373333,-0.278152108192444,-0.386775434017181,-0.517210066318512,-0.731842219829559,-0.711613357067108
197,Uganda,-0.930503964424133,-0.702457308769226,-0.724424123764038,-0.597283959388733,-0.445383280515671,-0.486063897609711,-0.509934663772583,-0.509125173091888,-0.518370270729065,-0.525404512882233,-0.49354612827301,-0.551976680755615,-0.585784256458282,-0.567804515361786,-0.647862374782562,-0.588405609130859,-0.68619829416275,-0.644737601280212,-0.711472570896149,-0.821764647960663
198,Ukraine,-0.519448935985565,-0.589256763458252,-0.671051442623138,-0.28532487154007,0.0496412701904774,0.0641184598207474,0.0906661003828049,0.0590889118611813,-0.0839820206165314,-0.132440626621246,-0.2795430123806,-0.315396577119827,-0.142217665910721,-0.0867874175310135,0.00179059756919742,0.0148955751210451,-0.0377829000353813,0.0238951966166496,0.0912575125694275,0.0763112381100655
199,Uruguay,1.05434656143188,0.992518246173859,0.842710494995117,0.885737657546997,1.03071081638336,1.04552268981934,1.06214451789856,1.10579407215118,1.14654517173767,1.1214314699173,1.0609667301178,1.0852632522583,1.10788881778717,1.14342188835144,1.16303431987762,1.16740477085114,1.18003451824188,1.22697699069977,1.31133925914764,1.29830694198608
200,United States,1.34456813335419,1.33822762966156,1.327751994133,1.29452359676361,1.1016218662262,1.10981047153473,1.14426684379578,1.09722805023193,1.1336270570755,1.12696576118469,1.16158699989319,1.10301864147186,1.07124829292297,1.1098393201828,1.11025989055634,1.00899720191956,0.976354420185089,0.903775811195374,0.868967413902283,0.903906583786011
201,Uzbekistan,-1.8093113899231,-1.76460289955139,-1.78085947036743,-1.93023896217346,-2.07179737091064,-2.11763787269592,-2.10014271736145,-2.10261058807373,-2.08567190170288,-2.12443065643311,-2.0335488319397,-1.96649706363678,-1.91325414180756,-1.95613789558411,-1.88678896427155,-1.79730725288391,-1.63006448745728,-1.6531138420105,-1.53250658512115,-1.39975225925446
202,St. Vincent and the Grenadines,1.02382504940033,1.07111537456512,0.679108440876007,1.08610773086548,1.06227540969849,1.04314303398132,1.06916379928589,1.03036606311798,1.13384974002838,1.02087604999542,1.01553082466125,1.02643799781799,1.15485370159149,0.968789398670197,0.955370128154755,0.944342494010925,0.845151245594025,0.89955335855484,0.911126911640167,0.877828240394592
203,"Venezuela, RB",-0.462428361177444,-0.439825713634491,-0.598475635051727,-0.637349963188171,-0.622201085090637,-0.745731115341187,-0.752219378948212,-0.853539109230042,-0.870534300804138,-0.934033572673798,-0.906963706016541,-0.951577425003052,-1.08375942707062,-1.09107983112335,-1.13542306423187,-1.20709347724915,-1.43716442584991,-1.43044018745422,-1.51600074768066,-1.63062572479248
204,Virgin Islands (U.S.),,,0.7609001994133,1.15323007106781,0.782868325710297,0.744717001914978,0.746175408363342,0.743839979171753,0.767428874969482,0.784417808055878,0.800454020500183,0.78344589471817,,,,,,,,
205,Vietnam,-1.44881856441498,-1.47438275814056,-1.33793187141418,-1.40304481983185,-1.53845131397247,-1.52694940567017,-1.49671363830566,-1.4826385974884,-1.49696779251099,-1.45916306972504,-1.42006897926331,-1.36639952659607,-1.37471222877502,-1.35886025428772,-1.37337625026703,-1.41109347343445,-1.47646260261536,-1.40561985969543,-1.37837326526642,-1.30420506000519
206,Vanuatu,0.810420453548431,0.73251885175705,0.27673327922821,0.195848137140274,0.454070419073105,0.392457008361816,0.478367477655411,0.505319178104401,0.496133357286453,0.427274107933044,0.395672678947449,0.437806695699692,0.591261208057404,0.592993319034576,0.664181649684906,0.694653987884521,0.59856903553009,0.680349051952362,0.609990000724792,0.693955302238464
207,West Bank and Gaza,-0.80527251958847,-0.850594282150269,-0.682446479797363,-0.653496861457825,-0.434554874897003,-0.677934110164642,-0.862080752849579,-0.953719019889832,-0.823600351810455,-1.00567626953125,-0.935010075569153,-0.928261876106262,-0.881757915019989,-0.985828936100006,-1.09477424621582,-1.03172302246094,-0.92078959941864,-1.02680480480194,-1.13041007518768,-1.11076700687408
208,"Jersey, Channel Islands",,,,,,,,,,1.2762987613678,1.29053568840027,1.27861511707306,1.27684950828552,1.27396094799042,1.27936410903931,1.29554557800293,1.27160155773163,1.26436722278595,1.28616511821747,1.28868770599365
209,"Yemen, Rep.",-1.16135859489441,-0.892346799373627,-0.965285062789917,-1.04973876476288,-1.18712043762207,-1.11243689060211,-1.2209724187851,-1.27136433124542,-1.3312314748764,-1.39367055892944,-1.35484611988068,-1.33361232280731,-1.3010036945343,-1.52344965934753,-1.69016528129578,-1.6910492181778,-1.7621613740921,-1.78093492984772,-1.76526355743408,-1.68448996543884
210,Serbia,0.00340562732890248,-0.120493672788143,-0.176049947738647,-0.206954583525658,0.214458927512169,0.305300176143646,0.281703680753708,0.334455043077469,0.285615712404251,0.278624475002289,0.198943495750427,0.285488486289978,0.212628602981567,0.231072276830673,0.199925392866135,0.11724229902029,-0.0223546866327524,-0.0462145768105984,-0.119043312966824,-0.123647928237915
211,South Africa,0.659822225570679,0.700217008590698,0.715736925601959,0.649010360240936,0.651613116264343,0.578765213489532,0.575648128986359,0.570525586605072,0.602090120315552,0.590838611125946,0.5821533203125,0.600703418254852,0.64037412405014,0.648585200309753,0.648347198963165,0.630475342273712,0.628293097019196,0.653677582740784,0.700182557106018,0.788497388362885
212,"Congo, Dem. Rep.",-1.60957503318787,-1.55504846572876,-1.69705295562744,-1.5216383934021,-1.23079133033752,-1.21148073673248,-1.38789105415344,-1.40938663482666,-1.4091020822525,-1.48515594005585,-1.48108160495758,-1.45855402946472,-1.28694593906403,-1.30421757698059,-1.41219067573547,-1.46529841423035,-1.50761079788208,-1.3139728307724,-1.26542901992798,-1.19818878173828
213,Zambia,-0.317013323307037,-0.366780430078506,-0.444224864244461,-0.430345922708511,-0.207338288426399,-0.206985205411911,-0.161100178956985,-0.300323873758316,-0.243015319108963,-0.170420810580254,-0.132826566696167,-0.106042101979256,-0.109430871903896,-0.0665439739823341,-0.300620377063751,-0.335554540157318,-0.342629283666611,-0.309643387794495,-0.42863741517067,-0.366998583078384
214,Zimbabwe,-1.36336076259613,-1.43119192123413,-1.55357718467712,-1.67494142055511,-1.53924381732941,-1.57152092456818,-1.54903090000153,-1.53921008110046,-1.47518157958984,-1.46376252174377,-1.47196817398071,-1.38621962070465,-1.25688946247101,-1.16608715057373,-1.17845976352692,-1.19590401649475,-1.14097511768341,-1.16470468044281,-1.11371552944183,-1.13693416118622
