,Country Name,1991,1992,1993,1994,1995,1996,1997,1998,1999,2000,2001,2002,2003,2004,2005,2006,2007,2008,2009,2010,2011,2012,2013,2014,2015,2016,2017,2018,2019,2020,2021,2022,2023,2024,2025,2026,2027
0,Argentina,,,,-1.249802355,-2.074606161,-2.810610432,-1.837621355,-1.827434359,-3.705086124,-3.416751183,-5.364146344,-1.910149902,1.500146081,3.96689503,3.340623023,1.650070275,0.756974472,0.351972892,-1.830044406,-1.393454664,-2.74564846,-3.0180556,-3.253828427,-4.252429085,-6.000558031,-6.654668983,-6.693341132,-5.441145258,-4.395052469,-8.588337133,-4.327055473,-3.494468633,-3.320639295,-3.492573076,-2.558171282,-2.030775106,-1.489512068
1,Australia,-2.78994295,-4.746344986,-4.728944368,-3.795118107,-2.605177226,-1.456790762,-0.493281751,-0.245966955,0.666542589,1.252351209,-0.030300828,0.192737266,1.051187474,1.323849086,1.708807988,1.773805604,1.476039214,-1.10134121,-4.566679591,-5.119825548,-4.528482544,-3.510793836,-2.811400016,-2.918943912,-2.788289119,-2.422049096,-1.71804432,-1.26012126,-4.402942784,-8.757626289,-6.453806118,-3.423046504,-2.970251978,-2.570610181,-1.787993939,-0.985904285,-0.669214877
2,Austria,-2.945597989,-2.136688259,-4.541946552,-5.013404188,-6.140539419,-4.35710811,-2.371825917,-2.668765336,-2.618030067,-2.063210653,-0.658410611,-1.864522198,-1.381754272,-4.839051893,-2.540769458,-2.563440822,-1.382364127,-1.521402197,-5.355725043,-4.453403655,-2.577134131,-2.189054492,-1.950077521,-2.729141959,-1.046241997,-1.534591285,-0.816118701,0.170081563,0.609898984,-8.045201907,-5.92754029,-2.702234453,-1.550153447,-1.215255609,-1.134448786,-1.164801293,-1.265761647
3,Belgium,-7.672130619,-8.419847914,-7.708515027,-5.287641002,-4.50854914,-4.002603972,-2.15103904,-1.024700805,-0.648395005,-0.079219584,0.233037623,-0.043805237,-1.864040313,-0.238730544,-2.715159804,0.239457975,0.066585375,-1.095319865,-5.430870515,-4.08770722,-4.32999617,-4.318508448,-3.129301568,-3.055552798,-2.413643323,-2.363137519,-0.683855747,-0.869806191,-1.952220642,-9.046902779,-5.524520698,-4.688092919,-4.775287113,-5.0222133,-5.046172362,-5.294634102,-5.449724722
4,Bolivia,-4.200000009,-4.399999998,-6.099999932,-3.000000017,-1.816584448,-1.900000016,-3.280902657,-5.1,-3.836567058,-3.728130401,-6.819600146,-8.788018921,-7.875395133,-5.543419582,-2.244734708,4.469895705,1.740780407,3.569484155,0.014122068,1.665902006,0.831387469,1.756819956,0.656366485,-3.363624188,-6.904266322,-7.243425006,-7.823764969,-8.1433959,-7.220921704,-12.72208399,-9.328202804,-8.499505614,-7.894511618,-7.480091963,-6.775775486,-6.091111008,-5.919072391
5,Brazil,,,,,,,-5.603940199,-7.220582439,-5.174557657,-3.319675883,-3.171758693,-4.419657095,-5.177212713,-2.876038656,-3.538574319,-3.569679918,-2.737253491,-1.533339317,-3.187543955,-3.823640917,-2.466942409,-2.519576781,-2.955004275,-6.021062709,-10.23869964,-8.978544615,-7.840392411,-7.029796269,-5.880101575,-13.33240736,-4.416764356,-5.819169743,-7.501142436,-6.786316105,-5.871899855,-5.38018896,-4.782013543
6,Burkina Faso,-2.771556458,-2.509119285,-3.810411981,-1.88707663,-2.645588122,-1.666069792,-2.642848881,-2.597693741,-3.286904208,-3.027830265,-3.557443584,-4.432617637,-1.789912827,-4.194054415,-4.889532822,14.34567379,-5.014919427,-3.62731448,-4.160443428,-4.058343741,-2.039418509,-2.76326957,-3.547978636,-1.737416156,-2.089716888,-3.082274393,-6.914905834,-4.392604864,-3.408022178,-5.696047126,-6.360435084,-6.069351599,-5.298999,-4.298999,-2.998999,-2.998999,-2.998999
8,Cameroon,,,,,,,,,,,0.861348195,1.506626734,0.560200735,-0.455788725,3.029455591,28.21389827,3.873770577,2.000034814,-0.04070747,-0.932373992,-2.258001678,-1.395956958,-3.554624394,-4.087364833,-4.24571325,-5.881134409,-4.72473822,-2.407988286,-3.243734199,-3.188162803,-2.3743082,-2.018252145,-0.231775039,-0.119200313,-0.197780222,-0.993744508,-1.021412463
9,Canada,-8.359398267,-9.199149263,-8.934764945,-6.935977535,-5.489640113,-3.05256596,0.038702165,0.142682776,1.655576247,2.639703961,0.529468967,-0.233895789,-0.126957865,0.767669538,1.553120098,1.827604363,1.819655807,0.184425129,-3.881351769,-4.737558582,-3.308732553,-2.524517007,-1.494705998,0.17489616,-0.061845591,-0.453164226,-0.112442955,0.359891308,0.004326581,-11.36043546,-5.039089433,-2.150963777,-1.205079405,-0.880085888,-0.609647869,-0.606831938,-0.540517946
11,Chile,1.535683712,2.094192172,1.40985931,1.435094351,3.095247075,2.071304788,2.040194923,0.390249616,-2.020119167,-0.693330243,-0.494759945,-1.170915563,-0.415512876,2.050497131,4.56692802,7.505662773,7.95616112,3.93347791,-4.264771608,-0.363065644,1.427593886,0.682452249,-0.470187986,-1.496350422,-2.088570777,-2.66164476,-2.629199437,-1.483643558,-2.727498643,-7.142610711,-7.485907215,0.907034217,-1.200162352,-0.87780998,-0.421083834,-0.164367466,-0.179904165
14,Colombia,0.34955937,-0.066893504,-0.239866512,-0.13797214,-0.998559423,-2.494885747,-3.226771555,-3.864142113,-5.367258436,-2.93677528,-2.708669442,-3.452202031,-2.702365743,-1.311097091,-0.020771191,-0.99264838,-0.819777005,0.041817672,-2.674042013,-3.302773297,-1.992978459,0.15478365,-1.02074164,-1.744077029,-3.520222725,-2.273956996,-2.495518534,-4.667652038,-3.481777428,-6.975588197,-6.841195517,-6.387088405,-2.928031336,-2.077206486,-1.53466577,-1.680853298,-1.754036207
19,Denmark,-2.930545247,-2.571247488,-3.672401574,-3.602986851,-3.62003043,-2.482573914,-1.200213938,-0.388537142,0.868934154,1.887315728,1.14055439,-0.015387103,-0.133147637,2.073171218,4.955097249,4.987100686,5.020456096,3.173907975,-2.798141618,-2.710215658,-2.055766184,-3.490444865,-1.235647209,1.144427647,-1.329580879,-0.105986833,1.786261491,0.760435181,4.131581965,0.214895521,2.60508742,1.168780087,0.810196487,0.513494634,0.048143087,-0.070175229,-0.058767702
21,Estonia,,,,,,-0.894908764,3.016212064,0.685456069,-3.384232956,-0.077744724,0.17737771,0.401552301,1.79405438,2.393440123,1.124800873,2.889076515,2.739726169,-2.649016342,-2.191035858,0.189608645,1.085924658,-0.287117989,0.180611482,0.707407587,0.14381677,-0.412133447,-0.737670972,-0.553116149,0.12207711,-5.467563676,-2.294003069,-2.851729398,-2.25498572,-1.678183888,-1.100074749,-0.573134696,-0.068734835
22,Ethiopia,-5.826596569,-4.780213262,-4.002754641,-5.230469874,-2.677278203,-3.814448325,-1.701994904,-3.51143696,-8.230808193,-8.88036366,-3.760400444,-5.764230504,-5.592003549,-2.651278615,-4.12228972,-3.787920745,-3.567435102,-2.882350064,-0.932116785,-1.320751331,-1.607127794,-1.171938787,-1.930531162,-2.582291152,-1.947067005,-2.300454263,-3.243369513,-3.029069445,-2.533412526,-2.764306795,-2.766823673,-3.056353337,-3.01,-3.01,-3.01,-3.01,-3.01
23,Finland,0.300882929,-4.88114493,-8.083092252,-6.399535575,-5.970633898,-3.366868137,-1.324826049,1.536431097,1.595543509,6.726667742,4.891169068,3.973438573,2.339389386,2.157371597,2.588546758,3.924301752,5.115142833,4.179857411,-2.483672358,-2.53371106,-1.019202214,-2.15980143,-2.524948488,-2.98747686,-2.425432268,-1.69825026,-0.653996226,-0.853243783,-0.945976369,-5.511225403,-2.636110901,-2.077878109,-1.726736306,-2.124428498,-2.658542551,-2.690093791,-2.924372192
24,France,-2.862952904,-4.601130167,-6.358794486,-5.422984116,-5.108542995,-3.905879422,-3.652911523,-2.378585335,-1.602927625,-1.318490313,-1.379209466,-3.160226951,-4.015475885,-3.590570293,-3.355559897,-2.443685608,-2.636244694,-3.26373483,-7.174779051,-6.886671555,-5.154760881,-4.980984334,-4.084094523,-3.904659346,-3.62517467,-3.637256398,-2.958417093,-2.288954541,-3.064650778,-8.876162866,-6.430024684,-5.097353879,-5.577374197,-4.963429524,-4.969110218,-4.96351352,-4.957178029
25,Germany,,-2.6050198,-3.094940288,-2.523844661,-9.432231435,-3.570402523,-2.942100298,-2.566892704,-1.719220386,-1.584664476,-3.025444871,-3.874993176,-3.704201088,-3.334158372,-3.319436615,-1.653152096,0.26088696,-0.116356239,-3.150511299,-4.378646077,-0.881398595,0.009324994,0.039980792,0.579552713,0.960550926,1.160351417,1.336083938,1.949902688,1.530924837,-4.332903627,-3.727410287,-3.321684619,-2.491374606,-1.52504077,-0.850365966,-0.604745319,-0.539779431
26,Ghana,-1.587639948,-4.873862852,-5.866294095,-5.445074123,-4.855772497,-6.02868553,-6.620067356,-5.68872435,-6.088973388,-4.285441234,-3.897886722,-2.922274912,-2.137147827,-2.169125779,-2.009621651,-3.326748253,-5.26193633,-5.906139034,-5.324349748,-7.471213308,-5.472883464,-8.328316218,-9.116926197,-7.81199449,-4.007382892,-6.745807607,-3.966313317,-6.791242265,-7.285041777,-15.29045516,-11.43953054,-9.192416064,-8.550431604,-8.924326939,-8.722687764,-9.726047449,-9.553347915
27,Greece,-9.574698414,-10.58693746,-11.38926197,-8.429982402,-9.813717097,-8.227625088,-6.107574905,-6.321755793,-5.842755917,-4.097675913,-5.512557153,-6.0753199,-7.897021353,-8.902968524,-6.240604168,-5.996555938,-6.764124612,-10.26264024,-15.2766102,-11.29240956,-10.46687784,-6.747495767,-3.776878433,-4.142386423,-3.015269123,0.312138271,0.911523223,0.808652357,0.229195089,-10.93959813,-7.952196029,-4.408819184,-1.875809423,-1.261288244,-1.021450016,-0.777574802,-0.681462053
29,Honduras,-1.94562009,-1.409156446,-5.03320174,-0.98257859,-0.244308974,0.126739541,0.080106089,2.893286383,1.381250156,1.508103363,-3.118870878,-5.015399323,-5.093454515,-2.475410019,-0.032652263,-1.355423713,-0.253748057,-0.266666666,-4.8648519,-3.371280219,-2.942645813,-3.483095592,-5.729798638,-2.89690526,-0.781103247,-0.397364584,-0.407754384,0.197209917,0.088390938,-4.655238345,-3.138849713,,,,,,
30,Hungary,,,,,,-4.376420274,-5.550687301,-7.424333164,-5.276627908,-3.04138711,-3.999402547,-8.79771369,-7.181648235,-6.600796292,-7.794689082,-9.270855733,-5.091020638,-3.787107973,-4.760992634,-4.435598498,-5.218104127,-2.330492314,-2.602712298,-2.780140344,-2.005596996,-1.796485426,-2.458676709,-2.11201049,-2.086037187,-7.789847383,-6.773838589,-4.888169513,-3.12660502,-2.559264541,-1.555633161,-0.732741009,0.534687346
31,Iceland,-0.65873468,-1.862893032,-4.355776441,-4.591717475,-2.870189931,-1.516760288,0.038841491,-0.565290094,1.319185679,1.445682612,-0.280576409,-2.274100265,-2.323740523,0.286576651,5.006561921,6.449373264,5.598607594,-12.13833451,-8.579548214,-6.663366979,-6.530051688,-2.624649014,-1.247724788,0.295011407,-0.395395976,12.54932215,0.954897483,0.912034802,-1.513774669,-8.925127556,-7.940552814,-5.443934108,-3.117130404,-2.102189193,-0.7937688,-0.012889484,0.374804243
32,India,-7.764013903,-7.757095069,-8.422456797,-7.859094074,-6.696948115,-6.589632972,-8.13344322,-9.574478112,-8.550728602,-8.264003329,-10.84282609,-10.88126472,-11.23113542,-9.062075245,-7.368330522,-6.320713097,-4.505137454,-8.982172837,-9.534028834,-8.625845182,-8.349151646,-7.549559685,-6.999618196,-7.071068563,-7.205084204,-7.120009714,-6.227235694,-6.375815459,-7.493424902,-12.75687531,-9.980261714,-9.88437011,-9.02592329,-8.497218884,-7.915869013,-7.543223365,-7.289517892
33,Indonesia,,,,0.00485037,0.640948135,0.962360913,-1.033756429,-1.893491985,-0.959390205,-1.869997613,-1.763414748,-0.576098503,-1.077264611,-0.260210025,0.423535186,0.372497299,-0.947178171,0.054113001,-1.644115315,-1.242195971,-0.702931864,-1.586458811,-2.21677129,-2.145667473,-2.603505797,-2.486273918,-2.509060878,-1.75014671,-2.229213931,-6.112334073,-4.617962611,-3.863186271,-2.919303342,-2.86533534,-2.680553893,-2.542849984,-2.494078459
34,Ireland,-2.796361503,-2.83838952,-2.623444951,-1.81608586,-2.073521435,-0.197394716,1.373198847,2.071216322,3.536980957,4.85455685,0.960283072,-0.519639995,0.346414612,1.297589259,1.570408559,2.775043804,0.267874359,-7.03069686,-13.87313516,-32.11903795,-13.58213649,-8.463513937,-6.395403913,-3.611758977,-2.037448284,-0.761456074,-0.287980709,0.142178789,0.443587839,-5.100258559,-1.651766549,0.364262287,0.477873888,0.655476115,0.749492049,0.661554258,0.642766288
35,Israel,,,,,,,,,,,-3.821865949,-7.951615443,-4.811583287,-3.38976255,-2.57395564,-0.893124199,-0.301451953,-3.487289071,-6.51759178,-3.719281849,-3.351488987,-4.336572984,-4.095925714,-2.28754531,-1.148880264,-1.710078524,-1.117675553,-3.593668615,-3.85088084,-10.66358089,-3.809204803,0.087879572,-0.375979032,-1.337608075,-2.388856292,-2.535986007,-2.617622941
36,Italy,-11.02055538,-10.0318149,-9.698683152,-8.78231363,-7.210271158,-6.614671776,-2.981623241,-2.988259281,-1.772796471,-2.423333465,-3.190306547,-2.869301371,-3.217625671,-3.478850032,-4.082520775,-3.616569212,-1.34025662,-2.563902158,-5.121045664,-4.2397375,-3.593011944,-2.945408004,-2.854255154,-2.954396724,-2.552201794,-2.40390002,-2.419104534,-2.18619153,-1.54015873,-9.597214175,-7.175086669,-5.445849158,-3.886854463,-3.541704675,-3.016107034,-2.976812365,-2.954022629
38,Kazakhstan,,,,,,,,,,,,,3.996044417,3.287322271,6.077757962,7.652629268,5.13441638,1.227135084,-1.328048497,1.469692239,5.811036371,4.430881157,4.945692866,2.481848067,-6.259289827,-4.50321692,-4.265508564,2.579564209,-0.569542669,-7.036916264,-4.96605193,-2.034254728,-1.860338795,-0.943745974,-0.657571125,-0.832555343,-0.963891679
39,Kenya,-6.560991233,-8.276171752,-8.574485432,-4.142013311,-0.229636678,-0.490408868,-0.906758808,-0.027659111,0.842639138,0.380758038,-0.527682131,-1.294537668,-0.727511511,0.502326066,-0.19335509,-0.432191383,-0.95420098,-1.951606992,-3.124429861,-3.673265481,-3.638726354,-5.287786928,-5.24594006,-5.753333226,-6.682220835,-7.453007215,-7.366444588,-6.908667541,-7.399774448,-8.12970594,-8.015341902,-6.956960353,-5.265601763,-4.405357695,-4.161728083,-3.935632943,-3.659799539
42,Latvia,,,,,,,,,-3.442978035,-2.501781659,-1.984623265,-2.504743663,-1.591677511,-0.991929214,-1.020114306,-0.456089482,0.593771938,-3.128670647,-6.941019047,-6.426707337,-3.27415534,0.175019449,-0.560897616,-1.68164657,-1.520017794,-0.395142484,-0.821482948,-0.737902174,-0.380988807,-3.817122877,-5.553729941,-5.967353077,-2.65866432,-1.993780915,-1.964569257,-0.80523745,-0.419477268
43,Madagascar,-4.398129484,-5.003861736,-6.33821748,-7.232908359,-5.087550777,-3.970637581,-1.997251403,-5.307739179,-2.420563572,-2.35253754,-3.614406154,-4.092046062,-3.321644201,-4.232413882,-2.474755887,-5.710995498,-2.307582103,-1.723202612,-2.261323331,-0.760375833,-2.043157171,-2.237311654,-3.402964519,-1.960686063,-2.850272851,-1.107233859,-2.102886554,-1.337829545,-1.42078555,-3.955412557,-2.872095198,-6.483220246,-4.823646523,-4.701872114,-4.067232478,-3.746810158,-3.386277608
44,Malaysia,1.601570994,1.80547431,3.439744485,5.448558356,3.102752362,3.269790264,4.840118079,-0.627248857,-3.002698643,-6.052531378,-4.360678479,-3.959800368,-4.596958967,-3.35346367,-2.832840099,-2.601963366,-2.57083038,-3.404737749,-5.879790486,-4.319070489,-3.567623431,-3.102877242,-3.478227832,-2.62843747,-2.545884366,-2.602873756,-2.411829165,-2.64466841,-2.00979945,-4.619087044,-5.45629143,-4.907508015,-3.77617424,-3.645175001,-3.543308253,-3.359696394,-3.40170702
45,Mali,,,,,,,,,,,-2.798265618,-3.094188867,-1.187494832,-2.359850541,-2.764112925,27.78299183,-2.784249125,-1.976787138,-3.716855526,-2.567534563,-3.416808715,-0.956306003,-2.371998729,-2.886461117,-1.821700512,-3.945064569,-2.861609435,-4.742060674,-1.6840023,-5.420040138,-4.955934059,-5.0,-4.7,-4.0,-3.0,-3.0,-3.0
46,Mexico,1.580155469,2.393153801,-1.603235986,-2.365070307,-2.404946626,-3.84387728,-3.63633337,-4.755545774,-4.721342042,-2.81477226,-2.706675653,-2.290238431,-2.355481126,-1.41030566,-1.49938925,-1.282297332,-1.527124003,-0.712951317,-4.125045437,-3.975055986,-3.335840267,-3.726329435,-3.707050614,-4.534639469,-3.995194916,-2.76529627,-1.062430462,-2.197884481,-2.328653726,-4.413063474,-3.801287619,-3.775645058,-4.111719797,-2.694340128,-2.654898261,-2.655587922,-2.669445127
47,Moldova,,,,,,-7.42327153,-7.470582793,-1.521632104,-2.639090816,-3.546063797,-0.344750246,-1.178997491,0.469967723,0.592848783,1.440722637,-0.418723607,0.148232521,-0.870607993,-6.382820742,-2.178254279,-2.049645065,-1.930739998,-1.565176163,-1.585012059,-1.942798789,-1.546563908,-0.650370778,-0.853156452,-1.465507184,-5.316879851,-2.619252649,-6.190376428,-6.011833731,-4.9,-4.0,-3.6,-3.3
48,Morocco,-0.896334225,-1.844340143,-2.001068306,-2.511105358,-2.539231164,0.867535655,1.498732142,1.470158347,3.205613043,-1.973311886,-3.789967253,-4.368706481,-3.744923431,-3.313373146,-5.455139245,-1.800353725,-0.116219844,0.625905914,-1.629220017,-3.932268009,-6.075339797,-6.631760305,-4.701752703,-4.779650388,-4.514418738,-4.426138532,-3.232984738,-3.430638442,-3.550941334,-7.147453363,-5.941501533,-5.317248036,-5.100466541,-4.401253904,-3.608756306,-2.977122984,-2.696642081
49,Mozambique,-2.129700691,-1.961515954,-2.672602794,-4.232391781,-2.593603621,-2.166132513,-1.896374187,-1.133759959,-0.33013923,-1.32087958,-4.641006356,-3.52665375,-2.752631695,-3.295001073,-2.137278973,-3.143739042,-2.266422394,-1.952715015,-4.473814401,-3.497774602,-4.407618275,-3.520912838,-2.495872917,-9.894718762,-6.660678468,-5.119903257,-1.993068113,-5.58560048,0.112152425,-5.381764001,-3.650866347,-3.352997152,-4.3055921,-3.36104562,-2.184318919,0.029921218,1.472683409
52,Netherlands,-2.055636862,-3.126565697,-3.139122005,-3.539703624,-9.15681223,-1.867508161,-1.569018496,-1.337272854,0.260096934,1.208830837,-0.408607104,-1.996260504,-3.06097775,-1.752738595,-0.449641757,-0.013343689,-0.21335013,0.101205504,-5.167066234,-5.318474875,-4.457230545,-4.012613214,-2.997745521,-2.263237834,-2.091425027,0.011576411,1.316270765,1.429481374,1.721162775,-3.714361041,-2.555946359,-0.752179039,-1.272863006,-1.872430317,-2.465481846,-2.65690962,-2.681825377
56,Niger,,,,,,-0.360475054,-2.387364613,-2.231274026,-4.274022437,-2.828269088,-2.587942768,-2.213222471,-2.174764882,-2.7635914,-1.527615981,31.04509167,-0.746668268,1.11080167,-3.926786258,-0.985197804,-2.193744972,-0.830159875,-1.932357667,-6.124642974,-6.746851709,-4.463526077,-4.11524063,-2.999652786,-3.559543562,-5.338330464,-5.893050492,-6.589135117,-4.692706434,-2.985155486,-3.017857227,-3.004825021,-2.979500473
57,Mongolia,-6.365786559,-8.102580371,-13.34168368,-9.736635528,-4.967950528,-6.882958371,-8.093351526,-12.33694186,-9.907976469,-5.821111521,-4.327369882,-4.735704319,-3.382272171,-1.617960767,2.434672767,7.584876247,2.638636445,-4.521413161,-5.198800741,0.425427469,-4.013807892,-6.243683982,-0.927077628,-3.725394185,-5.042965886,-15.29496044,-3.716047369,2.85428534,1.002708543,-9.240402914,-3.139568792,-0.37490507,0.392338415,-0.998416595,-2.200216969,-2.727254332,-3.099731928
58,Malta,,,,,,,,,,,-6.49114747,-5.647092589,-9.08820889,-4.38153106,-2.608904816,-2.50971543,-2.134612904,-4.12986034,-3.17589946,-2.316674599,-2.378477422,-3.393324154,-2.334994263,-1.69807166,-1.042342931,1.113732588,3.288721619,2.073338282,0.585140465,-9.467752162,-7.912778391,-5.551446102,-4.631843721,-3.003227068,-2.667796745,-2.281803535,-2.125743109
59,Luxembourg,,,,,,2.368589522,2.654756662,2.983284088,3.242223281,5.550770034,5.623139125,2.031106313,0.276430576,-1.392367344,-0.211352956,1.904608632,4.354201978,3.367191874,-0.21305636,-0.25753077,0.650446491,0.503802159,0.840623695,1.331690844,1.303599397,1.889941129,1.366712052,2.986140333,2.299530653,-3.419898725,0.886603422,-1.119829028,-0.394200897,-0.339413102,-0.249729535,-0.322644887,-0.436988936
61,Kyrgyz Republic,,,,,,-9.095616879,-9.304490651,-11.96466933,-13.52278393,-10.69669466,-6.747459221,-5.900032633,-5.1693277,-4.891663885,-3.789101182,-2.095369146,1.276876611,1.924070328,0.377512204,-5.946895222,-4.70461583,-5.861999576,-3.699422342,-3.068269881,-2.516820407,-5.79019542,-3.732926298,-0.590098958,-0.07824198,-3.254843992,-0.397873533,-3.305501653,-5.885094747,-5.92332421,-6.162211617,-6.933867337,-7.23650934
64,Guinea,-3.248325356,-0.959518382,-2.332215361,-2.591085319,-1.07472267,-2.201280485,-0.065439504,2.17853823,-1.301846644,-2.454890694,-3.308429337,-3.528636513,-4.685691016,-3.88371614,-1.074191657,-2.179952135,1.263189428,0.374173012,-4.892582486,-9.661243263,-0.93571808,23.52666389,-3.873635342,-3.157909623,-6.550783854,-0.147390181,-2.061663957,-1.092202156,-0.26391282,-3.116525643,-1.725872782,-1.917941069,-2.786603005,-3.069949536,-2.973161134,-2.562106352,-2.091022547
65,Ecuador,,,,,,-3.292046488,-2.703631201,-4.87985012,-4.617337897,-0.306545905,0.030917104,0.699457232,0.9980083,1.867465896,0.641330682,2.851907229,2.597920152,0.56232864,-3.569994934,-1.357407946,-0.126728357,-2.972797834,-7.787649572,-7.878608878,-6.741800555,-9.622052479,-6.138273035,-4.728904837,-3.449506445,-7.124855259,-1.487018872,0.869646904,1.889976359,1.780458964,1.861389741,1.98076388,1.43426145
66,Dominican Republic,,,,,,,,-0.771255869,-1.298563483,-1.395000562,-1.628853133,-1.809342111,-6.186537755,-3.447419839,-0.403013247,-0.941832349,0.105153081,-3.249804156,-3.016830321,-2.728864335,-3.050161114,-6.560338978,-3.472395611,-2.75273262,-0.032990253,-3.103231263,-3.087516565,-2.160391022,-2.195143637,-7.905062914,-2.922666249,-3.473495251,-3.136076358,-2.971696255,-2.87134533,-2.853532196,-2.777019317
67,Croatia,,,-0.479670382,1.738008366,-1.126363004,-1.189251797,-1.696901206,-2.724138483,-6.96775418,-5.451103765,-5.699838329,-3.258259315,-4.482172089,-4.923655379,-3.63415064,-3.106229771,-2.215657175,-2.80446905,-6.001379993,-6.399707425,-7.874971858,-5.450054245,-5.487699245,-5.474048071,-3.411251762,-0.926186074,0.753098522,-0.029729619,0.234967057,-7.324094803,-2.888419261,-2.778328473,-2.110825483,-1.749746335,-1.235928673,-1.027244045,-0.849693006
68,Benin,-2.251836156,-1.983949184,-0.413379827,-1.56626089,-1.913124195,-0.108263045,0.468233153,1.832176761,1.944146944,-3.692199256,-3.269426664,-3.329892397,-1.072040365,-0.704772656,-1.523283516,-0.146542915,0.222004233,-0.040904611,-2.241002705,-0.275538513,-0.981309004,-0.215565666,-1.365033987,-1.650544396,-5.552835897,-4.288630665,-4.203744682,-2.976436202,-0.539578284,-4.681770031,-5.708796967,-5.501472122,-4.3,-2.9,-2.9,-2.9,-2.9
69,Belarus,,,,,,,,,,,,-7.807180093,-6.739276111,-7.063404255,-6.706171323,-7.705104203,-7.820929775,-10.90631239,-7.231963268,-4.186628048,-2.805920045,0.359824811,-0.981959041,0.092110405,-2.963639129,-1.659082683,-0.336524545,1.804798377,0.909551694,-2.870345608,-1.678942963,-4.321604238,-2.093288966,-0.795200917,0.136922892,0.219012043,0.255773877
75,Uruguay,,,,,,,,,,-2.769992409,-2.864394131,-3.200078612,-2.203016451,-0.871802018,-0.276914432,-0.645634756,-0.157417052,-1.310965409,-1.399646214,-0.388939376,-0.335215018,-2.182024508,-1.729314098,-2.610787972,-1.864821492,-2.671836145,-2.506700446,-1.870900833,-2.757823665,-4.668260089,-2.697842524,-2.864319035,-1.983930122,-2.27641232,-1.83084513,-1.963049994,-1.676685751
77,Rwanda,,,-6.602173275,-9.544827553,-2.040704146,-5.005908368,-2.22081567,-2.590581148,-4.413148341,-0.218411963,-1.801320321,-2.019978587,-1.233751088,2.274462099,1.124332736,-0.029012676,-1.555701078,0.825955226,0.259224325,-0.638694678,-0.860707625,-2.38177809,-1.270072114,-3.917709307,-2.682030464,-2.270757525,-2.516651162,-2.571612761,-5.074200415,-9.533099135,-6.998987388,-6.361496346,-5.723973913,-5.164168485,-4.178977531,-3.775211887,-3.6
80,Sri Lanka,-7.972537516,-4.951440056,-5.774540619,-7.405552746,-7.110119594,-6.892287398,-5.710359367,-6.785599896,-5.583949333,-7.777838189,-8.480272856,-6.904441726,-6.152273326,-6.322859786,-5.933252353,-5.913277332,-5.808207168,-5.930205426,-8.327736252,-6.727562636,-6.00943299,-5.439399571,-5.004734167,-5.991644604,-6.638963111,-4.997481459,-5.098197934,-4.955525473,-7.519227906,-12.06045039,-11.63600582,-9.787844534,,,,,
81,Nicaragua,,,,,,,,,,,0.340528839,2.068782853,1.296053106,1.694838845,1.715671021,1.037551967,1.323846028,-0.40461622,-1.475677905,-0.129764167,-0.060518631,-0.149669949,-0.722808135,-1.241112901,-1.549720942,-1.834805964,-1.77959591,-3.023358211,-0.262397949,-2.205765657,-1.699698436,-2.915989663,-1.90039764,-1.535403326,-1.455799508,-1.143726453,-1.70764186
82,Nigeria,-1.662685198,1.326477091,-8.554766999,-4.165606738,3.550315156,4.748212483,1.599203981,-4.892000471,-1.95844854,4.065055724,-3.221992192,1.342477322,-2.195152295,5.488352319,4.90767945,8.759047318,-1.116384672,5.696888121,-5.325943344,-4.171479476,0.431936968,-0.128606741,-2.662044799,-2.428760931,-3.798570394,-4.643813401,-5.414891504,-4.314981875,-4.690389826,-5.578108123,-6.044871417,-6.240475866,-5.765302625,-5.85559008,-6.038497605,-6.200502147,-6.295184245
83,Norway,-0.118882445,-2.065565195,-1.643094446,0.041252456,2.961094771,6.007766543,7.352170523,3.066914658,5.718314222,15.06484511,13.19339899,9.044948643,7.22115079,10.86577829,14.77301108,17.95050886,17.11022976,18.63774605,10.24166959,10.92962744,13.35486341,13.76736516,10.67440864,8.629196126,6.024071988,4.055681007,4.995505832,7.863586482,6.583725365,-2.814098878,9.111361389,20.30616637,17.78689192,16.00500228,14.33582189,13.23556969,12.17084314
84,Pakistan,,,,-4.022198816,-4.322292393,-4.805582064,-4.286561413,-4.948524702,-3.403128594,-3.562274084,-2.718692356,-2.943918641,-0.13117015,-1.436535659,-2.50039698,-2.919347807,-4.546174027,-6.272212781,-4.48482934,-5.342113711,-5.979480289,-7.668384156,-7.435532993,-4.311054202,-4.667943246,-3.923260741,-5.171266447,-5.673293644,-7.789131389,-7.031588643,-6.04559345,-7.808576463,-4.795032231,-4.144550243,-3.828824359,-3.566349946,-3.342303385
85,Peru,,,,,,,,,,,-2.153764492,-1.403800951,-1.622006561,-1.032734878,-0.435681849,2.02912779,3.348358349,2.483017141,-1.385608717,0.122095216,2.012563131,2.049463703,0.733350097,-0.227421831,-2.11713665,-2.241345742,-2.914109642,-1.987371513,-1.356167175,-8.323241233,-2.54783148,-2.266860972,-2.347185969,-1.885197045,-1.232122393,-0.469847334,-0.221074279
86,Philippines,-0.261848909,-0.434115567,0.628617553,-0.444680686,-0.016032423,0.537036155,0.367057702,-1.308515891,-2.287514488,-3.273769477,-3.494121809,-3.706824254,-3.491060452,-2.807019248,-1.624638178,-0.046357841,-0.284924301,0.016475724,-2.568889507,-2.253638815,-0.304079353,-0.29399883,0.187422363,0.826417643,0.585938333,-0.353222391,-0.371964815,-1.552480186,-1.657903695,-5.72927646,-6.459942348,-5.437328552,-4.660745691,-3.680281222,-2.813654217,-2.04918838,-1.593820293
87,Poland,,,,,,-4.855456919,-4.621967659,-4.267365118,-2.30683638,-4.008516013,-4.74417019,-4.817610238,-6.036106149,-5.007643945,-3.938344548,-3.539422912,-1.882521896,-3.606117998,-7.252035222,-7.400869548,-4.967253501,-3.790772004,-4.225116305,-3.645774227,-2.596234848,-2.38585001,-1.487108527,-0.244773291,-0.736961676,-6.912153466,-1.868976253,-4.124101797,-3.058465646,-4.226694688,-4.157171188,-4.037341888,-3.921058128
88,Portugal,-7.934035385,-5.198424423,-8.062312878,-7.37243596,-5.146931436,-4.635421127,-3.657363514,-4.308013945,-2.991183354,-3.401337076,-4.786319436,-3.784994058,-5.621501111,-5.975178721,-6.111479653,-4.09067102,-2.93997153,-3.699582586,-9.872567217,-11.39839197,-7.663219876,-6.179761681,-5.104507946,-7.308948032,-4.40165664,-1.935023256,-2.9560167,-0.348984473,0.115329374,-5.839946024,-2.829015755,-1.862775243,-1.395859852,-1.123036233,-1.006335988,-1.075198972,-1.19905793
89,Romania,3.229649265,-4.552457333,-0.34982198,-2.19957437,-3.320022929,-4.738327069,-5.187122268,-5.329424962,-3.578793464,-3.988470827,-3.201223514,-2.594812818,-2.286232983,-3.393431562,-0.690414795,-1.359979181,-3.046269936,-4.604743749,-6.858105868,-6.441204546,-4.352388547,-2.614687991,-2.584165695,-2.121709383,-1.49354249,-2.458851242,-2.976472131,-2.949422292,-4.923790521,-9.806435269,-6.86008714,-6.415085475,-5.289430942,-5.023870625,-4.877599121,-4.803508331,-4.368819163
90,Russian Federation,,,,,,,,,-3.586600528,3.107075867,2.991244534,0.672593623,1.350124439,4.57475069,7.596959645,7.803539032,5.585366969,4.5494902,-5.888910069,-3.193876296,1.431818865,0.382340787,-1.162177877,-1.069956332,-3.386423807,-3.670080744,-1.468925155,2.923323248,1.929614932,-3.998697497,0.798238366,-2.298728873,-2.052412984,-1.182777953,-0.398849212,-0.145490785,0.041133964
92,Senegal,,,,,2.407289396,0.921537013,0.980116506,0.92713551,-0.615476591,0.781855161,-1.44136481,0.190711366,-0.51617328,0.184422381,-0.263032543,-3.66518227,-2.797821263,-3.53109852,-3.66282914,-3.937663912,-4.924469194,-4.184508792,-4.335438181,-3.896273247,-3.663397441,-3.27210404,-2.968032331,-3.662643211,-3.853051536,-6.404580523,-6.297084554,-6.171367956,-4.478760855,-3.01100291,-3.001324657,-3.014549183,-2.986472008
94,Slovak Republic,,,,,,-9.81582005,-6.266330282,-5.297077746,-7.173019399,-12.63099713,-7.220592686,-8.220554198,-3.120095469,-2.314229283,-2.874284945,-3.578512954,-2.050396274,-2.523377839,-8.14938935,-7.50261709,-4.322083576,-4.368948582,-2.888544854,-3.114749359,-2.672985497,-2.582386791,-0.982320598,-1.011851714,-1.295933991,-5.468330016,-6.150061881,-4.012426839,-4.244254494,-3.745195634,-3.337698158,-3.121774335,-3.218879798
95,Slovenia,,,,,,-1.093247059,-2.306941784,-2.326111596,-2.971567227,-3.645023895,-4.450602193,-2.374238808,-2.594745699,-1.941132611,-1.324123434,-1.231001929,-0.049039873,-1.393777834,-5.813007345,-5.599784402,-6.629230462,-3.99467083,-14.57852709,-5.507210178,-2.847428486,-1.919234878,-0.053009325,0.743521165,0.420949826,-7.897602327,-5.180743737,-3.129194387,-2.83008377,-2.31888591,-1.876675223,-1.762588751,-1.683520449
96,South Africa,,,,,,,,,,,-1.015463634,-0.958147438,-1.588173289,-1.043936763,-0.10291293,0.814831847,1.21881642,-0.485690261,-4.668769617,-4.520303042,-3.704964813,-4.037954565,-3.905114742,-3.924273151,-4.373993778,-3.72499293,-4.015834079,-3.742434002,-4.709854654,-9.67212322,-6.036731067,-4.897494708,-5.36012102,-6.166709534,-6.612435992,-7.037453205,-7.519314614
97,Spain,-4.584653708,-4.269929251,-6.89839034,-6.322850298,-6.80183734,-5.888375551,-3.866533741,-2.631692888,-1.238329325,-1.16076073,-0.454926083,-0.316722522,-0.375062635,-0.095178588,1.231564543,2.124079644,1.88621705,-4.572251048,-11.27591944,-9.526628377,-9.739575451,-11.55078222,-7.530568002,-6.113114465,-5.311389304,-4.299809667,-3.103281185,-2.594952541,-3.063063787,-10.26785555,-6.872586744,-4.933131256,-4.422910244,-4.161357523,-4.100801605,-4.28660654,-4.286589451
99,Sweden,0.305510724,-8.457138966,-10.82439357,-8.729767966,-6.973142582,-3.091031949,-1.54972307,0.845833885,0.633121572,3.136389703,1.406460998,-1.409094128,-1.216326232,0.20203562,1.810967611,2.135076504,3.331196966,1.920959554,-0.836294624,-0.090077712,-0.3376159,-1.113439552,-1.462616061,-1.524570908,0.012299113,1.034783221,1.42271703,0.818361554,0.564339607,-2.790571392,-0.260335082,0.096856852,-0.360827373,0.72216223,0.572922459,0.400967036,0.343849022
100,Switzerland,-1.846826717,-2.960800333,-3.14507495,-2.592937988,-1.858296641,-2.014239708,-2.33367782,-1.306635932,-1.572477317,0.281993655,0.20747886,-1.745749271,-1.358939967,-1.392950132,-0.646201581,0.846426614,1.575662252,1.934778226,0.498068787,0.354301316,0.683617276,0.235252682,-0.432456545,-0.247067183,0.545701586,0.238326704,1.130260692,1.290079648,1.341112643,-3.023544195,-0.747301318,-0.139119247,0.270499367,0.403202946,0.388383562,0.419153901,0.431777508
101,Tanzania,,-4.958785044,-2.023239438,-3.737071552,-2.117470592,1.570933934,-0.026471672,0.132649965,-1.138976744,-0.730489235,-0.414088584,-0.726687209,-1.774952997,-2.433816886,-3.276093708,-3.383750057,-1.44348043,-1.91719457,-4.46352826,-4.743837971,-3.511364762,-3.996943201,-3.759214945,-2.911427175,-3.168578542,-2.083237999,-1.158023828,-1.931632913,-1.980139939,-2.503417591,-3.099743485,-3.116605425,-3.253689644,-2.944199402,-2.645550057,-2.546465119,-2.494798743
102,Thailand,,,,,,2.749301283,-1.680828895,-6.292091253,-9.017192244,-1.792068001,-1.768093556,-6.722498641,1.978324178,1.105924705,2.17304018,1.866659795,0.219944574,0.801032877,-2.213973862,-1.069704512,0.094141532,-0.860479551,0.515540594,-0.800922331,0.13237768,0.569430053,-0.424881961,0.064059625,-0.815436658,-4.713196336,-7.027861605,-5.576860663,-3.169413314,-3.165306319,-3.362147059,-3.342185292,-3.470472034
104,Uganda,,,,,,,,-0.704580448,-1.23720658,-0.623678685,-0.993817731,-2.068174876,-0.96912042,0.342505422,-0.16996894,-0.637013441,-0.815082587,-1.994766341,-1.609836154,-4.644662136,-2.042710281,-2.385337726,-3.190482822,-2.740455131,-2.519382113,-2.61216755,-3.55079526,-3.022523054,-4.821834459,-7.468529567,-7.741137402,-5.529004383,-4.690499087,-3.951542206,-3.223490357,-1.540948256,-3.780730121
105,Ukraine,,,,,,-3.093274027,-5.373913832,-2.687960264,4.954458362,-3.186267271,-3.031377244,-1.84119974,-0.893075984,-4.414977932,-2.276962102,-1.364704915,-1.967389628,-3.138849767,-6.271518025,-5.772013794,-2.76155758,-4.307064511,-4.784336315,-4.459976275,-1.159825106,-2.228727628,-2.293801832,-1.924379622,-1.927335152,-5.918002884,-3.325580498,,,,,,
106,United Kingdom,-2.646638965,-5.448896961,-6.656607217,-5.727518162,-4.956822795,-3.531641555,-1.977671284,-0.306715896,0.63111222,1.352753755,0.216195296,-1.871320367,-3.102534187,-3.042194747,-3.113479312,-2.745066438,-2.633094359,-5.095224275,-9.985935573,-9.195413706,-7.435898818,-7.569618121,-5.467792801,-5.497286482,-4.507413141,-3.303220509,-2.352772319,-2.159236196,-2.20943447,-12.76066892,-7.985309634,-4.274131701,-2.252211888,-1.479237385,-1.377254514,-1.254539974,-0.991590085
107,United States,,,,,,,,,,,,-3.814422048,-4.764259435,-4.237157935,-3.06826339,-2.029220591,-2.905704959,-6.604442496,-13.17027673,-10.98271809,-9.702940276,-8.101544548,-4.547543597,-4.049080733,-3.531946155,-4.373343817,-4.601602957,-5.330608487,-5.45628515,-14.4916207,-10.90649721,-4.02857197,-5.711268336,-6.573731245,-7.39546353,-7.3350557,-7.072667421
108,Uzbekistan,,,-11.95216255,-4.472884414,-1.769658195,-1.570536838,-2.048985542,-3.039163395,-2.906823583,-3.656908051,-3.278347196,-6.314540223,-4.871950383,-3.74113297,-3.521035255,2.722160671,3.554055237,5.970999651,1.818659929,2.561481844,5.109829284,5.885252278,2.1514224,1.898119725,-0.277268365,0.704305414,1.148478614,1.971623013,-0.326207051,-3.272525782,-4.674414195,-3.958478684,-2.930617442,-2.907971549,-2.933934231,-2.985161356,-3.013366265
109,Vietnam,,,,,,,,,-1.245925401,-1.605298969,-2.192236614,-1.854854447,-2.558549626,-0.149549058,-0.953925795,0.200579869,-1.738695464,-0.447187085,-4.824294863,-2.250905538,-0.900955874,-5.46226463,-5.964025798,-5.016688996,-4.983223683,-3.163970782,-1.964006587,-1.025698288,-0.401514397,-2.889275397,-3.466468035,-4.684462609,-4.669543257,-4.367763908,-4.04892092,-3.774556253,-3.352801233
111,Zambia,,,,,,,,,,,-5.892186391,-4.498904659,-5.314294719,-2.508440648,-2.372064414,16.91274579,-1.036850222,-0.667891772,-2.057125339,-2.432209004,-1.783438537,-2.831892505,-6.207700838,-5.79906306,-9.538398184,-5.690863327,-7.498812702,-8.308662167,-9.407188844,-13.78274722,-8.433813913,-9.509372577,-9.085501349,-8.064791405,-6.518898902,-6.65062054,-3.886607869
126,Bangladesh,0.442274508,0.355790684,0.426016452,0.032056048,-0.376739331,-2.014710377,-1.940527594,-2.196612848,-1.349645487,-2.495755872,-3.439108826,-2.304819079,-1.957904162,-2.207668024,-2.398161728,-2.147528073,-1.86386098,-3.364729062,-2.679681507,-2.233345862,-2.964583095,-2.555972216,-2.856794877,-2.618950491,-3.289744759,-3.162914254,-4.167013437,-4.068462459,-5.408219166,-4.840447187,-3.605373441,-5.1,-5.5,-5.3,-5.123949613,-5.039638652,-5.03227103
127,Cyprus,,,,,,-2.956362634,-4.821219576,-3.85107839,-4.053845759,-2.239735724,-2.107402184,-4.130672729,-5.907264971,-3.71166906,-2.22433614,-1.041243492,3.228145915,0.865878293,-5.433321732,-4.696596565,-5.6657796,-5.566186229,-5.172576675,-0.234077831,0.18564391,0.244067367,1.957975639,-3.583541159,1.296398507,-5.75680339,-1.65874141,-0.49823514,0.914829932,1.287654309,1.564489011,1.692200241,1.68844244
128,Tajikistan,,,,,,,,,-4.03175014,-5.554753176,-3.18848011,-2.441323133,-1.762024288,-2.368758614,-2.898959988,1.705167011,2.232457357,1.803957994,-0.309020305,-2.97868327,0.866415803,0.589504209,-0.901501823,0.849356076,-1.972164486,-8.979236295,-5.655703804,-2.693969176,-2.052800576,-4.339408901,-0.680772099,-2.5,-2.485393856,-2.481034232,-2.483197696,-2.49621458,-2.544781185
130,Lithuania,,,,,,-4.24612128,-1.705048174,-5.596197483,-8.28331117,-3.985274189,-3.621424891,-1.796199609,-1.266856014,-1.533644318,-0.504971415,-0.447073428,-0.999299027,-3.269354208,-9.341737194,-6.899187932,-8.931396335,-3.141071102,-2.614627463,-0.664273823,-0.207788313,0.259193261,0.454155165,0.597168394,0.264634189,-7.268250413,-1.00138851,-1.985221237,-1.720734686,-1.509999202,-1.368572195,-1.300772819,-1.012432262
131,Fiji,,,-1.830889902,-0.190562647,0.767827977,-3.351468877,-4.48276478,5.21346506,1.09888248,-1.36669275,-4.404844547,-3.584986113,-3.339139959,-0.952479916,-1.1441011,-0.740544936,0.295148029,1.335928602,-2.866934146,-1.258244746,-0.686522662,-0.669215085,-0.07620479,-3.355773232,-3.833480872,-5.582510067,-2.03619274,-4.28422141,-3.556428209,-8.729384596,-14.13174209,-12.42015125,-10.29886585,-8.30610507,-7.633443344,-7.207133479,-7.045178018
133,Lesotho,9.835445297,4.738445255,7.55318358,5.694375183,5.132549112,2.113916912,0.266791399,-11.78793319,-15.30211727,-0.959985156,-2.7262054,-2.387396402,0.921222365,6.092264377,4.415688825,11.45650259,9.458479851,3.555905489,-6.158281278,-3.389915291,-9.988618999,4.239488842,-3.106434589,2.960537974,-1.413084259,-8.901759354,-1.089699682,-4.756991058,-7.452543147,0.215051484,-4.417482499,-6.635895866,-5.93904424,-4.972286251,-4.295894161,-2.378687475,-1.988152348
134,Malawi,,,,,,,,,,,,,-2.602409801,-2.612929713,-1.629495765,-0.048299869,-2.556166712,-2.924176008,-2.968777618,0.625491058,-2.849799059,-1.45384004,-3.727255632,-3.08256259,-4.168907772,-4.902310666,-5.150079746,-4.345596131,-4.549471994,-8.182709703,-8.94758255,-7.132495313,-7.957434172,-6.812931192,-6.169425657,-5.151750704,-4.137938128
135,Mauritania,,,,,,,,,,,,,,,-3.157998999,2.049594643,-1.381907798,-3.321092557,-3.591920274,-0.450843019,0.074445315,1.665969653,-0.661569499,-2.639528711,-2.442532221,0.132042365,0.530741098,3.226516929,2.591568254,2.7357814,2.797486849,-2.103931562,-2.398318785,-1.962421806,-2.261583845,-2.596041696,-2.649531356
136,Panama,,,,,-2.665708684,1.62918814,-0.778927949,-2.599261935,-0.957072792,-0.564226021,-2.162733456,-3.058377249,-4.373241395,-4.550079819,-2.434277532,0.475247992,3.200345614,0.385805669,-0.881863937,-1.713025887,-1.864309318,-1.405969086,-2.226543945,-3.126501646,-2.421168181,-1.974958651,-2.16383489,-3.193840478,-3.394923548,-10.35810506,-6.661800687,-4.03281292,-3.022694391,-2.016500127,-1.523450465,-1.530641865,-1.523673498
138,Serbia,,,,,,,,,,,0.36022864,-2.590096027,-2.655655675,0.065933255,1.044527918,-0.927731032,-0.833899512,-1.787971119,-3.433188847,-3.484937483,-3.905057099,-6.359644356,-4.992577579,-5.852923722,-3.379494801,-1.119070043,1.369755911,0.811166235,-0.004562657,-7.242202649,-3.310346982,-2.761795224,-1.39889026,-0.975762246,-1.016799258,-1.06167153,-1.09843964
141,Jamaica,3.967601495,3.185847854,2.664881154,2.657328315,1.646650631,-5.453256965,-6.712351798,-5.96907576,-3.624164942,-0.819423957,-5.013552109,-6.942111087,-5.816881233,-4.802685254,-3.386604909,-5.028681071,-3.924004717,-7.622443134,-11.38298899,-6.437442921,-6.50714474,-4.155650824,0.121494536,-0.504221824,-0.294269909,-0.197399508,0.460329175,1.19626041,0.919468641,-3.058054432,0.781905318,0.278202531,0.307561657,0.306969643,2.455383219,2.55795575,2.590576202
143,Montenegro,,,,,,,,,,,,,-4.049843664,-2.449932467,-1.414348335,4.331086791,8.431067607,-2.295634015,-6.712356986,-4.869465523,-6.733923739,-5.843170144,-4.490775956,-0.698126512,-5.960589713,-6.178046507,-6.811979929,-6.213197641,-1.768113209,-10.933781,-1.707677906,-4.978466697,-4.58514844,-5.20026386,-5.694420052,-6.264185314,-6.463124007
150,Bhutan,-0.517032775,-3.729230363,5.057586924,-0.138559763,-0.950632394,2.744254347,-2.058304784,1.372068329,-1.376169603,-3.643187645,-13.07516333,-4.654306391,-10.99683842,1.941298341,-7.508358122,-0.079272218,0.853084953,-2.755329622,-0.862306083,2.100541881,-3.353221595,-2.333813089,-5.033079104,2.926805186,-0.199832818,-1.934947337,-4.786056182,-2.580629847,-1.168445173,-1.692094634,0.127874308,-9.985229323,-8.770276027,-5.614982496,-4.597345778,-2.857444373,-2.719400439
153,Botswana,,,,,,,,,,8.948543416,-2.964400734,-4.02249122,-0.180257435,1.41829536,10.71121397,13.71568278,5.918588916,-7.59126934,-14.41982371,-8.355128684,-0.11670365,0.915195726,6.070143283,3.884206387,-5.062025462,0.716520386,-1.155323968,-5.073155835,-8.431285152,-11.44775078,-2.732239896,-1.546481959,1.109760784,2.358588868,2.533905752,2.515954503,2.469327864
156,Bulgaria,,,,,,,,,0.150669235,-0.604752803,-0.580088456,-0.61432026,0.002552001,1.593250814,2.187148295,3.22108651,3.088241658,2.7336331,-0.855506206,-3.769872117,-1.8338337,-0.43415047,-1.751798528,-3.651737303,-2.773706163,1.539022717,0.822980641,0.12289889,-0.957215925,-2.944205577,-2.945814246,-3.250812809,-1.98103282,-1.288742181,-1.117986746,0.136403977,0.524035436
157,Albania,,,,,,,,-9.925556476,-8.841427942,-7.772064132,-6.83716591,-6.211610794,-5.006109116,-5.162748126,-3.457787955,-3.263216216,-3.179136855,-4.884198091,-6.586478234,-3.520121859,-3.516311953,-3.440600383,-5.215218883,-5.457544146,-4.317810631,-1.497589917,-1.405554022,-1.316540615,-1.944197118,-6.713410738,-4.515075647,-4.078058879,-3.650616146,-2.873168077,-3.005298664,-3.021578388,-3.014935534
164,"Gambia, The",,,,,,,,,,,-2.522861367,0.059382814,-1.732202164,-1.7660224,-3.332376241,-3.193722105,0.274808161,-0.454398519,-1.647543535,-2.927866698,-3.013881237,-2.822915823,-5.065033087,-3.936774188,-5.375322951,-6.224009695,-4.348708194,-5.737855916,-2.548126479,-2.17599928,-4.619055035,-4.36421562,-2.685957611,-1.451823575,-0.927788789,-0.45827251,-0.358758134
167,Belize,,,,,,,-1.866501168,-2.802530228,-6.85347739,-7.026199023,-7.508524083,-5.61026899,-8.682912828,-4.667945752,-3.826566415,-2.338254363,-0.194175632,1.280849732,-2.499676751,-1.919185399,-1.065913651,-0.225585577,-1.208270298,-1.723507577,-5.130191661,-4.495778463,-3.485019935,-1.374442279,-2.914575132,-7.278860487,-1.924656759,-1.792309007,-1.599465413,-1.567071068,-1.556957578,-1.657549499,-1.656792954
168,Bosnia and Herzegovina,,,,,,,,,-2.782004805,-4.636680688,-3.453171335,-2.995440641,-0.443560243,-0.183507254,0.759527836,2.149340776,0.173865791,-3.904629716,-5.345513464,-4.06070758,-2.729788825,-2.684882354,-1.281935441,-2.872162548,-0.19655537,0.34593077,1.813818651,1.656165085,1.386633254,-4.679799522,0.747631693,0.501981338,1.079867683,1.006754438,1.124929905,1.216743472,1.16396637
169,Guinea-Bissau,,-0.252381998,-0.337747663,-5.541399775,2.449644226,3.478052566,-2.55580984,-5.954428769,-4.064589499,-2.800830636,-1.825661848,-3.70366484,-5.627553397,-5.91951606,-4.960269796,-4.574471073,-8.774457664,-0.734810049,2.679352216,-0.225076328,-1.353676216,-2.122832796,-1.672842256,-2.435816657,-3.161462609,-5.341001642,-1.320655423,-4.764123282,-3.861457398,-9.637570672,-5.693081227,-4.449911029,-4.048938367,-3.528621805,-3.018750304,-3.009272674,-2.998140036
170,Jordan,-9.907114977,1.82824842,-2.107970963,-2.274442993,-1.692776945,-3.204256498,-2.941032813,-5.39817081,-2.696573917,-3.994973032,-2.773532517,-4.478142112,-2.531711278,-1.089015514,-5.421345333,-3.88640627,-5.119809272,-4.797207512,-8.842168272,-7.814288075,-9.817935211,-14.32902597,-10.06691883,-8.475494494,-8.38929576,-3.657406372,-3.584064621,-4.659822758,-6.013184464,-8.589741121,-8.046302008,-5.859850095,-6.549722751,-5.901899937,-4.07664562,-3.573043217,-3.094884534
172,Costa Rica,-2.410503222,-1.513649672,-1.522542038,-5.461607904,-3.683910402,-4.322043805,-3.390160076,-2.964826134,-2.881497527,-3.683747924,-3.47052369,-4.992425787,-3.432176192,-3.415232679,-2.783864883,-1.429195003,0.309217054,-0.281115346,-3.439932266,-5.210408732,-4.129323123,-4.460375549,-5.441560389,-5.734284986,-5.479264641,-5.129306492,-5.971554845,-5.730079516,-6.732246131,-8.442127173,-5.1320955,-4.335659829,-3.995229281,-3.150530558,-2.612567015,-2.302934555,-2.000844909
180,Tunisia,,-3.451425729,-3.220934886,-2.87101795,-4.527071151,-5.178711222,-3.703689392,-2.837586872,-3.052411347,-3.215021815,-2.874496552,-2.547300189,-2.644189109,-2.100083357,-2.588801834,-2.334445362,-2.466123339,-0.619393262,-2.586913004,-0.456608974,-3.193155753,-4.898624998,-7.047616831,-3.114746175,-4.948556468,-5.868946777,-5.607335273,-4.265326977,-3.614463354,-9.052464967,-7.592659414,-6.575472897,-5.342969042,-3.467911962,-2.266232198,-2.134708938,-1.728994018
183,Eswatini,3.30219872,-2.814669031,-3.197478919,-3.50911681,0.870096375,-0.971459448,2.046204704,1.040365402,-1.232489052,-1.18753226,-2.246268195,-3.673515978,-2.08510963,-3.980422804,-1.654824395,8.62125017,2.364768277,1.580273527,-2.966778253,-9.240560785,-3.900955292,3.382623033,0.568758685,-2.719072794,-6.165269952,-9.099361474,-6.93796144,-9.661263051,-6.703447917,-4.61903472,-4.695875959,-6.465509372,-2.636656646,-1.620522861,-0.454456719,-0.365537001,-0.296347594
185,Guatemala,,,,,,0.037066655,-0.789871086,-2.291332639,-2.96190769,-1.876629031,-2.003346107,-1.0322005,-2.468632805,-1.04761479,-1.670119167,-1.878487661,-1.403011627,-1.569811649,-3.120003493,-3.277254046,-2.804110762,-2.416249523,-2.163820819,-1.921281986,-1.472112172,-1.110088955,-1.384181338,-1.880525562,-2.236096516,-4.915474182,-1.184858673,-1.891168104,-2.055070991,-2.015001917,-1.876344302,-1.828277523,-1.795906366
187,El Salvador,-2.304631421,-4.288814717,-1.416472235,-0.943044388,-0.176867222,-2.702390388,-1.972371367,-2.93992598,-3.082452401,-3.445502691,-4.945070942,-5.504023432,-3.950802327,-2.759258975,-3.473082246,-3.416040219,-2.324214359,-3.800515106,-6.646329351,-4.965441305,-4.470022011,-3.807931232,-4.457194723,-4.017487813,-3.63214164,-3.104198473,-2.528184423,-2.705906605,-3.070257062,-8.215440829,-5.588834275,-4.789572162,-5.584470127,-5.89047985,-7.032338509,-6.758108287,-6.607622035
189,Georgia,,,,,,-5.906439568,-6.787721913,-3.996806684,-4.723755949,-1.920652957,-0.707233134,-0.18632751,-0.547679837,3.59176379,2.14458992,3.283746628,0.809165518,-1.921932696,-6.364514485,-4.543669568,-0.827435457,-0.727961372,-1.271981037,-1.812926305,-1.184195651,-1.519581028,-0.484457658,-0.816506759,-1.842420924,-9.254575818,-6.020993426,-2.968217885,-2.510435474,-2.210802995,-2.083635813,-2.049572996,-2.033994343
190,North Macedonia,,,,,,,,-1.627108937,0.027719895,2.374911692,-5.882148174,-5.241777265,-0.07222778,0.374057385,0.213175372,-0.507712308,0.577298374,-0.928438863,-2.627694623,-2.410718573,-2.473792833,-3.80691789,-3.8360919,-4.194977172,-3.475241254,-2.701775741,-2.733511728,-1.755243411,-1.967855426,-8.212144265,-5.36241182,-5.268112859,-4.191255068,-3.390025446,-3.18508509,-2.98143255,-2.813078716
191,Maldives,-10.22048926,-12.60424043,-13.88751066,-4.815971257,-5.66214705,-2.012827608,-1.461104414,-2.251008989,-3.028205148,-3.892650351,-3.965632671,-3.96736936,-3.44542693,-2.256836087,-7.806721633,-4.523729991,-3.157810014,-9.924864782,-17.93258965,-13.57974728,-8.130091872,-6.90515655,-3.48684103,-2.418189574,-6.547765606,-9.997560968,-3.06062117,-5.26968161,-6.680924734,-23.50522413,-14.2815099,-16.370753,-11.99503616,-8.821032257,-7.217544517,-5.035413172,-4.698752214
193,Kosovo,,,,,,,,,,,2.922245086,3.394641418,1.570293813,-4.618969711,-2.285693731,2.643792612,6.682631732,0.039073402,1.618183195,-1.009465804,-1.036484516,-2.444515427,-3.420374123,-2.650188546,-2.115887544,-1.70870994,-1.425765024,-2.861426369,-2.926952971,-7.881882997,-1.372919811,-0.968923911,-2.048301583,-2.087673461,-2.064442562,-2.054521508,-2.041989516
195,Paraguay,3.410529309,3.001687502,4.399182129,4.871144365,3.15006038,2.66893573,3.207508871,4.257148273,2.696170829,-0.410659566,0.286484357,-1.856663582,-0.013196598,0.851638893,0.957654465,1.66976586,1.605109818,2.225387447,-0.389268551,0.531161671,1.446613687,-1.20832135,-1.068227969,-0.551439749,-1.813703262,-0.396735787,-0.881853505,-1.540551642,-3.754974926,-7.158766286,-6.15388519,-4.946060887,-3.545195803,-2.404550097,-2.421992094,-2.320253065,-2.232724848
199,Togo,-3.519135946,-2.272374436,-8.459314858,-5.372335618,-2.969339462,-3.259356469,-0.9833922,-3.250921051,-1.755993404,-3.445716841,-0.715579384,-0.280209565,1.434829903,0.609986167,-1.666330644,-1.944883434,-1.918274432,-0.603112827,-2.719838369,-1.705020321,-4.644798636,-4.801705864,-5.249261295,-7.368864271,-7.17867014,-7.070799045,-0.207831901,-0.583677392,1.613404077,-6.8749528,-5.982776685,-6.11785959,-4.642678437,-3.432207627,-3.03532169,-3.044332743,-3.087475673
202,Burundi,4.82006422,-4.846283138,-1.418834317,-2.050229101,-4.325670786,-10.02642197,-5.215436113,-5.16027611,-6.144991045,-6.434716351,-8.720943929,-5.38114621,-14.73779663,-15.46005765,-10.55558277,-9.92376714,-2.510488923,-2.704250223,-5.144892602,-3.637291735,-3.490980521,-3.79388297,-1.89891993,-3.929128776,-7.559298915,-7.111496679,-5.006278457,-6.658993932,-6.395290242,-6.585103132,-4.216174025,-7.327467451,-7.594671926,-4.671442224,-2.681595656,-2.429932452,-2.254763398
206,Djibouti,-0.8634552,-6.138314993,-7.104202583,-4.969377389,-5.135452505,-1.76744455,-2.859918111,-3.59482897,-5.200746727,-3.977387807,-3.608917086,-4.568473415,-4.137515059,-3.671443231,-1.179213865,0.261511388,-1.882776062,0.623271227,-3.885988053,-1.045472849,-1.185623954,-2.04352197,-4.248717834,-6.876617553,-15.45315373,-8.303328279,-4.511918827,-2.877341511,-0.9175666,-1.731361881,-3.389300301,-3.797608754,-3.082339445,-2.760265495,-2.591246363,-2.44238025,-2.144457972
