,Country Name,2002,2003,2004,2005,2006,2007,2008,2009,2010,2011,2012,2013,2014,2015,2016,2017,2018,2019,2020,2021
1,Aruba,,,0.762953818,0.864074349,0.855286777,0.877206326,0.894702375,1.28930068,1.344837785,1.317276955,1.402131438,1.420879602,1.245360851,1.366900325,1.344240308,1.189792037,0.854680657,0.855567157,0.925700963,0.946877241
2,Andorra,1.422462821,1.414684296,1.41426146,1.359160781,1.34977591,1.378267288,1.398588419,1.405673504,1.389426827,1.611425281,1.561860085,1.558740973,0.880748272,0.908654094,0.86785984,1.205159068,1.1918962,1.22653389,1.343301415,1.362524509
3,Afghanistan,-1.81154573,-1.463107824,-1.511548996,-1.643440247,-1.689468622,-1.708872318,-1.607166886,-1.664507627,-1.516528249,-1.536323905,-1.192579746,-1.1930902,-1.124133706,-1.006208181,-1.336581707,-1.355372787,-1.147590399,-1.123045802,-1.402760983,-1.338022232
4,Angola,-1.294135094,-1.187467456,-1.226713538,-1.240036249,-1.156215668,-1.075312614,-1.101495981,-1.059525251,-1.0602175,-1.107531548,-0.990437567,-1.041670442,-0.860683441,-0.84234482,-0.957892835,-1.026228189,-0.785790086,-0.820471883,-0.841778457,-0.662632108
5,Anguilla,,,0.907688737,1.111617446,1.34977591,1.378267288,1.398588419,1.405673504,1.389426827,1.36641407,1.321213126,1.319419265,0.880748272,0.908654094,0.86785984,0.839894116,0.821928322,0.844433665,0.94280678,0.955576837
6,Albania,-0.311400771,-0.490216553,-0.187491566,-0.400731236,-0.148599386,0.034550302,0.137666509,0.241446003,0.233281955,0.283972561,0.240491986,0.254160255,0.279037684,0.189514965,0.196168706,0.23308672,0.266459137,0.285658628,0.235864624,0.192754015
7,Netherlands Antilles (former),,,0.642341197,0.864074349,0.855286777,0.877206326,0.894702375,0.90409261,0.891692638,0.876391232,0.839919209,0.840776086,,,,,,,,
8,United Arab Emirates,1.078349113,0.638878942,0.792539001,0.651603818,0.624527931,0.60901165,0.567518592,0.443285644,0.318565339,0.445208371,0.670992136,0.774973035,0.987515152,1.106638789,0.969070077,1.01081419,0.928818166,0.977581739,1.085910559,1.01389575
9,Argentina,-0.880716562,-0.69147563,-0.6980353,-0.525074363,-0.614566982,-0.63569355,-0.702629447,-0.830836773,-0.742940903,-0.701964378,-0.897686779,-0.928134799,-1.066149592,-0.876747191,-0.33751902,-0.181595474,-0.183625966,-0.436932802,-0.483492196,-0.618144751
10,Armenia,0.056333646,0.167570353,0.109250002,0.089062668,0.292330682,0.265207171,0.300939858,0.27345407,0.268946558,0.246940598,0.334273398,0.235182688,0.158519909,0.201865211,0.214404643,0.240957707,0.360776484,0.255927444,0.251729071,0.145152628
11,American Samoa,,,0.497606158,0.368987888,0.360797524,0.376145482,0.390816242,0.402511686,0.39395842,0.386368304,0.358625293,0.362132907,0.177999645,0.168665841,0.132687509,-0.255901217,-0.287974954,-0.301867425,0.542312026,0.548629165
12,Antigua and Barbuda,0.698325157,0.682984054,0.582346559,0.584638536,0.547179878,0.530372381,0.642759264,0.653302133,0.642825544,0.631379724,0.599272251,0.601454556,0.529373944,0.370155632,0.337577105,0.249312833,0.412241846,0.483430833,0.512654901,0.390355736
13,Australia,1.421155572,1.575263143,1.711219549,1.599512935,1.62376225,1.684215903,1.766017556,1.816927552,1.695976734,1.852122784,1.778897166,1.79121995,1.857373476,1.783806562,1.893965244,1.928243279,1.901642442,1.872158647,1.822517872,1.83872807
14,Austria,1.538056254,1.537136078,1.514102817,1.604957461,1.644411087,1.691163898,1.60645175,1.450018525,1.450515866,1.376976848,1.517164707,1.482213736,1.482170105,1.398648381,1.437176466,1.435420275,1.530134678,1.4575665,1.405209184,1.348706007
15,Azerbaijan,-0.731832385,-0.601958394,-0.621019125,-0.580545425,-0.52337569,-0.466508985,-0.367752314,-0.316738784,-0.392555356,-0.386364639,-0.488716811,-0.425340503,-0.268493652,-0.353247523,-0.386264741,-0.357856959,-0.302665323,-0.214039907,-0.323556036,-0.059605457
16,Burundi,-1.214292169,-1.20160675,-1.191961408,-1.337775469,-1.189755201,-1.228424907,-1.240296006,-1.167749643,-1.122368693,-1.020373702,-0.952941537,-0.900794625,-0.733122706,-0.735208213,-0.844684064,-0.854293644,-0.990732431,-0.972790122,-1.043318987,-0.984301567
17,Belgium,1.254180551,1.281626225,1.346416473,1.271361947,1.329937816,1.420544147,1.405670285,1.310220242,1.282815099,1.236216903,1.222170353,1.283747077,1.152885199,1.283219576,1.337367177,1.242281437,1.266826153,1.289381981,1.354357123,1.342472672
18,Benin,-0.573989809,-0.621432841,-0.619886994,-0.641528606,-0.461876184,-0.506433964,-0.554605663,-0.398531437,-0.401749998,-0.40187946,-0.401261717,-0.415549964,-0.620842099,-0.601894319,-0.573481381,-0.507834852,-0.38123408,-0.432607293,-0.468183726,-0.43148464
19,Burkina Faso,-0.137807384,-0.361612886,-0.329019099,-0.456178695,-0.396016359,-0.313472509,-0.229373604,-0.141745225,-0.208372116,-0.205170572,-0.139083847,-0.197507471,-0.340953946,-0.405414432,-0.437461883,-0.464947999,-0.392703414,-0.409996361,-0.468467951,-0.46693927
20,Bangladesh,-1.055441499,-1.044749141,-1.175912261,-1.081751704,-1.005542517,-0.953167856,-0.91451782,-0.866342843,-0.85759306,-0.81707859,-0.959472537,-0.923936903,-0.955160499,-0.908241212,-0.804246247,-0.813100755,-0.842074037,-0.93116945,-0.904267788,-0.845715046
21,Bulgaria,0.52767992,0.668375254,0.707843781,0.657545507,0.616540432,0.643360615,0.734121799,0.694785178,0.680432558,0.552520037,0.574710846,0.549109817,0.585273623,0.591456354,0.710182667,0.668624163,0.615697503,0.543415308,0.474105209,0.448316187
22,Bahrain,0.867863119,0.621469796,0.702606559,0.659460783,0.682441473,0.76476717,0.711206675,0.692689776,0.712015808,0.716491401,0.684159577,0.602282524,0.704518795,0.815443456,0.604506552,0.412573814,0.414948463,0.483154505,0.626398087,0.849090099
23,"Bahamas, The",1.297623158,1.153908849,1.124398232,1.104997158,1.050473452,1.028546214,1.052829504,0.801063418,0.54899472,0.523855805,0.390349686,0.18655315,0.169124857,0.162390649,0.253657579,0.119374871,0.178465888,-0.050464157,0.011817453,0.064141877
24,Bosnia and Herzegovina,-0.607061386,-0.46620518,-0.23462072,-0.578913093,-0.468090147,-0.286616474,-0.175438628,-0.110355966,-0.119476207,-0.058966167,-0.061737765,-0.074898683,-0.041672681,-0.167333737,-0.128769919,-0.043219082,-0.128680289,-0.112791009,-0.166626409,-0.178626731
25,Belarus,-1.395955443,-1.30027616,-1.190362096,-1.44191277,-1.596236467,-1.42256093,-1.246820211,-1.157031417,-1.188309073,-1.323641777,-1.174061537,-1.159445167,-1.099450231,-1.143447757,-1.079789042,-0.841620028,-0.801075876,-0.663383305,-0.784566402,-0.919227362
26,Belize,0.14991577,0.165346131,-0.118548453,0.068797342,-0.301703036,-0.352246404,-0.382103831,-0.368749797,-0.335602492,-0.37844494,-0.436850935,-0.447350562,-0.461533755,-0.421569586,-0.483711928,-0.539396584,-0.652213216,-0.548786402,-0.536648393,-0.415183604
27,Bermuda,1.422462821,1.414684296,1.438383937,1.359160781,1.34977591,1.378267288,1.398588419,1.405673504,1.389426827,1.36641407,1.321213126,1.319419265,0.880748272,0.908654094,0.86785984,0.839894116,0.821928322,0.844433665,0.94280678,0.955576837
28,Bolivia,-0.090073593,-0.152667001,-0.265374273,-0.693852127,-0.888415873,-0.98601824,-0.864422381,-0.873411775,-0.797301412,-0.763345361,-0.832377791,-0.78638947,-0.886673927,-0.898342431,-1.008276939,-0.976599276,-0.990943968,-0.986101508,-1.01854825,-1.153909087
29,Brazil,0.182567075,0.196701482,0.037414186,0.036901258,-0.041273385,-0.02283462,0.07702741,0.127607271,0.246619865,0.25802207,0.173244089,0.146290123,-0.028219953,-0.164282531,-0.179583877,-0.116344914,-0.28046,-0.109311007,-0.097242095,-0.110795245
30,Barbados,1.082827806,1.122136354,1.079337835,1.154088497,1.000414729,1.080889106,0.881122231,0.584923089,0.505651414,0.642964423,0.448699445,0.45251441,0.335401326,0.561835468,0.477260143,0.490751982,0.541954517,0.410327405,0.480148494,0.560486197
31,Brunei Darussalam,1.051712155,1.001172066,1.196243405,0.910222888,0.935711622,0.986057281,0.78394568,1.084986091,1.108142734,1.14903605,1.145500064,1.098578215,0.980604351,0.848141491,0.589656472,0.713511765,0.684856713,0.632571876,0.915989935,0.993437648
32,Bhutan,-0.50857091,-0.04871612,-0.915191174,-0.286168545,-0.577596843,-0.70974499,-0.765467465,-1.071835279,-1.158943653,-1.154204845,-1.093008518,-1.086755395,-1.014745593,-0.718258858,-0.674993694,-0.326052338,-0.331837833,-0.311885327,-0.285183251,-0.368813068
33,South Sudan,,,,,,,,,,-1.720938444,-1.449887633,-1.517484426,-1.643804073,-1.649637103,-1.79499197,-1.924648523,-2.015225172,-1.965418458,-1.990438461,-1.984556794
34,Botswana,0.900155962,0.844509065,0.763184726,0.720574915,0.610028148,0.63324821,0.644565642,0.607087076,0.578393817,0.576675236,0.692556441,0.635518551,0.764807999,0.564758301,0.736300766,0.605693042,0.632988632,0.509274006,0.539952695,0.614231944
35,Central African Republic,-0.977119625,-1.119567871,-1.201090693,-1.317781329,-1.270379066,-1.265753269,-1.194054246,-1.257949591,-1.162961602,-1.197331548,-1.073146105,-1.169390798,-1.389235854,-1.420393348,-1.407378435,-1.481516957,-1.379378438,-1.363907576,-1.483237028,-1.490334511
36,Canada,1.53391695,1.52460897,1.616421103,1.565749764,1.558656931,1.606389523,1.650943518,1.696578741,1.693430305,1.684840202,1.707194686,1.729890943,1.838725328,1.712831616,1.735729814,1.884537697,1.704930067,1.714652538,1.600482345,1.617245555
37,Switzerland,1.733826637,1.683715343,1.636825681,1.550629139,1.495481372,1.645464301,1.562006712,1.549013495,1.620867133,1.61533618,1.651066184,1.619792342,1.800340295,1.736241698,1.908908963,1.881804347,1.79746151,1.663013697,1.594970226,1.732929707
38,Chile,1.318496346,1.333441377,1.367984176,1.312464714,1.423894644,1.485586524,1.502484918,1.427399278,1.415171146,1.440535307,1.536198139,1.48287189,1.484589577,1.328295946,1.371998668,1.333153367,1.307164192,1.171156168,0.962318957,0.953365684
39,China,-0.582765877,-0.392048836,-0.346228838,-0.183769479,-0.258387208,-0.23336342,-0.2183934,-0.298093945,-0.320954978,-0.25913626,-0.284332842,-0.331608176,-0.331334412,-0.335226595,-0.303584039,-0.164307103,-0.215496302,-0.288801491,-0.185245842,-0.313303292
40,Côte d'Ivoire,-0.420426428,-0.751793325,-1.032016993,-0.955394089,-0.928464115,-0.881731987,-0.929746807,-0.972751558,-0.926222563,-0.889401078,-0.77617842,-0.753439784,-0.618877172,-0.535886943,-0.412956238,-0.390498698,-0.24416931,-0.288290113,-0.367474496,-0.256431401
41,Cameroon,-1.02413702,-0.9727934,-0.720635176,-0.912781835,-0.842229605,-0.836638272,-0.818746328,-0.769573271,-0.753017664,-0.810016274,-0.931122065,-0.959768236,-0.898471713,-0.915610492,-0.799411178,-0.830922008,-0.796862423,-0.831786811,-0.81543833,-0.922730327
42,"Congo, Rep.",-1.000559449,-1.166191697,-1.008587837,-1.298925042,-1.168881059,-1.172009587,-1.222556591,-1.280302286,-1.252167344,-1.25671804,-1.354313612,-1.353200316,-1.222189546,-1.256491542,-1.197329402,-1.399347663,-1.396577239,-1.340916276,-1.584772229,-1.354569435
43,Cook Islands,,,,0.557400227,0.589433074,0.142696366,,-0.941210926,-1.237750173,-1.170443416,-1.141286612,-1.157471299,,,,,,,,
44,Colombia,-0.023263086,-0.126518682,-0.086416334,-0.016363759,0.106225543,0.284262538,0.272389978,0.088281721,0.157253936,0.279601455,0.326594681,0.339824229,0.444412023,0.421045631,0.348109424,0.269794911,0.235878214,0.33172074,0.239718243,0.220075607
45,Comoros,-0.991329432,-1.268216372,-1.410386324,-1.549022436,-1.484882712,-1.438882232,-1.462280512,-1.538727045,-1.395898819,-1.361962438,-1.386602283,-1.216394186,-1.123272777,-1.069913149,-1.088867188,-1.087726712,-1.16871655,-1.176066875,-1.235811234,-1.2474581
46,Cape Verde,-0.259639919,-0.282602161,-0.462027729,-0.365165055,-0.287643552,-0.326841533,-0.188693181,-0.05580043,-0.146439359,0.000159229,0.019716209,-0.115504146,-0.24127388,-0.144566312,-0.183302492,-0.059173293,-0.028914819,-0.017360443,0.168183818,0.273635685
47,Costa Rica,0.4414334,0.623164058,0.546658218,0.594156504,0.382123381,0.450156897,0.56618762,0.518184364,0.586027026,0.596260905,0.743631065,0.747273743,0.656426251,0.677503824,0.536265492,0.445997119,0.486920178,0.559621096,0.492545217,0.45639354
48,Cuba,-1.298667908,-1.457226515,-1.60239172,-1.319814682,-1.432405114,-1.561059356,-1.496801257,-1.602462769,-1.671913028,-1.626945496,-1.561159611,-1.580737233,-1.324815989,-1.226394415,-1.343541741,-1.330947638,-1.46194315,-1.489474773,-1.512909412,-1.443354964
49,Cayman Islands,1.422462821,1.414684296,1.462506533,1.359160781,1.34977591,1.378267288,1.146645427,1.162789583,1.157036424,1.135535717,1.102402806,1.111847997,0.848234236,0.810933888,0.783717752,0.751337171,0.974463463,0.981019139,1.056846976,1.06205523
50,Cyprus,1.193389654,1.181729555,1.219127893,1.220127702,1.276648402,1.33180058,1.367998362,1.360155106,1.42102325,1.231003046,1.124545097,0.910857201,1.094099283,1.057938099,1.049146056,1.028041244,0.871259332,1.010613084,1.004639149,0.859048605
51,Czech Republic,1.11261797,1.136814356,0.999590993,1.109028459,1.108067632,1.053171277,1.222459078,1.309280157,1.297292113,1.195796847,1.053033829,1.078564048,1.001393437,1.094446421,0.982883334,1.230645299,1.27421844,1.243492723,1.244384527,1.348507047
52,Germany,1.510943174,1.501877904,1.469573021,1.515106559,1.568908811,1.616165519,1.488884568,1.516452789,1.570686102,1.548867702,1.529082894,1.544340372,1.697039127,1.718244433,1.813969851,1.781149268,1.761803269,1.721608162,1.587336659,1.631536007
53,Djibouti,-0.669195592,-0.730550408,-0.744668663,-0.845473588,-0.840129256,-0.780036867,-0.723590732,-0.660491347,-0.67632699,-0.589609206,-0.456313699,-0.543590784,-0.575449884,-0.731976092,-0.739352286,-0.674391866,-0.726572931,-0.802925527,-0.8415398,-0.869137228
54,Dominica,0.939704359,0.926884115,0.75061506,0.801017344,0.905649722,0.71949774,0.484056324,0.497561961,0.347569495,0.231762484,0.298656762,0.287560463,0.282481492,0.254842758,0.187672541,0.158777386,0.120427303,0.147474915,0.273228347,0.283553451
55,Denmark,1.711368322,1.73271966,1.748650074,1.649631262,1.803427815,1.92670846,1.873647332,1.878651261,1.873854399,1.898631096,1.799161315,1.800287366,1.681104422,1.729733348,1.572224855,1.61937356,1.635126829,1.563506484,1.79638803,1.808820605
56,Dominican Republic,-0.256923527,-0.390229702,-0.446592063,-0.392353922,-0.233389333,-0.223225877,-0.161350831,-0.163394451,-0.116028167,-0.173335299,-0.061866112,-0.021130007,0.033338461,0.030106442,0.000289518,-0.024819622,-0.016911564,-0.006670678,0.036738392,0.089125387
57,Algeria,-0.574951589,-0.481900811,-0.441777736,-0.341526747,-0.500463128,-0.522581637,-0.624736011,-0.964235187,-1.104800701,-1.212379932,-1.320389032,-1.138440609,-1.30188942,-1.233237743,-1.230026245,-1.259408355,-1.329962969,-1.373277307,-1.339298248,-1.17087245
58,Ecuador,-0.729014635,-0.723995984,-0.699335694,-0.777636588,-1.098829389,-1.136937976,-1.127548575,-1.259179473,-1.12405169,-0.956343532,-0.943592429,-0.83761102,-0.920283794,-1.118197322,-0.946916282,-1.004210353,-0.870987535,-0.780544877,-0.853850186,-0.702785313
59,"Egypt, Arab Rep.",-0.456903666,-0.574796617,-0.56948185,-0.453026265,-0.407716185,-0.317137003,-0.201634988,-0.177818,-0.147598043,-0.246938586,-0.385591775,-0.557433128,-0.687225044,-0.775073707,-0.881517708,-0.79504174,-0.789002001,-0.742943406,-0.556164801,-0.50658381
60,Eritrea,-1.214292169,-1.508441091,-1.591026902,-1.709820509,-2.019072771,-2.018736362,-2.083861828,-2.206664562,-2.163246393,-2.164820433,-2.204118252,-2.227406979,-2.085847378,-2.042139292,-2.102588415,-2.162271976,-2.178006172,-2.177598953,-2.141852856,-2.268742085
61,Spain,1.329032183,1.304303527,1.306747794,1.30437541,1.176645756,1.215253234,1.254889965,1.187052488,1.15819037,1.060738206,0.947154939,0.932680726,0.74645406,0.803421438,1.005098581,0.940882087,0.947160602,1.048474908,0.768865943,0.811001599
62,Estonia,1.263140082,1.17419982,1.225506902,1.247087121,1.29370141,1.322783232,1.388366342,1.392692685,1.388202071,1.385317087,1.410284042,1.439240932,1.670609236,1.664242387,1.695028782,1.640106797,1.550559521,1.589628816,1.539809346,1.559108973
63,Ethiopia,-1.232779026,-1.155828953,-0.99161458,-1.11570704,-1.028316259,-0.982684672,-0.899132013,-0.931926727,-0.848106444,-0.994923115,-1.050038218,-1.135668755,-1.078414083,-1.0364573,-1.100014567,-1.015599608,-0.971507728,-0.897398233,-0.959099114,-0.928053856
64,Finland,1.815653443,1.826323748,1.780430794,1.661587238,1.601819754,1.548881292,1.610931396,1.809459329,1.873101711,1.813329816,1.821589112,1.841672182,1.877657652,1.831471682,1.814362049,1.817978024,1.784577489,1.84962523,1.860526443,1.898075581
65,Fiji,0.14991577,-0.282602161,-0.727014661,-0.399358898,-0.383677423,-0.372163326,-0.700911939,-0.971093595,-0.564225972,-0.451289445,-0.587406158,-0.525646508,-0.256007999,-0.218076706,-0.218169883,0.078874923,0.052750777,0.048882902,-0.096341453,-0.004540864
66,France,0.975888848,1.215464473,1.21646452,1.244961619,1.239821672,1.287566423,1.284252644,1.214702845,1.310160756,1.156042576,1.124174118,1.149894834,1.074068427,1.125261545,1.066853166,1.154984117,1.154914618,1.438735008,1.198949456,1.235557437
67,"Micronesia, Fed. Sts.",,,0.449361145,0.382686883,0.384345442,-0.233671769,-0.521241605,-0.65398711,-0.754009664,-0.911160231,-0.952287197,-0.944317877,-1.053829312,-0.997045457,-0.97568804,-1.007608414,-0.986513793,-0.966226518,-0.959057033,-0.785964131
68,Gabon,-0.078409515,-0.058016263,-0.430164129,-0.060104385,-0.301130533,-0.382520467,-0.560679853,-0.477560759,-0.435533315,-0.45647487,-0.532351732,-0.614103138,-0.693132579,-0.7124089,-0.70697397,-0.696574032,-0.874086499,-0.941352606,-0.866582453,-0.808025301
69,United Kingdom,1.708124042,1.647805929,1.726345778,1.613183498,1.839908719,1.868066311,1.785267949,1.581597805,1.730519772,1.649374008,1.637840033,1.761087894,1.819528937,1.840741992,1.757630944,1.712493777,1.776036501,1.624371767,1.485245943,1.465596676
70,Georgia,-0.736232042,-0.617242515,-0.437420189,-0.604643524,-0.128548279,0.29865846,0.475642592,0.508792341,0.586639822,0.651625037,0.664130926,0.725804985,0.760027528,0.765643656,0.86886698,0.957064092,1.03835392,1.033326149,1.011490703,1.060541391
71,Ghana,-0.508185565,-0.280945212,-0.380256206,-0.183413431,-0.107713647,-0.11200542,-0.111344561,0.037200317,0.053548459,0.08171653,0.098503292,0.06181078,-0.047670737,-0.090659901,-0.289217651,-0.17200318,-0.132535592,-0.169835433,-0.117155604,-0.200255007
72,Guinea,-1.113725543,-0.970146477,-1.01313293,-1.037126303,-1.143164992,-1.187397957,-1.166003227,-1.123585939,-1.059894323,-1.00237,-1.019625306,-1.024412274,-1.069671392,-0.879648924,-0.878493071,-0.84972924,-0.793029249,-0.795880973,-0.86191231,-0.964260876
73,"Gambia, The",-0.527075648,-0.474271208,-0.517802238,-0.614453137,-0.483886421,-0.485150635,-0.493136615,-0.412360966,-0.480537474,-0.351987541,-0.257835358,-0.377716362,-0.498851091,-0.561227441,-0.57076776,-0.495048761,-0.659789145,-0.701143265,-0.743719399,-0.873302341
74,Guinea-Bissau,-0.881491482,-0.850086212,-1.188359499,-1.124477863,-0.980062366,-1.135290623,-1.197473884,-1.195079803,-1.123641849,-1.124466658,-1.228919864,-1.289142847,-1.212226987,-1.212238193,-1.235182405,-1.206177831,-1.22309804,-1.251477242,-1.266315937,-1.25828886
75,Equatorial Guinea,-1.486513615,-1.43353641,-1.558325887,-1.468349099,-1.50492835,-1.452512741,-1.445690989,-1.471023321,-1.548465967,-1.487338662,-1.600315809,-1.543533206,-1.465663552,-1.462549329,-1.545290232,-1.553122759,-1.635661602,-1.671925664,-1.695083618,-1.712811947
76,Greece,0.946032047,0.987252712,0.836224496,0.958650231,0.85774231,0.894383371,0.881061792,0.834921479,0.642821491,0.492343783,0.521992683,0.628217578,0.326164484,0.405676454,0.144393101,0.23626326,0.412088543,0.527953088,0.550261974,0.44170779
77,Grenada,0.456945926,0.439084023,0.287876695,0.362456709,0.531951129,0.416656256,0.217183694,0.239426047,0.272228628,0.22665973,0.251317769,0.248430222,0.178317696,0.106639944,0.071182676,-0.033718202,-0.273799539,-0.289395779,-0.114809208,0.291877717
78,Greenland,,,,,,,,1.347970366,1.362122059,1.325378656,1.368418336,1.389455199,1.372971773,1.348600388,1.331365943,1.319516063,1.36713016,1.359236002,1.387541771,1.371155262
79,Guatemala,-0.165764809,-0.349703223,-0.226334214,-0.500911415,-0.315376073,-0.305537134,-0.252038717,-0.216534749,-0.172244892,-0.211610183,-0.263000935,-0.287112713,-0.284290075,-0.307585031,-0.289470136,-0.354202002,-0.278795719,-0.319761753,-0.255781114,-0.315212965
80,French Guiana,0.939704359,0.926884115,0.521728635,0.864074349,0.855286777,0.877206326,0.894702375,1.193924904,1.233637691,1.208637595,1.265025139,1.282283783,1.453038692,1.444826245,1.425536275,1.277378321,1.303705096,1.312440872,1.18799293,1.177233219
81,Guam,,,0.714708745,0.616531134,0.608042121,0.626675904,0.642759264,0.653302133,0.642825544,0.631379724,0.599272251,0.601454556,0.177999645,0.168665841,0.132687509,0.109363891,0.081992798,0.080232926,0.542312026,0.548629165
82,Guyana,-0.346247435,-0.340948224,-0.387165576,-0.495723665,-0.613583863,-0.620565355,-0.586162806,-0.623867869,-0.605241239,-0.678618312,-0.626173019,-0.608322561,-0.528059959,-0.513476372,-0.422596544,-0.385692209,-0.53814584,-0.603396595,-0.526190817,-0.519256711
83,"Hong Kong SAR, China",1.677312016,1.894880176,1.948582768,1.788501024,1.935689688,1.985213518,1.954249501,1.816798806,1.874030828,1.775727272,1.940345645,1.919577956,2.050772667,2.184735537,2.151032448,2.161466122,2.225086927,1.98207128,1.793463826,1.583754063
84,Honduras,-0.536085248,-0.5933339,-0.42958352,-0.625240624,-0.457659006,-0.282702386,-0.316503912,-0.310121268,-0.246572301,-0.152864039,-0.205009326,-0.197600991,-0.408311367,-0.399070054,-0.520941079,-0.43500188,-0.441733122,-0.482604355,-0.481727391,-0.521958768
85,Croatia,0.294281095,0.466213048,0.531916022,0.475249559,0.365195125,0.411397368,0.413963556,0.472275615,0.489483297,0.442892551,0.353815705,0.369632989,0.276575357,0.252695084,0.248335615,0.311782539,0.499120563,0.56277436,0.373428524,0.502004385
86,Haiti,-1.093482494,-1.133565903,-1.479856372,-1.222022891,-0.862635136,-0.837894082,-0.778468251,-0.938361287,-1.028236032,-1.055708051,-0.946483672,-0.940709591,-1.082755566,-1.1846807,-1.24894321,-1.335303068,-1.284545064,-1.291273475,-1.238207102,-1.318740487
87,Hungary,1.259091735,1.118963718,1.168114185,1.047473431,1.20098865,1.206072092,1.17410326,1.081859827,1.014453888,1.027545452,0.982062161,0.899946392,0.747946262,0.762045562,0.599686682,0.647817969,0.573088288,0.601590693,0.481639713,0.496175766
88,Indonesia,-0.742287338,-0.866097331,-0.735824227,-0.64694804,-0.39619559,-0.388591677,-0.346988946,-0.314694703,-0.380860597,-0.310188621,-0.221852913,-0.123265877,-0.00835875,-0.141089961,-0.02160693,0.041742001,-0.009807486,0.041040741,0.228816181,0.298162043
89,India,-0.381400049,-0.38163045,-0.37812984,-0.291889518,-0.283315152,-0.313716233,-0.413643241,-0.34953326,-0.410472035,-0.363154948,-0.480885625,-0.478094786,-0.475076437,-0.405677319,-0.300758511,-0.240820944,-0.212453842,-0.137945578,-0.114247777,-0.078795075
90,Ireland,1.719497442,1.58466208,1.56711328,1.487961888,1.837045074,1.850816965,1.914259195,1.695926785,1.618432999,1.594802141,1.563885331,1.574061632,1.758731842,1.813976288,1.737876177,1.583136082,1.626639247,1.600419521,1.477955937,1.562218428
91,"Iran, Islamic Rep.",-1.316698909,-1.227163076,-1.272096038,-1.174625516,-1.416593909,-1.597211242,-1.607343316,-1.705812454,-1.709232807,-1.521202803,-1.426018596,-1.490508676,-1.457488894,-1.314355254,-1.234145045,-1.200613856,-1.378224254,-1.425855398,-1.467172861,-1.622264028
92,Iraq,-1.995086551,-1.446560979,-1.651529431,-1.538951278,-1.395052671,-1.324417114,-1.147575021,-1.005858898,-1.02928555,-1.009962082,-1.140616536,-1.129338264,-1.133842707,-1.127435923,-0.979118645,-1.090114832,-1.046397567,-1.079715371,-1.320956111,-1.112153888
93,Iceland,1.505573153,1.630003452,1.612708211,1.602320313,1.526693583,1.50993681,1.310835004,1.013762355,0.920679152,1.051945329,1.113124132,1.132940769,1.21289432,1.269204736,1.273493886,1.430084705,1.414281607,1.371400595,1.452088833,1.53473568
94,Israel,0.919349909,0.905544698,0.817563415,0.861688018,0.99716562,1.100586653,1.171262383,1.099005699,1.214825153,1.31119442,1.171133399,1.159380078,1.211220503,1.268068671,1.309297204,1.269721746,1.244971275,1.279374123,1.244817734,1.209037542
95,Italy,0.90430069,1.044891357,1.084582567,0.996279657,0.976830065,0.940306902,0.974892855,0.966553986,0.894350588,0.713232815,0.744578302,0.778938115,0.638065696,0.724648535,0.706917465,0.702070951,0.724453866,0.953209758,0.503073335,0.545158207
96,Jamaica,0.235489205,0.214300141,0.151437998,0.165574804,0.217925176,0.269617617,0.250679165,0.218495637,0.233887821,0.245246693,0.176540703,0.184492603,0.073607624,0.031761814,0.106488749,0.075947106,0.140407979,0.098426491,0.056574035,0.195809439
97,Jordan,0.024381734,0.190872625,0.294872522,0.078226343,0.325835556,0.31518212,0.336663455,0.283120602,0.22959055,0.310276181,0.230972111,0.16557698,0.099131204,0.112906821,0.078043476,0.094333388,0.043009054,0.046329577,0.267318606,0.150672376
98,Japan,0.495340139,1.06996572,1.134423375,1.258731008,1.260202885,1.129177213,1.13206923,1.096569657,1.016682506,1.074261308,1.137580633,1.108954787,1.137973309,1.213250399,1.424855232,1.371847868,1.34167552,1.325354815,1.357471347,1.375934958
99,Kazakhstan,-0.693716347,-0.403342277,-0.472706974,-0.281207561,-0.34330833,-0.350907624,-0.294380695,-0.268264323,-0.283094168,-0.235385776,-0.390580028,-0.375282854,-0.239125565,-0.074353531,-0.151735261,0.16787082,0.105743252,0.118897773,0.120286413,0.089868896
100,Kenya,-0.17692107,-0.328403115,-0.274853587,-0.288214594,-0.239396662,-0.317882091,-0.277211368,-0.178242475,-0.136400819,-0.240827635,-0.317458749,-0.326215893,-0.348395675,-0.350200027,-0.348113745,-0.264081955,-0.25515759,-0.325461239,-0.502013385,-0.445434809
101,Kyrgyz Republic,-0.140870079,-0.405866712,-0.389383018,-1.008081913,-0.656034946,-0.416844815,-0.350435883,-0.333194166,-0.26139462,-0.223706394,-0.34460786,-0.325828105,-0.450190425,-0.5149616,-0.366465747,-0.359377325,-0.351335853,-0.34816134,-0.401575565,-0.577635109
102,Cambodia,-0.19533518,-0.420781255,-0.456693709,-0.533687413,-0.616633773,-0.493607432,-0.461728305,-0.495730013,-0.491047919,-0.591842175,-0.355143368,-0.352435142,-0.439880818,-0.531640768,-0.475072771,-0.503388524,-0.499323159,-0.571630478,-0.618000269,-0.644233465
103,Kiribati,,,-0.250191599,-0.940376818,-1.006249666,-1.102148056,-1.172503114,-1.218986154,-1.318249226,-1.404945493,-1.326097369,-1.350589395,-0.930841029,-0.884047091,-0.846815288,-0.837472856,-0.781055689,-0.581638038,-0.517161608,-0.482642144
104,St. Kitts and Nevis,,,0.111298248,1.324107885,1.285441875,1.053263545,1.146645427,1.154883027,1.140559673,1.121402621,1.080566168,1.080097675,0.529373944,0.722577155,0.718752086,0.55235827,0.509407163,0.500148177,0.529563904,0.552441895
105,"Korea, Rep.",0.752522349,0.717727244,0.793975472,0.805072546,0.720584929,0.920578897,0.725823581,0.849306285,0.918371379,0.982293248,0.865391076,0.988611996,1.134037018,1.108966827,1.110880136,1.103047252,1.101032257,1.068105817,1.035592079,1.099525571
106,Kuwait,0.330263942,0.377949536,0.55799067,0.47053507,0.294112593,0.257980853,0.174718603,0.152733296,0.158382714,0.079868615,-0.04033019,-0.073968351,-0.147546113,-0.176680192,-0.078001998,-0.06401664,0.023656536,0.062809438,0.287086755,0.174784914
107,Lao PDR,-1.203962922,-1.353559375,-1.301684022,-1.338195443,-1.280378819,-1.186761737,-1.136199117,-1.072931767,-1.01609683,-0.978830159,-0.832189977,-0.85806942,-0.880769193,-0.825910568,-0.739260256,-0.732938111,-0.788398981,-0.725202024,-0.815941095,-0.887527108
108,Lebanon,-0.418498695,-0.148626938,-0.096090503,-0.180461526,-0.274100661,-0.343958229,-0.338716269,-0.101630218,0.022311693,-0.120911703,-0.137205541,-0.080781765,-0.295429081,-0.345974267,-0.404922307,-0.361218214,-0.439139605,-0.509830475,-0.750317633,-0.882778704
109,Liberia,-1.605015397,-1.631839752,-1.855968833,-1.589710236,-1.347984076,-1.11355567,-1.274245739,-1.175838113,-1.040091872,-1.081623197,-1.04993248,-0.923242867,-0.880495667,-0.883145332,-0.966752529,-0.965711117,-0.975837052,-0.99135685,-1.022971988,-0.95016712
110,Libya,-1.620458484,-1.512556314,-1.359117389,-1.489054441,-1.462987185,-1.111046314,-1.092221141,-1.185801029,-1.298258781,-1.427940607,-1.621440768,-1.745176792,-2.09778738,-2.218065977,-2.20100069,-2.122374058,-2.193480253,-2.282204628,-2.201532125,-1.951192021
111,St. Lucia,,,0.153365374,1.260209203,1.12860322,0.765413165,0.434909999,0.497561961,0.347569495,0.439209849,0.308906913,0.291050583,0.270610958,0.323463649,0.277302921,0.341032624,0.332620829,0.2939291,0.376041919,0.374440789
112,Liechtenstein,1.663842082,1.658584237,1.558996558,1.606703877,1.34977591,1.378267288,1.398588419,1.513157368,1.525235057,1.496991038,1.552440047,1.571822166,1.422946215,1.385247231,1.369299889,1.491852522,1.528708458,1.539297819,1.629294038,1.535274506
113,Sri Lanka,0.124769226,0.034730762,-0.083361119,-0.423394442,-0.272532344,-0.297004074,-0.385201991,-0.294943988,-0.248191312,-0.131351128,-0.125741094,-0.166235015,-0.10895326,-0.047445498,-0.102553025,-0.14577356,-0.204640791,-0.217790633,-0.210725412,-0.369962692
114,Lesotho,-0.464417785,-0.567470014,-0.593988776,-0.633165061,-0.667670608,-0.716383755,-0.670076966,-0.649876177,-0.630146682,-0.638167918,-0.540954292,-0.37577191,-0.444160998,-0.44366926,-0.449452937,-0.367599785,-0.540381014,-0.589672685,-0.651229858,-0.737228155
115,Lithuania,1.077029228,1.038295269,1.058151603,0.936665177,0.973231792,1.010036111,1.042177677,0.951837957,0.960122764,0.926461577,1.117751122,1.147009254,1.188768387,1.272503018,1.132786036,1.154124022,1.100566149,1.155692458,1.090660095,1.276888251
116,Luxembourg,1.864336729,1.788604856,1.784244657,1.638608694,1.674869657,1.737618685,1.658034682,1.643333912,1.673909426,1.85898304,1.759886026,1.770977259,1.625041127,1.65323925,1.718979716,1.689293742,1.756064296,1.698431134,1.847934842,1.915203333
117,Latvia,0.883539677,0.954042315,0.921956718,0.874489903,0.933780432,0.954827309,0.966387451,0.922658324,0.928532481,0.954886913,1.010626793,1.037102938,1.166745305,1.084394813,1.076778889,1.152490377,1.140990019,1.191028714,1.190822363,1.223477721
118,Kosovo,,,,,,0.037798978,0.032282241,0.061585706,-0.096795879,-0.151747063,-0.040483929,-0.040910311,-0.161953509,-0.300878823,-0.203981861,-0.136985153,-0.324225783,-0.374860853,-0.303990692,-0.272519022
119,"Macao SAR, China",0.698325157,1.170784235,1.583119035,1.111617446,1.102531433,0.877206326,1.027431726,1.280590653,1.349386215,1.332164168,1.349059939,1.339520335,1.726156354,1.767573833,1.778411031,1.754913568,1.611230016,1.625593305,1.742964506,1.778137803
120,Morocco,-0.078193411,-0.284974277,-0.244661465,-0.437574357,-0.212712377,-0.215945512,-0.159162045,-0.090557851,-0.119565077,-0.176636279,-0.110853657,-0.091055743,-0.027915997,-0.081451699,-0.145550981,-0.143823475,-0.246215358,-0.141041234,-0.035005618,-0.121726759
121,Monaco,,,,,,,,,,,,,,,,,,,,
122,Moldova,-0.403108656,-0.41021201,-0.430486381,-0.460677326,-0.348091394,-0.283888221,-0.201783881,-0.144404069,-0.132566243,-0.103003003,-0.11593055,-0.085767806,0.014869669,-0.06467668,-0.123699941,-0.034842685,-0.020723321,-0.035521571,0.002466966,0.013904043
123,Madagascar,-0.29750821,-0.334958345,-0.384915322,-0.292555779,-0.250743836,-0.287419379,-0.373598516,-0.544540942,-0.605530262,-0.552348316,-0.576099575,-0.65914011,-0.716764987,-0.789259017,-0.725130796,-0.721031547,-0.770611405,-0.77210021,-0.795107603,-0.820082366
124,Maldives,0.939704359,0.926884115,-0.015420588,0.516670823,0.406536967,0.056400053,-0.373797566,-0.38104254,-0.38403827,-0.38474986,-0.401814729,-0.457175404,-0.374468446,-0.418876857,-0.474551499,-0.42292732,-0.475422055,-0.496312767,-0.491771489,-0.52277118
125,Mexico,0.438464433,0.335378051,0.410247594,0.160981357,0.346685439,0.368228048,0.31256935,0.177682906,0.156337783,0.184377462,0.418743193,0.418155193,0.359438211,0.290273994,0.207757637,0.194318756,0.09573628,0.030455897,0.002554335,-0.230723783
126,Marshall Islands,,,,-0.297008544,-0.945403099,-0.907076895,-1.043946028,-1.221962571,-1.236856818,-1.012740016,-1.058615327,-1.114945292,-1.003489852,-1.162255883,-0.990490496,-1.071335196,-1.220025897,-1.11773169,-1.105991483,-1.106536508
127,North Macedonia,-0.161741629,-0.173230603,0.020573849,-0.232430562,-0.09363433,0.042447865,0.119425923,0.194719598,0.237565532,0.215584025,0.264106423,0.247319892,0.421686172,0.373514771,0.392085105,0.454407305,0.52442342,0.452311516,0.448257148,0.41672489
128,Mali,-0.578485012,-0.577274203,-0.527328253,-0.559557259,-0.458761305,-0.39016974,-0.42413795,-0.408670276,-0.483745784,-0.404689968,-0.427046448,-0.519340336,-0.633841455,-0.613501191,-0.628753006,-0.600646317,-0.585290432,-0.60819155,-0.658975661,-0.621647954
129,Malta,1.060881257,1.148790598,1.124591827,1.060323238,1.114864707,1.144415736,1.201978564,1.364444613,1.42860508,1.334326267,1.321319699,1.290717721,1.078362703,1.164396167,1.153371334,1.280290246,1.335242867,0.953892291,1.222333431,0.813723207
130,Myanmar,-2.059803963,-2.031898499,-2.348572969,-2.127524614,-2.193645477,-2.273735046,-2.213251352,-2.234344482,-2.244580507,-2.102012873,-1.834657431,-1.500042915,-1.397878289,-1.23648262,-0.874536395,-0.835327387,-0.749045193,-0.754303634,-0.618340135,-1.130902171
131,Mongolia,-0.10322991,-0.560890138,-0.495305836,-0.491697431,-0.321416348,-0.283821404,-0.351098925,-0.306162864,-0.258041173,-0.238061503,-0.216407061,-0.332616419,-0.277615696,-0.349960804,-0.083207518,-0.110841572,0.040967904,0.04072449,-0.060895607,-0.208566815
132,Montenegro,,,,-0.132531121,-0.549078822,-0.127576694,-0.070495389,0.029315198,-0.007252727,0.000100756,0.034414675,0.093567498,0.175064266,0.241498619,0.243920729,0.336299419,0.402972072,0.408847392,0.437879831,0.43062079
133,Mozambique,-0.414853543,-0.61850661,-0.493495107,-0.741414428,-0.626963675,-0.636888325,-0.51279074,-0.437218875,-0.453413218,-0.473082095,-0.46577546,-0.41751945,-0.435868889,-0.542803109,-0.738866627,-0.755367219,-0.780851185,-0.762343287,-0.75562948,-0.778285861
134,Mauritania,0.172739282,-0.160814732,-0.149925396,-0.376651973,-0.466557533,-0.494043827,-0.678380013,-0.711697698,-0.843002915,-0.801002622,-0.652322829,-0.67119503,-0.832643926,-0.891417444,-0.77893889,-0.804684341,-0.848510444,-0.809181154,-0.875993729,-1.055223942
135,Martinique,0.939704359,0.926884115,0.811198771,0.864074349,0.855286777,0.877206326,0.894702375,0.90409261,0.891692638,0.876391232,0.839919209,0.840776086,1.23212266,1.278648257,1.235445976,1.205159068,1.1918962,1.22653389,0.94280678,0.955576837
136,Mauritius,0.303823948,0.431313217,0.391610295,0.412572384,0.46688959,0.46771723,0.742279768,0.756105363,0.801979423,0.767549992,0.931618333,0.89288491,1.196946621,1.146081328,1.103477597,1.059189916,1.051221728,1.023860455,1.190632105,1.16719985
137,Malawi,-0.532408297,-0.493568599,-0.621729493,-0.509587169,-0.583651543,-0.508220851,-0.542513907,-0.489193112,-0.637416422,-0.754333615,-0.712749183,-0.679982603,-0.819636703,-0.844942272,-0.871326864,-0.77511847,-0.71080035,-0.73400861,-0.769518077,-0.785958767
138,Malaysia,0.520823359,0.591819644,0.461175561,0.634848475,0.5365358,0.504324913,0.286812037,0.269758821,0.611249983,0.547134578,0.477169961,0.567808211,0.799231291,0.716391206,0.672386944,0.681551754,0.584602654,0.557341456,0.67840308,0.722389638
139,Namibia,0.582995772,0.224924058,0.230400413,0.142397329,0.173593417,0.046088159,0.376434058,0.241088286,0.213284954,0.09231393,0.155978978,0.164272174,0.076616585,0.060203824,0.002623339,-0.103185646,0.011069839,0.015275832,0.02586708,-0.004640299
140,Niger,-0.772763193,-0.73002857,-0.683769524,-0.412261575,-0.553185999,-0.557963252,-0.464942008,-0.525119126,-0.564630508,-0.567633331,-0.60924989,-0.582843363,-0.743807316,-0.759863615,-0.710559785,-0.71039021,-0.666544318,-0.707689822,-0.782020271,-0.745513618
141,Nigeria,-1.178755283,-1.230159998,-1.292817712,-0.792749345,-0.947573066,-0.894971669,-0.815719306,-0.760188282,-0.743477106,-0.699536264,-0.723069429,-0.681769371,-0.837622762,-0.866751492,-0.9317137,-0.901708126,-0.864204466,-0.925423801,-1.009439349,-0.932637811
142,Nicaragua,-0.489535064,-0.470480889,-0.346080571,-0.445305258,-0.426474214,-0.450823009,-0.421554148,-0.435356438,-0.302378356,-0.353553355,-0.310052246,-0.308052003,-0.408892065,-0.400962591,-0.518320739,-0.680155218,-0.713678002,-0.69773221,-0.664049983,-0.835881472
143,Niue,,,,,,,,-0.941210926,-0.979257643,-0.937622845,-0.907032251,-0.920354486,,,,,,,,
144,Netherlands,1.819209218,1.718166828,1.765661716,1.654107094,1.682605624,1.800438523,1.775118947,1.697055578,1.729081273,1.804837584,1.745505095,1.760917544,1.7631253,1.794146419,1.973211288,2.04545331,2.01860261,1.859692931,1.758723021,1.752583385
145,Norway,1.220713973,1.307568908,1.439240694,1.478502393,1.220952749,1.329770327,1.372900724,1.464951038,1.511984587,1.602969527,1.539739251,1.657411098,1.640582204,1.602116466,1.69484961,1.811427236,1.789726734,1.802645683,1.703167439,1.635414124
146,Nepal,-0.590202868,-0.414270848,-0.52077055,-0.530171871,-0.523552716,-0.580034494,-0.646401107,-0.722060025,-0.761707723,-0.734936655,-0.805144668,-0.858153939,-0.847787738,-0.810000598,-0.774083197,-0.722833991,-0.74596101,-0.711373031,-0.702957332,-0.616685688
147,Nauru,,,,,,-0.697122276,-0.8705706,-1.007552266,-1.046699047,-1.081133485,-1.187861443,-1.375983119,-1.238886595,-1.226010323,-0.389168292,-1.098769069,-0.144989714,-0.035347901,0.109119214,0.389623672
148,New Zealand,1.561941624,1.650785565,1.75323987,1.631622076,1.695319414,1.715987206,1.799912691,1.823738337,1.81236732,1.964113235,1.844799161,1.819136858,1.943838,1.91578126,2.03535533,2.086640596,2.005663157,1.879528522,1.882912636,1.808165312
149,Oman,0.684939325,0.673514068,0.646622002,0.547744989,0.603963792,0.612982988,0.696053743,0.526367486,0.442818642,0.31984368,0.466739267,0.471201926,0.688467622,0.570452392,0.606734872,0.418861449,0.171316743,0.290434986,0.458940089,0.329793662
150,Pakistan,-0.877513707,-0.827369988,-1.049112082,-0.641119778,-0.479762465,-0.537263751,-0.599021852,-0.584045112,-0.613358259,-0.647816777,-0.722233474,-0.70500499,-0.688540936,-0.629328847,-0.648122251,-0.596368492,-0.641257346,-0.659801245,-0.732577682,-0.731606901
151,Panama,0.520487428,0.337754071,0.259365588,0.159857556,0.313156545,0.396069229,0.705149293,0.396906674,0.472236633,0.534382701,0.468524963,0.447597444,0.476986915,0.460751683,0.477356136,0.4370372,0.395284534,0.392861158,0.334789246,0.192629814
152,Palau,,,,,,,-0.697195232,-0.825186074,-0.873330295,-0.897295654,-0.994980633,-0.991693199,-0.820562959,-0.809503198,-0.18164885,-0.599612236,-0.059318524,-0.009684862,0.058221836,0.192748547
153,Peru,-0.03976579,0.114225753,0.204360604,0.007082981,0.074825414,0.238475114,0.320967674,0.36664179,0.392820895,0.404832929,0.436642319,0.406301677,0.47424823,0.452517569,0.478016019,0.363177478,0.453319073,0.53190726,0.485563755,0.082626045
154,Philippines,-0.157630756,-0.109684803,-0.369468063,-0.215828404,-0.19207485,-0.126927033,-0.079146676,-0.112535633,-0.215251356,-0.1609696,0.040504601,0.023147568,0.077303529,0.070757523,0.122843675,0.140730426,0.04082197,0.114578158,0.127725735,0.076462887
155,Papua New Guinea,-0.600399971,-0.644967973,-0.804753959,-0.993771374,-0.767391503,-0.60658735,-0.689178407,-0.578488111,-0.569594562,-0.527206063,-0.524210632,-0.522182047,-0.354396224,-0.556469917,-0.564895749,-0.658654153,-0.533660233,-0.543843091,-0.687369943,-0.83468616
156,Poland,0.650061429,0.694821358,0.75869143,0.812517762,0.701598585,0.768656671,0.844261587,0.976622403,1.023158789,0.958582044,0.996395767,1.05261457,1.063315392,0.965730309,0.914959908,0.815237224,0.882684767,1.021948099,0.861159921,0.840023577
157,Puerto Rico,1.18108356,1.170784235,0.859443843,1.111617446,1.102531433,0.998032272,1.022703767,0.887313962,0.855329275,0.854432464,0.914866805,0.847472012,0.890397012,0.981449068,0.946309626,0.867936432,0.94435674,0.730115235,0.794554949,0.831699371
158,"Korea, Dem. Rep.",-1.883404374,-2.069440126,-2.271371841,-2.281101704,-2.283280849,-2.279655457,-2.185884476,-2.393813133,-2.445492506,-2.453939676,-2.526690006,-2.522705078,-2.186969519,-2.327977419,-2.337120533,-2.342525244,-2.363497019,-2.399906874,-2.351886988,-2.327385187
159,Portugal,1.247205257,1.222377777,1.187247157,1.279269099,1.064929008,1.081407785,1.100550771,0.98944813,0.717936516,0.62163049,0.821372986,0.798301339,0.745933354,0.952535808,0.840800703,0.90679121,0.883467257,0.967999637,0.834571183,0.736070037
160,Paraguay,-0.583924294,-0.761302412,-0.7526384,-0.864246666,-0.702513158,-0.583475471,-0.49169004,-0.409247994,-0.361598462,-0.32660228,-0.261282653,-0.24729614,-0.205342337,-0.188118786,-0.219886422,-0.233266383,-0.077282384,-0.123482503,-0.125313103,-0.207687929
161,Qatar,0.26886192,0.193475112,0.157274693,0.260314733,0.307922423,0.398662835,0.645742595,0.682819784,0.596593678,0.496541798,0.795837998,0.741280317,0.569621563,0.674460411,0.692261636,0.416310757,0.596800387,0.677464724,0.852749884,0.863454759
162,Réunion,,,1.197158933,1.111617446,1.102531433,1.127736807,1.146645427,1.154883027,1.140559673,1.121402621,1.080566168,1.080097675,1.23212266,1.278648257,1.235445976,1.205159068,1.1918962,1.22653389,0.94280678,0.955576837
163,Romania,0.045701791,-0.051850341,0.180780634,0.242886126,0.441958904,0.506391943,0.597521305,0.617714942,0.67256701,0.687459826,0.564533114,0.634414732,0.600805342,0.581416547,0.575496197,0.445294321,0.417061269,0.459240168,0.360423952,0.30902037
164,Russian Federation,-0.237842888,-0.148958758,-0.100426845,-0.124243185,-0.388349891,-0.255605638,-0.349167258,-0.288328469,-0.310507625,-0.311618179,-0.346864879,-0.357476294,-0.402516544,-0.559952319,-0.432721496,-0.510121763,-0.548351645,-0.464095473,-0.468022496,-0.529822111
165,Rwanda,-0.945764959,-0.860016048,-0.680962741,-1.00175786,-0.685272574,-0.691658378,-0.532337666,-0.335741609,-0.239782363,-0.18134591,-0.12608774,-0.030156894,0.185563326,0.163695201,0.021944391,0.097669929,0.0470598,0.001364692,0.012688398,0.070984155
166,Samoa,-0.025812507,-0.04871612,-0.008966523,-0.050482985,-0.044892438,-0.082662143,-0.303847909,-0.241460204,-0.26935181,-0.323420256,-0.355457723,-0.272673458,-0.207312658,-0.072437108,-0.119980812,-0.063943736,-0.083310895,-0.205718592,-0.154582724,-0.16680935
167,Saudi Arabia,-0.073314346,0.080750518,0.041980341,0.110850625,-0.046231199,0.017053837,0.120269671,0.159869671,0.15966104,0.024820386,0.099087514,0.07968884,-0.006104905,0.021444058,0.075298205,-0.002783501,-0.077762783,-0.07036332,0.263433009,0.335709989
168,Sudan,-1.281219721,-1.418015361,-1.197614193,-1.384861946,-1.204652309,-1.315864444,-1.441465974,-1.274795175,-1.344850659,-1.316548586,-1.477985501,-1.463778138,-1.445106983,-1.481336951,-1.476610065,-1.566030145,-1.623674989,-1.652928829,-1.5539819,-1.465404272
169,Senegal,-0.271161288,-0.308505297,-0.323487252,-0.260493904,-0.368648618,-0.404348582,-0.347913265,-0.324280888,-0.317569882,-0.245334327,-0.109142281,-0.073225945,-0.26208818,-0.20640099,-0.200520143,-0.178597897,-0.138930887,-0.163330793,-0.281065971,-0.312054127
170,Singapore,1.888890624,1.785252333,1.762279868,1.746806502,1.753630042,1.808868408,1.868738413,1.775740385,1.783599377,1.783230543,1.957902074,1.960108399,2.226360083,2.255347013,2.177772999,2.113010406,2.125360012,2.160112858,2.21286726,2.231044054
171,Solomon Islands,,,-0.949744344,-0.975333095,-1.105919957,-1.137445092,-1.193495393,-1.220026255,-1.20244503,-1.055239081,-1.044333339,-1.110217571,-1.100647211,-0.964224756,-0.970826149,-0.809353292,-0.854301095,-0.846145213,-0.847140789,-0.863144219
172,Sierra Leone,-1.347733498,-1.179167032,-1.091193676,-1.101499438,-1.142181635,-1.090546489,-0.9773615,-0.805877388,-0.760722637,-0.73083967,-0.710573137,-0.720584512,-0.822831988,-0.908138454,-0.938941002,-0.934862435,-0.903757811,-0.900548935,-0.888310492,-0.964902222
173,El Salvador,-0.169806421,-0.24624534,0.000375591,-0.257205307,-0.073802739,0.087128989,0.150920913,0.283810049,0.337437302,0.403908849,0.22834833,0.227205575,0.222213238,0.084750853,-0.039981022,-0.154422417,-0.003857587,-0.021172982,-0.070105426,-0.34409225
174,San Marino,,,,,,,,,,,,,,,,,,,,
175,Somalia,-2.068249941,-2.039961815,-2.299372673,-2.206925154,-2.493313074,-2.43264842,-2.547725677,-2.490455866,-2.301243305,-2.332045794,-2.224690437,-2.207792521,-2.072233677,-2.07170248,-2.170290232,-2.175777197,-2.066329956,-2.131312847,-1.936275125,-1.817198277
176,São Tomé and Principe,-0.267191708,-0.536516249,-0.928992569,-0.91509521,-0.681605339,-0.817054868,-0.739144027,-0.774942636,-0.854655921,-0.749479055,-0.798958182,-0.807314754,-0.833610535,-0.817176878,-0.86047405,-0.877488613,-0.890949309,-0.949943542,-0.956708252,-0.929857135
177,Suriname,-0.677856028,-0.575908244,-0.650516927,-0.520047545,-0.52555269,-0.593855679,-0.541388154,-0.612616003,-0.667498529,-0.58248961,-0.476160944,-0.44600299,-0.634206414,-0.610706031,-0.631391525,-0.539375067,-0.653446555,-0.681967914,-0.775420725,-0.704956353
178,Slovak Republic,0.903905571,0.91302371,1.083422542,1.126772285,1.084782243,0.974188089,1.078327537,1.048043728,0.999186158,0.999639213,1.040906668,0.92778039,0.885451794,0.784459472,0.885478973,0.821869314,0.806757152,1.005047917,0.78571862,0.874235034
179,Slovenia,0.851863027,0.881739914,0.844685614,0.883193433,0.794790149,0.800101042,0.847147286,0.913787246,0.759355605,0.69279635,0.625475347,0.624960363,0.657770276,0.622256517,0.636555076,0.576206565,0.652155876,1.007107973,0.92386055,0.834269524
180,Sweden,1.590243936,1.610253572,1.669409156,1.532868862,1.439547062,1.572997212,1.635884047,1.649703622,1.656240582,1.892241955,1.900038838,1.895466685,1.805163264,1.810170889,1.851178288,1.796406507,1.831447601,1.800264716,1.687518954,1.752570987
181,Eswatini,-0.259639919,-0.282602161,-0.533950925,-0.43434453,-0.363591105,-0.571789563,-0.436524838,-0.369996488,-0.396744579,-0.407737106,-0.303469598,-0.147563919,-0.220856681,-0.241161585,-0.252516568,-0.244496316,-0.49165082,-0.511614144,-0.473401695,-0.582627952
182,Seychelles,0.456945926,0.682984054,-0.170286,0.453918278,0.190891683,0.012542915,-0.050411433,-0.006883712,-0.017649978,-0.081546515,-0.13128005,-0.110132016,-0.26845476,0.150631815,-0.08085762,0.024690807,0.031409975,0.04249984,0.036895283,0.019673688
183,Syrian Arab Republic,-1.022779346,-1.055394173,-1.103693247,-0.985814393,-1.335150123,-1.33315742,-1.135349393,-0.918233693,-0.855281353,-0.952119052,-1.530745149,-1.545633554,-1.684552789,-1.638084292,-1.671178102,-1.829135418,-1.740234971,-1.760757446,-1.871617794,-1.628919244
184,Chad,-1.026069403,-1.049728274,-0.832159936,-1.201513171,-1.080308914,-1.117924452,-1.152502775,-1.074161172,-1.080664158,-1.037201643,-1.069833875,-1.005923748,-1.162166953,-1.201197505,-1.171274185,-1.211906075,-1.111339927,-1.107251406,-1.109265924,-1.154978991
185,Togo,-0.785779953,-0.687587142,-0.864377677,-0.84233588,-0.91953963,-0.975777388,-0.973068416,-0.877426922,-0.887266576,-1.018981934,-0.855400681,-0.940925956,-0.8451882,-0.843438804,-0.824368298,-0.817340374,-0.689334095,-0.727751791,-0.648758411,-0.633285165
186,Thailand,0.138986304,0.357130826,0.219655558,0.453963399,0.229795873,0.086198561,0.11253725,0.121483989,0.061810683,0.0903828,0.137224212,0.130639657,0.174806476,0.210493371,0.062318526,0.021116804,-0.032726832,-0.011369891,0.076616809,0.094138965
187,Tajikistan,-1.346471786,-1.089490056,-1.12121141,-1.127930045,-1.106146812,-1.132352829,-1.077060342,-1.064246535,-1.010269761,-0.977914989,-1.011844516,-1.066145539,-1.036864042,-1.041050673,-1.102454185,-1.08035326,-1.06789577,-1.030121803,-1.038092852,-1.125773072
188,Turkmenistan,-1.667082429,-1.744266748,-1.841409445,-1.789073229,-2.087571383,-2.009495258,-1.959103823,-1.967352509,-2.061424971,-2.050928116,-2.114089966,-2.132285595,-2.097846508,-2.073918819,-2.10329628,-1.975878716,-1.981237888,-2.014978647,-2.036666393,-2.018804789
189,Timor-Leste,-1.232708693,-1.268216372,-1.148065329,-1.149459362,-1.554423809,-1.632848859,-1.341633081,-1.159774542,-1.110628128,-1.052828908,-1.023702502,-0.991481781,-0.905718267,-0.981259465,-0.988567412,-0.739573658,-0.79494971,-0.7758255,-0.765879154,-0.786749601
190,Tonga,,,-0.515539229,-0.515336812,-0.690099478,-0.719671786,-0.792954564,-0.574568629,-0.579521,-0.599480748,-0.645014048,-0.655830562,-0.427611589,-0.42096892,-0.420099258,-0.395900011,-0.336946458,-0.301407099,-0.34261331,-0.278926253
191,Trinidad and Tobago,0.724952698,0.677086234,0.629554689,0.596351504,0.670382082,0.657228649,0.663967788,0.57155478,0.539660513,0.521160543,0.245129809,0.210611492,0.145356745,0.073671617,-0.012696935,0.023187116,-0.12018133,-0.17990151,-0.164304674,-0.085432321
192,Tunisia,-0.089518681,-0.008071034,-0.114593126,-0.043587729,0.191378027,0.066711374,0.087893672,-0.006240557,-0.087301865,-0.266437083,-0.242597431,-0.285445631,-0.339506477,-0.369946033,-0.443682522,-0.347158164,-0.481665909,-0.371870786,-0.288627088,-0.388520211
193,Türkiye,0.055775434,0.015878489,0.030695695,0.269054443,0.280463099,0.329305053,0.269334227,0.288754821,0.312994033,0.393024772,0.450981587,0.463030308,0.432501823,0.288755,0.203276694,0.057467476,0.028570814,-0.003839991,-0.010028477,-0.08191213
194,Tuvalu,,,-0.081334054,-0.410195917,-0.727358162,-0.819225967,-1.093340158,-1.011516452,-1.152947545,-1.176823378,-1.231591344,-1.306704044,-0.875857711,-0.681633055,-0.595630527,-0.792564452,-0.563337505,-0.491710365,-0.398451,-0.376121759
195,"Taiwan, China",1.010753751,1.008325219,1.155298948,0.930255949,0.843208909,0.947522938,1.00401032,1.041004539,1.114898801,1.111809015,1.180826187,1.135525942,1.29879117,1.341339231,1.284513712,1.367421389,1.38053906,1.401188135,1.374572992,1.47355628
196,Tanzania,-0.660840333,-0.611833632,-0.495821655,-0.492080003,-0.407301128,-0.457430691,-0.543911099,-0.470705569,-0.462349176,-0.449195504,-0.410142124,-0.353273869,-0.363270283,-0.40909636,-0.47274977,-0.593987525,-0.627430677,-0.652389288,-0.673867524,-0.626817405
197,Uganda,-0.149828881,-0.170014277,-0.113614902,-0.268432379,-0.252237618,-0.250690669,-0.255989254,-0.192969292,-0.201333165,-0.176683009,-0.262373745,-0.276472032,-0.256649405,-0.300335467,-0.26187399,-0.247000918,-0.273495227,-0.400987357,-0.468168855,-0.476884723
198,Ukraine,-0.624253511,-0.555056512,-0.347879618,-0.510850072,-0.486631006,-0.409717262,-0.516110599,-0.559112489,-0.454440266,-0.563705266,-0.554683208,-0.585612416,-0.586776257,-0.598943889,-0.400204659,-0.266749024,-0.244220331,-0.202633947,-0.252103299,-0.278163433
199,Uruguay,0.55635494,0.311726302,0.299977809,0.41782546,0.401181012,0.380375654,0.396923661,0.505946875,0.599306583,0.609196186,0.599089086,0.715800822,0.723710597,0.601099372,0.690161765,0.655359924,0.632340789,0.622146308,0.697773159,0.722562492
200,United States,1.551741362,1.568514585,1.559834719,1.60669601,1.640943408,1.49368763,1.532458067,1.398337722,1.443845391,1.455096602,1.294393897,1.260388613,1.276289463,1.251636505,1.493848562,1.6261338,1.619344234,1.34376359,1.247849345,1.451740861
201,Uzbekistan,-1.510510683,-1.423900008,-1.581190109,-1.513823986,-1.628457427,-1.506052732,-1.363840461,-1.469173312,-1.536477327,-1.557781339,-1.579983473,-1.603982806,-1.729825616,-1.663137794,-1.627996325,-1.281056523,-1.106446624,-1.030110121,-0.977474451,-0.581233621
202,St. Vincent and the Grenadines,,,0.140641779,1.239577889,0.905649722,0.71949774,0.434909999,0.497561961,0.321675181,0.351851404,0.342154562,0.321960688,0.357046247,0.290033638,0.268642038,0.275657326,0.300862193,0.268908799,0.349469513,0.33591786
203,"Venezuela, RB",-0.666176438,-1.002670527,-1.065405965,-1.099601746,-1.208008647,-1.443938136,-1.372148633,-1.559879422,-1.563119769,-1.402885199,-1.444834471,-1.529261708,-1.740042567,-1.845023394,-1.986445189,-1.960941911,-2.366042137,-2.36221385,-2.245966911,-2.195711136
204,Virgin Islands (U.S.),,,1.269526482,1.111617446,0.608042121,0.626675904,0.642759264,0.653302133,0.642825544,0.631379724,0.599272251,0.601454556,0.529373944,0.53865993,0.86785984,0.839894116,0.821928322,1.22653389,1.343301415,1.362524509
205,Vietnam,-0.766993642,-0.637721121,-0.556896567,-0.601215303,-0.625979781,-0.572598636,-0.630675972,-0.633366287,-0.631919384,-0.609958649,-0.676629722,-0.652517498,-0.602058232,-0.488062769,-0.482904017,-0.416093022,-0.360865027,-0.364987105,-0.223697126,-0.398171872
206,Vanuatu,,,0.063400999,0.247530341,0.001730393,-0.446476102,-0.697731018,-0.679592252,-0.781638503,-0.684840024,-0.744923711,-0.537155151,-0.325082302,-0.343001187,-0.302986652,-0.319478542,-0.458643496,-0.450524658,-0.401847631,-0.122765079
207,West Bank and Gaza,-0.991329432,-1.024316311,-0.637341201,-1.060214877,-1.015352607,-1.199777246,-1.120842099,-0.209515676,0.213046864,0.199400276,0.072572045,0.119205616,0.205778599,0.099115342,0.060603276,0.020753503,0.016845264,0.03168847,0.078049771,-0.024575733
208,"Jersey, Channel Islands",,,,,,,,,,1.118989706,1.1546942,1.177722454,1.161241531,1.137684584,0.695022583,0.678599,0.712816894,0.920975864,0.944145858,0.934066117
209,"Yemen, Rep.",-0.88151294,-0.778926432,-0.884178817,-0.83576411,-0.773362696,-0.675990701,-0.725814462,-0.641269386,-0.615789056,-0.843221605,-0.698649287,-0.73860395,-0.90968436,-1.134901047,-1.488084316,-1.470228553,-1.61906755,-1.676149726,-1.836731911,-2.007948637
210,Serbia,-0.638883829,-0.611243188,-0.467083603,-0.623985469,-0.530395031,-0.437243164,-0.386879176,-0.182950586,-0.065657973,-0.016896952,-0.070326254,-0.0626247,0.181434169,0.151395857,0.034261219,-0.032494158,0.111153185,0.1117725,0.094855107,0.052124023
211,South Africa,0.733767986,0.819586337,0.692467272,0.715097189,0.74697268,0.595666349,0.656967223,0.449182034,0.44557327,0.446406275,0.398661673,0.380482465,0.230833724,0.224308655,0.130060062,0.152884081,-0.028227128,0.023029443,0.035060983,-0.073147528
212,"Congo, Dem. Rep.",-1.705047011,-1.682577014,-1.668423772,-1.6125772,-1.269039035,-1.255248904,-1.28233397,-1.513494611,-1.548083067,-1.502857208,-1.479630232,-1.260716438,-1.373449683,-1.336872458,-1.311466455,-1.467065573,-1.465462565,-1.499777913,-1.491251826,-1.422889113
213,Zambia,-0.760921121,-0.640948832,-0.629703283,-0.74261868,-0.655606568,-0.567137718,-0.508774042,-0.542492092,-0.524832308,-0.467423737,-0.444079787,-0.494722933,-0.53390485,-0.476323843,-0.52938056,-0.499862432,-0.510764241,-0.594765902,-0.670564473,-0.552872658
214,Zimbabwe,-1.798833966,-1.855191708,-1.974932075,-2.201544046,-1.934421778,-2.075259686,-2.064896107,-2.080981731,-2.001823902,-1.89214921,-1.871890545,-1.854898691,-1.892657995,-1.63175118,-1.684895873,-1.56413734,-1.509489417,-1.468613386,-1.416231632,-1.37249732
