,Country Name,Country Code,Indicator Name,Indicator Code,1960,1961,1962,1963,1964,1965,1966,1967,1968,1969,1970,1971,1972,1973,1974,1975,1976,1977,1978,1979,1980,1981,1982,1983,1984,1985,1986,1987,1988,1989,1990,1991,1992,1993,1994,1995,1996,1997,1998,1999,2000,2001,2002,2003,2004,2005,2006,2007,2008,2009,2010,2011,2012,2013,2014,2015,2016,2017,2018,2019,2020,2021
5,Albania,ALB,GDP growth (annual %),NY.GDP.MKTP.KD.ZG,,,,,,,,,,,,,,,,,,,,,,5.745635292,2.948596801,1.104938262,-1.251596644,1.780643959,5.637243179,-0.787842655,-1.420039656,9.836548972,-9.57564017,-28.00214166,-7.187110915,9.559411685,8.302866597,13.32233332,9.099999436,-10.91998408,8.829423758,12.89080364,6.946216592,8.293312631,4.53652416,5.528637465,5.514667911,5.526424247,5.902659036,5.983259519,7.50004143,3.35428935,3.706938153,2.545406145,1.4172428,1.002017541,1.774448853,2.218726375,3.314980684,3.8022274,4.019359685,2.088063376,-3.481630373,8.515501123
9,Argentina,ARG,GDP growth (annual %),NY.GDP.MKTP.KD.ZG,,5.427842876,-0.852021522,-5.308196825,10.13029766,10.56943334,-0.659726171,3.191996623,4.822500779,9.679526011,3.045643319,5.658131082,1.628416518,2.811754038,5.533804396,-0.028412104,-2.018251517,6.934147757,-4.506124802,10.22276346,1.51878395,-5.189789141,-0.735659159,4.349093279,1.570738702,-5.189024353,6.153377063,2.704868828,-1.089933341,-7.156949656,-2.467213778,9.133110567,7.937291556,8.206979072,5.836200704,-2.845209611,5.526689827,8.111046771,3.850178852,-3.385457041,-0.788998939,-4.408839683,-10.89448483,8.837040796,9.029573301,8.85165992,8.0471515,9.007650875,4.057233103,-5.918525076,10.12539816,6.003951693,-1.026420454,2.405323781,-2.512615321,2.731159828,-2.080327844,2.818502978,-2.617396463,-2.000861003,-9.943235134,10.39824946
10,Armenia,ARM,GDP growth (annual %),NY.GDP.MKTP.KD.ZG,,,,,,,,,,,,,,,,,,,,,,,,,,,,,,,,-11.69999848,-41.80000275,-8.799998793,5.400002779,6.89999842,5.865400749,3.3210797,7.299999988,3.300000001,5.900000003,9.599999999,13.2,14.0,10.5,13.9,13.2,13.7,6.9,-14.1,2.2,4.699999999,7.200000001,3.3,3.600000001,3.199999999,0.2,7.500000002,5.2,7.599999999,-7.2,5.7
13,Australia,AUS,GDP growth (annual %),NY.GDP.MKTP.KD.ZG,,2.482656077,1.29461125,6.216107341,6.980061136,5.980437905,2.379039521,6.304945208,5.094033799,7.045584074,7.175916196,4.000932527,3.910284478,2.619375963,4.106973052,1.336310041,2.588770758,3.594832938,0.893149715,4.050026573,3.035588798,3.339494783,3.324852287,-2.224541877,4.591738564,5.278243879,3.966274337,2.559257638,5.757341066,3.875425521,3.576485761,-0.383071893,0.428619567,4.047425268,3.980923347,3.887106294,3.856841227,3.912835473,4.613356892,4.956324506,3.901171371,2.041417338,3.993589865,3.111398208,4.216633273,3.15375271,2.740635704,3.777916783,3.568270032,1.870486961,2.20656631,2.391385132,3.902007806,2.578754288,2.579017112,2.152735906,2.730547992,2.282183642,2.883045123,2.171396224,-0.050885336,2.236212439
14,Austria,AUT,GDP growth (annual %),NY.GDP.MKTP.KD.ZG,,5.537979317,2.648675113,4.138267582,6.124353738,3.480174918,5.642861411,3.008047798,4.472312782,6.275867166,6.321142632,5.114968585,6.207861086,4.890435317,3.942138071,-0.363735434,4.578445433,5.079980594,-0.210653695,5.3566999,1.731485595,-0.144294691,2.011254708,2.97308803,0.051274763,2.498678497,2.301393212,1.357168064,3.295879898,3.887074818,4.345641399,3.441627777,2.093524617,0.526809204,2.402119074,2.667983531,2.349533852,2.09359939,3.581425815,3.556331247,3.375722147,1.267168189,1.651553922,0.941470921,2.735120222,2.244065325,3.454041836,3.727415301,1.460423676,-3.764578178,1.837093677,2.922797284,0.680445577,0.025504712,0.661272849,1.014501586,1.989437162,2.258572433,2.425385361,1.517388583,-6.453968467,4.556850913
15,Azerbaijan,AZE,GDP growth (annual %),NY.GDP.MKTP.KD.ZG,,,,,,,,,,,,,,,,,,,,,,,,,,,,,,,,-0.700000176,-22.60000033,-23.09999872,-19.70000124,-11.79999911,1.299999405,5.800000148,9.999999612,7.4000013,11.09999914,9.899999865,9.438916269,10.2082994,9.253801797,27.96153811,34.5,24.99999985,10.75897806,9.296363744,5.048944513,0.100000138,2.165239475,5.809800843,2.750506815,1.093975916,-3.09999988,0.199999939,1.5,2.500000067,-4.300000102,5.600037273
16,Burundi,BDI,GDP growth (annual %),NY.GDP.MKTP.KD.ZG,,-13.74613505,9.063157934,4.135407422,6.273037901,3.967225609,4.612992896,13.8215186,-0.297883673,-1.459541142,21.32567073,2.746828712,-6.403964924,6.889050719,-0.726839563,0.697920236,7.942660976,11.46945304,-0.940575988,1.66495495,0.991055725,12.16327557,-1.05359982,3.715326991,0.155544005,11.78318018,3.25018046,5.50309612,5.031024367,1.349502237,3.499822136,4.996836448,1.009998371,-6.240000001,-3.829999996,-7.920000004,-7.999999998,-1.589999997,4.749999995,-1.009999996,-0.856864058,2.055807108,4.446519412,-1.22372796,4.833657768,0.900000001,5.413807145,3.451948564,4.861716367,3.812745366,5.124159994,4.032599988,4.446706331,4.924189898,4.240650214,-3.90000008,-0.600000909,0.500001262,1.609935421,1.812565323,0.327156891,1.7953
17,Belgium,BEL,GDP growth (annual %),NY.GDP.MKTP.KD.ZG,,4.978423063,5.212003509,4.351584282,6.956684733,3.56065984,3.155894982,3.868146947,4.194129625,6.629799795,5.582858284,3.98582711,5.295604743,6.381701958,4.565257973,-1.965941566,5.652745933,0.626154854,2.841896491,2.341072956,4.444053876,-0.279283279,0.594986772,0.311842703,2.466382805,1.651792899,1.822761831,2.306659566,4.72320888,3.469166984,3.137402316,1.833074277,1.530654944,-0.96187331,3.226971525,2.38475728,1.32145093,3.79365763,1.961808272,3.542743464,3.716679384,1.099618888,1.706884585,1.037982549,3.571204343,2.321737054,2.552349944,3.676881136,0.446928735,-2.020743062,2.864292708,1.694513899,0.739217283,0.459242193,1.578533143,2.041459009,1.266686409,1.619580278,1.792945193,2.24085824,-5.361386633,6.133865964
18,Benin,BEN,GDP growth (annual %),NY.GDP.MKTP.KD.ZG,,3.141280456,-3.426409821,4.730027971,6.650759128,5.293862829,3.575862732,1.078398667,3.842335635,2.877497974,2.097757581,-1.496841826,6.426367545,3.706165319,3.339312157,-4.895345447,0.884356333,4.98366373,1.255078028,6.535747415,6.781763868,9.954231167,2.235066344,-4.347822735,7.929839566,7.530324838,2.171141598,-1.500002952,3.405245296,-2.854160496,8.97613436,4.225799421,2.957710827,5.836172085,2.020400448,6.04519865,4.324284031,5.734688375,3.961012138,5.341449372,5.857714205,5.333135706,4.643030871,3.443576776,4.429684554,1.713164564,3.943738828,5.986349322,4.896577084,2.319292139,2.114064726,2.963752919,4.811223316,7.191433721,6.357679098,1.77815106,3.339673426,5.671555469,6.697259461,6.865687336,3.848523092,7.155729529
19,Burkina Faso,BFA,GDP growth (annual %),NY.GDP.MKTP.KD.ZG,,4.043927978,6.12879878,-1.268016373,2.282819224,3.764545381,0.537613084,8.823314975,3.070773938,2.026081041,0.117019611,1.413339882,2.311498742,0.449327404,8.28642648,2.998382897,8.534894961,0.370353564,4.607825,3.664621512,0.796878879,4.255303395,9.562196622,0.34598474,-1.778696688,8.517364991,7.955362729,-0.236336789,5.795592965,2.150267272,-0.602928478,9.069984459,0.232710762,3.461384939,1.315007272,5.716373863,11.01474387,6.316834735,7.307719635,7.395237801,1.888473889,6.613405745,4.35296383,7.802493889,4.478452137,8.661873228,6.253164688,4.111379018,5.799991741,2.961950859,8.446281577,6.622562613,6.45267238,5.792584845,4.326845615,3.921228794,5.957976708,6.203489411,6.604569068,5.688115149,1.93032489,6.906341673
20,Bangladesh,BGD,GDP growth (annual %),NY.GDP.MKTP.KD.ZG,,6.058160825,5.45303097,-0.45589429,10.95278855,1.606258229,2.566812001,-1.87586392,9.489454015,1.220857909,5.619852293,-5.479483027,-13.9737287,3.325680199,9.5919563,-4.088214092,5.661361201,2.67305605,7.073837733,4.801634601,0.819141869,7.233943695,2.134327836,3.8810464,4.803310015,3.342014654,4.173382559,3.772401853,2.416256856,2.836582129,5.622258162,3.485227816,5.44268555,4.711561725,3.890126441,5.121277897,4.522919217,4.489896498,5.177026873,4.670156369,5.293294719,5.077287775,3.83312394,4.7395674,5.23953291,6.535944941,6.671904981,7.058599357,6.013789759,5.045124794,5.571788188,6.464379123,6.521458781,6.013605658,6.061059359,6.552639879,7.113478213,6.590249998,7.31941263,7.881915151,3.448021455,6.938675089
21,Bulgaria,BGR,GDP growth (annual %),NY.GDP.MKTP.KD.ZG,,,,,,,,,,,,,,,,,,,,,,4.90016186,2.334565592,3.430305914,3.396443622,2.683440741,4.207602003,6.054513839,10.94469206,-3.289882068,-9.117377096,-8.445355196,-7.272387966,-1.480214854,1.818011334,2.861232771,5.205394067,-14.11538174,3.789120642,-8.396090667,4.587224782,3.823703363,5.871931433,5.237155215,6.510425341,7.05634894,6.802589226,6.654386825,6.129559704,-3.347142095,1.541801443,2.10120575,0.754930386,-0.560493966,0.966869032,3.428054914,3.039825276,2.76217096,2.684760587,4.038142206,-3.958614598,7.634609716
24,Bosnia and Herzegovina,BIH,GDP growth (annual %),NY.GDP.MKTP.KD.ZG,,,,,,,,,,,,,,,,,,,,,,,,,,,,,,,,,,,,20.79999754,88.95766618,34.38957405,15.59999669,9.599999716,12.76546946,2.423313172,5.027444207,3.867138795,6.325266169,3.89717799,5.414003571,5.857126342,5.443831035,-3.00445593,0.86566926,0.959511247,-0.821836474,2.349856663,1.153851092,3.089162709,3.149807309,3.171434907,3.740073101,2.831001308,-3.119290515,7.54559113
25,Belarus,BLR,GDP growth (annual %),NY.GDP.MKTP.KD.ZG,,,,,,,,,,,,,,,,,,,,,,,,,,,,,,,,-1.19999557,-9.600001396,-7.600001842,-11.7000039,-10.40000049,2.800004651,11.40000541,8.39999142,3.399999163,5.80000344,4.725305994,5.04526748,7.043192559,11.44974311,9.400001524,9.999994812,8.600006536,10.19999944,0.19999531,7.798266823,5.37870745,1.687135536,1.003470841,1.726384854,-3.829570558,-2.526446436,2.5321835,3.149197594,1.4,-0.699607614,2.299879412
26,Belize,BLZ,GDP growth (annual %),NY.GDP.MKTP.KD.ZG,,4.892277219,4.89265218,4.956434195,4.99987991,4.930540961,4.770845113,4.913123162,7.367225457,5.106374791,4.807693364,3.959441082,10.21830384,5.351894111,13.55998517,3.592824442,-0.034020943,6.496594287,7.920807179,7.517021513,13.43668176,1.133770823,-0.107710429,-2.143179971,1.972065026,1.012513914,4.539456958,10.73530413,9.787711443,13.00922113,11.44338873,11.45287958,12.03758074,6.236897275,0.197335964,0.640078779,1.02739726,3.583535109,3.927068724,8.951866847,13.00578035,5.042016807,5.113043478,9.331568498,4.630750605,2.198437952,4.585338239,3.274695535,-1.519916143,-0.452368281,1.25634857,-0.105596621,3.858350951,4.529262087,4.089581305,3.367633302,0.113122172,-1.694915254,1.103448276,4.502046385,-13.40295909,15.22613065
28,Bolivia,BOL,GDP growth (annual %),NY.GDP.MKTP.KD.ZG,,2.089295936,5.578917859,6.797625777,3.956596532,4.913441956,7.170589663,6.317219517,8.529443084,4.474097331,5.231029301,5.063336439,7.96748521,5.739161526,2.939567808,7.311017731,4.614567486,4.971215657,2.052694566,0.133344048,-1.371772911,0.275616375,-3.938737928,-4.0421214,-0.200665698,-1.676389781,-2.5738842,2.463484616,2.909497961,3.790130964,4.635787428,5.266526668,1.646498183,4.269296117,4.667265103,4.678276597,4.361341952,4.954208743,5.029354755,0.426885423,2.507810809,1.683799127,2.485565738,2.711339837,4.173295589,4.421433127,4.797008824,4.564384269,6.148497875,3.356999574,4.126722591,5.204092443,5.122275581,6.796011428,5.460569506,4.8571873,4.263920838,4.195206301,4.223623511,2.216705778,-8.737884434,6.105804225
29,Brazil,BRA,GDP growth (annual %),NY.GDP.MKTP.KD.ZG,,8.6,6.6,0.6,3.4,2.4,6.7,4.2,9.8,9.5,10.4,11.34292199,11.94034812,13.96872178,8.153938685,5.166649084,10.25712953,4.93432807,4.969897689,6.759560122,9.2,-4.25,0.83,-2.93,5.4,7.85,7.49,3.53,-0.06,3.16,-4.35,1.032189585,-0.54407205,4.924690004,5.852870362,4.223793634,2.20886405,3.394845986,0.338097901,0.467937566,4.387949447,1.389896401,3.053461859,1.140828998,5.759964637,3.202132061,3.961988711,6.069870607,5.094195447,-0.125812002,7.528225818,3.974423079,1.921175986,3.004822669,0.50395574,-3.545763393,-3.275916908,1.322869054,1.783666762,1.220777824,-3.878676334,4.619421621
32,Bhutan,BTN,GDP growth (annual %),NY.GDP.MKTP.KD.ZG,,,,,,,,,,,,,,,,,,,,,,15.12229484,3.439773849,10.43101594,4.556658989,4.028533,11.3921976,29.05432385,4.767373021,7.355567318,10.38311792,-0.407875687,4.600891432,1.98636659,4.95150367,7.074117278,5.565172862,5.373838519,5.914030835,7.983972022,3.355068285,8.348954483,10.99228184,7.823302361,6.008742236,7.287249352,6.999738095,18.36085406,4.799460612,6.748333748,11.945896,7.982617041,5.118400858,2.119972633,5.77649568,6.642232105,8.127033538,4.651834675,3.055129837,5.755169993,-10.00969926,4.087618798
33,Botswana,BWA,GDP growth (annual %),NY.GDP.MKTP.KD.ZG,,6.34328372,6.666667813,5.921045097,6.832300931,5.81395506,6.344019096,5.924559941,10.5670565,15.12340471,17.12026767,25.82110722,26.36194095,21.30318409,8.797795216,8.446250381,10.64737671,12.01204009,14.33280159,12.14858892,11.98690139,9.064857465,12.16553186,13.14672905,8.545383639,7.125271268,8.172924332,11.88192814,19.44996951,13.05940589,6.772821949,7.458709171,2.917070304,1.916107019,3.627916077,7.030410309,5.829800007,8.3258909,0.443663522,9.667240795,1.987695751,0.250573957,6.06953088,4.625894727,2.705821729,4.556645673,8.363871096,5.792555777,3.252072958,-14.14423462,10.12220912,6.838529748,-0.170900761,11.10282378,5.69696454,-4.850991817,7.201819029,4.113056143,4.189834074,3.032598741,-8.726408626,11.37002186
35,Canada,CAN,GDP growth (annual %),NY.GDP.MKTP.KD.ZG,,3.163291684,7.425384774,5.349546457,6.642894415,6.316714176,6.704991764,3.091205962,4.995666605,5.045456367,,,,,,,,,,,,,,,,,,,,,,,,,,,,,3.896151829,5.162913624,5.177635668,1.78997288,3.018050512,1.801518136,3.086980809,3.204200428,2.634303814,2.069409888,1.007622695,-2.928400167,3.08949462,3.146881372,1.762222549,2.329122506,2.870036075,0.659176864,1.001394414,3.039880225,2.777040554,1.879592028,-5.233024303,4.540887309
37,Switzerland,CHE,GDP growth (annual %),NY.GDP.MKTP.KD.ZG,,,,,,,,,,,,,,,,,,,,,,1.60133593,-1.309417496,0.639079545,3.008456322,3.673595924,1.858632898,1.585478008,3.277596377,4.330794024,3.47455211,-0.915816668,-0.043733003,-0.125983395,1.269757676,0.480866449,0.471280021,2.261325239,3.02996917,1.662701284,3.958719719,1.575661967,-0.073217084,-0.032398477,2.70170921,2.749698985,4.07362845,3.916375818,2.807983632,-2.297374631,3.243397336,1.813108192,1.179253833,1.792144057,2.349881275,1.644627687,2.068689667,1.362799557,2.860445795,1.141982325,-2.37556328,4.221716577
39,Chile,CHL,GDP growth (annual %),NY.GDP.MKTP.KD.ZG,,5.245271884,4.026685623,5.84014014,2.557220538,0.950272505,11.23624246,3.615999854,3.59201333,3.937983281,1.82896697,9.422686211,-1.019947794,-5.029248356,2.382149333,-12.91210105,3.832584005,10.44468638,7.701103603,8.418304687,7.986620757,6.525370366,-11.01430506,-5.017420525,4.103683239,4.009916203,5.377692323,6.460468528,7.345110454,9.923382897,3.333565474,7.804392186,11.16670773,6.588783827,5.030197977,8.933295869,6.802916596,7.391739268,4.180886627,-0.273631398,4.971621488,3.154034925,3.202799135,4.723245269,6.674254168,5.837045719,6.049990826,5.168230985,3.789392806,-1.118037236,5.851651022,6.223896785,6.155340019,3.308508247,1.792649471,2.1519425,1.753038749,1.357695373,3.990029478,0.770539584,-5.978224062,11.6682247
40,China,CHN,GDP growth (annual %),NY.GDP.MKTP.KD.ZG,,-27.27,-5.57999999,10.3,18.17999999,16.95,10.65,-5.770000004,-4.099999987,16.94,19.3,7.059999999,3.81,7.760000001,2.310000003,8.719999998,-1.570000002,7.570000001,11.32597799,7.59132468,7.834145016,5.112761091,9.017113914,10.77020251,15.19154002,13.43067752,8.949961764,11.65742779,11.22259498,4.206334355,3.920251368,9.262786085,14.22452959,13.8837293,13.03680663,10.95395434,9.922556753,9.236779892,7.845951787,7.6616515,8.490093406,8.335733478,9.13363079,10.03803048,10.11362138,11.39459181,12.72095567,14.23086093,9.650678919,9.398725633,10.63587106,9.550832179,7.863736449,7.766150098,7.425763656,7.041328879,6.848762205,6.947200793,6.749773833,5.950500754,2.239701857,8.109792581
42,Cameroon,CMR,GDP growth (annual %),NY.GDP.MKTP.KD.ZG,,1.183680811,3.041559051,3.742550321,3.547159695,2.026053715,4.614955619,-10.91206559,6.346323854,4.901479524,3.092068234,3.479707817,2.673843293,5.355680779,10.73426226,11.24505878,-5.495138397,13.73987152,22.00300492,6.035118773,-1.965291668,17.08268225,7.516202605,6.866830565,7.474572544,8.063161671,6.771663084,-2.146650215,-7.823631975,-1.819120512,-6.105697646,-3.808599373,-3.100003211,-7.932066574,1.876809226,2.894001377,4.21507215,4.527313766,4.725534848,4.511304221,3.832417795,4.324261192,4.477026829,5.453153691,7.048862823,2.228270206,3.809583273,4.327589013,2.847677889,2.579251775,2.899024724,3.379211288,4.625978719,4.995529159,5.719818144,5.666952991,4.535794236,3.541176549,3.95551424,3.475059979,0.259932916,3.649916886
45,Colombia,COL,GDP growth (annual %),NY.GDP.MKTP.KD.ZG,,5.089216984,5.411889613,3.286707554,6.166941324,3.60001139,5.236735862,4.134864166,5.933117999,6.102517309,6.207796961,5.960727946,7.669147544,6.722954969,5.745757189,2.323255281,4.728368735,4.158505453,8.469900838,5.379118988,4.087353676,2.276872745,0.948420787,1.573956038,3.350683739,3.107106196,5.824076137,5.368932148,4.064173245,3.41409611,4.281998331,2.001607597,4.044929438,5.385409939,5.814661908,5.202437593,2.055854712,3.430293678,0.56978409,-4.204015244,2.924861483,1.677898308,2.503980466,3.918271904,5.333022067,4.828761108,6.716868698,6.738194691,3.283446186,1.139648645,4.494658971,6.947891982,3.912635767,5.13399352,4.499030001,2.955901375,2.087382502,1.359360868,2.564324283,3.186855392,-7.048151208,10.67701307
48,Costa Rica,CRI,GDP growth (annual %),NY.GDP.MKTP.KD.ZG,,1.879276556,5.442391375,6.898923442,3.659048314,8.190527594,6.969319031,5.65012592,8.473304347,5.491799943,7.503134343,6.778505426,8.178045134,7.708915812,5.544899991,2.100071049,5.517564403,8.904474432,6.267686824,4.939123955,0.751895403,-2.261655507,-7.285568847,2.862992702,8.024107907,0.721601729,5.536250843,4.76453328,3.43214738,5.665975549,3.553063366,2.265654989,9.201103732,7.09719124,4.519028377,4.153953043,1.350459539,5.476165774,7.155308577,4.21481117,3.868718088,3.491169873,3.41687639,4.317179866,4.424599597,3.976666368,7.326695432,8.215131984,4.738174878,-0.873455943,5.36034348,4.40315924,4.88259241,2.494766112,3.542109878,3.652080968,4.204323252,4.157698963,2.615904404,2.417511818,-4.050908171,7.579565299
53,Cyprus,CYP,GDP growth (annual %),NY.GDP.MKTP.KD.ZG,,,,,,,,,,,,,,,,,20.26629219,16.36200095,7.777403361,9.905569382,5.753244702,2.516998441,6.021708985,5.582181702,8.757894383,4.882540773,3.703950289,7.065250813,8.646777844,7.947425532,7.403999507,0.739501202,9.399999016,0.700000488,5.899998701,8.362469305,1.248581576,2.64089464,6.110846746,4.997960422,5.965310315,3.952560541,3.722956499,2.623286123,5.026343926,4.853003838,4.713828666,5.098068453,3.646811991,-2.015262359,2.283544997,0.416712763,-3.447381424,-6.587482257,-1.776061912,3.418923188,6.573580202,5.733476139,5.647858201,5.529428549,-4.372474186,6.638926968
55,Germany,DEU,GDP growth (annual %),NY.GDP.MKTP.KD.ZG,,,,,,,,,,,,3.132699738,4.300341334,4.777486892,0.890068741,-0.866738894,4.949258377,3.34721812,3.008492857,4.150363341,1.408828636,0.529240557,-0.394840775,1.57241017,2.82294781,2.327935262,2.287339221,1.402151627,3.707235659,3.896551692,5.255006083,5.108261522,1.923076559,-0.976849818,2.391892071,1.544146496,0.805822891,1.792160821,2.013932785,1.887261154,2.912502964,1.681468481,-0.197973835,-0.700116686,1.175088132,0.731707164,3.816441913,2.976455131,0.959879134,-5.693836336,4.179882499,3.925192705,0.418497594,0.437591303,2.209543431,1.491931528,2.229999868,2.680231114,0.981232606,1.056603898,-3.696788705,2.626987267
56,Djibouti,DJI,GDP growth (annual %),NY.GDP.MKTP.KD.ZG,,,,,,,,,,,,,,,,,,,,,,,,,,,,,,,,,,,,,,,,,,,,,,,,,,,,,,,7.061543242,7.526108919,7.123432337,5.458091517,4.774416888,5.5451306,1.202022033,4.812477383
58,Denmark,DNK,GDP growth (annual %),NY.GDP.MKTP.KD.ZG,,6.378832476,5.666822173,0.637021234,9.269938215,4.555254814,2.740910109,5.530370008,5.553076576,6.509248385,1.596841805,3.004995574,3.929385341,4.092946092,-1.12239425,-1.456644936,5.924606187,1.87029103,2.22630854,3.869111483,-0.482986337,-0.666124156,3.684572968,2.596071919,4.166137923,4.003751815,4.904178355,0.254266315,-0.013601205,0.645187432,1.475244277,1.393633997,1.957006712,0.010687631,5.332462712,3.027587267,2.900099769,3.260890158,2.218158742,2.948022161,3.746862595,0.823152998,0.466345571,0.390058556,2.668219267,2.336641308,3.913007978,0.909238928,-0.512016745,-4.90654773,1.870991147,1.336777767,0.226499792,0.933340972,1.619393811,2.342591108,3.245956985,2.821736341,1.989537315,1.493486959,-1.994607569,4.855707586
59,Dominican Republic,DOM,GDP growth (annual %),NY.GDP.MKTP.KD.ZG,,-2.31324875,17.04724093,6.502902634,6.764865116,-12.48183392,13.46334483,3.327542287,0.238860485,10.89144583,18.22668288,10.87146607,10.39416408,12.89576373,6.001902903,5.193253357,6.728122642,4.981783951,2.140684677,4.531399217,7.968738507,4.27986748,1.698708631,4.627946348,1.252895975,-2.122534976,3.521993199,10.11736736,2.155963331,4.400538815,-5.454312395,0.944138889,11.22093274,7.364513042,2.600354268,5.685430737,5.977825114,8.885269066,6.714477712,5.940049136,4.66176228,2.459516368,4.495103403,-1.345706185,2.570134279,9.428236947,9.174355406,7.415951715,3.209504262,0.946155168,8.33965106,3.133423003,2.717367897,4.875205093,7.05046369,6.927018772,6.659200263,4.666704677,6.982527585,5.05216802,-6.720239373,12.27199023
66,Ecuador,ECU,GDP growth (annual %),NY.GDP.MKTP.KD.ZG,,5.124414879,4.919146942,2.106368247,7.407245362,3.275082488,-0.339525639,4.621073941,1.909438399,4.66923798,6.87192933,6.292606196,5.017640704,13.95068213,11.20850963,10.972154,7.397187619,1.604842112,5.706824945,3.734048401,3.708682969,5.61286412,0.614845354,-0.336868771,2.625273268,3.935001412,3.464782516,-0.259098708,5.89046729,1.005777946,3.679914053,4.291342398,2.114310675,1.973218079,4.258250468,2.252548774,1.731747514,4.327864764,3.266529404,-4.739385791,1.091801564,4.0156299,4.096776659,2.722877337,8.211020917,5.291308267,4.403526434,2.190063972,6.3571306,0.566491592,3.525298669,7.868140919,5.641962067,4.946511267,3.788868549,0.098872608,-1.226383985,2.368386526,1.289291933,0.012105103,-7.787607091,4.235251242
67,"Egypt, Arab Rep.",EGY,GDP growth (annual %),NY.GDP.MKTP.KD.ZG,,5.161114143,3.875616724,10.51809262,11.50757747,4.914042292,5.046403713,0.805264127,-1.60679235,5.279517514,5.598515038,4.057346327,3.055680625,3.506830162,1.558938572,8.939147159,13.27968944,9.003044267,8.628767645,4.547689628,10.01132904,7.348553896,9.907171134,5.09440684,9.745762712,5.791505791,4.744525547,3.832752613,5.461320496,4.920868604,5.667029157,1.125404593,4.472859189,2.900790794,3.973172185,4.64245877,4.98873057,5.49235474,5.575497461,6.053438783,6.370003834,3.535251969,2.390204028,3.193454739,4.092071612,4.471744469,6.843838197,7.087827427,7.156283564,4.6735998,5.147234859,1.764571949,2.226199797,2.185466055,2.915911879,4.372019079,4.346643453,4.181221001,5.314121037,5.557683888,3.569669475,3.326742091
70,Spain,ESP,GDP growth (annual %),NY.GDP.MKTP.KD.ZG,,11.83867419,9.953438103,9.596498874,5.308510246,6.253134899,7.24606031,4.340338417,6.597020138,8.907015555,4.289182957,4.649473687,8.14974581,7.788465358,5.618785717,0.542203214,3.303791572,2.838574334,1.463003236,0.041546515,2.208728107,-0.132468452,1.246461606,1.77011574,1.784687507,2.321435946,3.253321706,5.547122619,5.094324204,4.827030271,3.781393555,2.546000585,0.929215316,-1.031491729,2.383195326,2.757494046,2.660561604,3.702494627,4.393100735,4.490553378,5.245943824,3.933002765,2.730948329,2.981936316,3.122733517,3.652084192,4.102685741,3.604738462,0.887067046,-3.763107042,0.162919518,-0.814384777,-2.958922132,-1.403341868,1.395775367,3.838518877,3.037774142,2.975760729,2.284469419,1.983966223,-11.32543832,5.519594973
71,Estonia,EST,GDP growth (annual %),NY.GDP.MKTP.KD.ZG,,,,,,,,,,,,,,,,,,,,,,,,,,,,,,,,,,,,,4.943014491,13.05001474,4.33982551,-0.425025157,10.08763444,6.003674251,6.77136793,7.600265185,6.804007771,9.526426972,9.76558337,7.57914052,-5.132000958,-14.62905503,2.444265118,7.263084581,3.228200494,1.458428636,3.011366587,1.853020046,3.155564814,5.792044675,3.78420085,3.739706682,-0.551001258,8.013462924
72,Ethiopia,ETH,GDP growth (annual %),NY.GDP.MKTP.KD.ZG,,,,,,,,,,,,,,,,,,,,,,,0.916013857,8.235005719,-2.848021452,-11.14435298,9.661612361,13.85933039,0.503674879,-0.36104418,2.726451783,-7.1374797,-8.672480148,13.14283398,3.189964582,6.127511414,12.42617378,3.133906851,-3.458139134,5.162145821,6.07321748,8.301306321,1.514725706,-2.161359722,13.57260314,11.81876595,10.83472707,11.456167,10.78852169,8.802553198,12.55053835,11.17829623,8.647811633,10.58227005,10.25749296,10.39246302,9.433482658,9.564189643,6.816147797,8.364085699,6.059530886,5.637303008
75,Finland,FIN,GDP growth (annual %),NY.GDP.MKTP.KD.ZG,,7.604670479,2.981945536,3.285099636,5.238686598,5.302857802,2.372823015,2.168828883,2.303289984,9.593287785,4.813736796,2.356921358,7.735485502,6.983827845,3.23653304,1.804898277,0.344382485,0.239510829,2.919707412,7.121926371,5.38904788,1.315878854,3.108088693,3.116581514,3.237691996,3.548896587,2.755633459,3.574826138,5.217150323,5.087143674,0.670275844,-5.886328069,-3.294660066,-0.66199803,3.963052424,4.21686747,3.66717983,6.333795654,5.457180501,4.379575723,5.773362458,2.610019124,1.707148962,2.003784203,3.99209129,2.779850556,4.027409658,5.299336507,0.783995061,-8.074447432,3.185958654,2.547664838,-1.397545728,-0.901696316,-0.364908157,0.543659212,2.811457767,3.19240963,1.139718013,1.224748922,-2.205139373,2.973229356
76,Fiji,FJI,GDP growth (annual %),NY.GDP.MKTP.KD.ZG,,3.517582003,3.606102146,6.358771968,4.877280733,-2.700266959,0.0,13.35182832,7.916221559,2.596410513,12.70271113,6.888986665,7.485276673,11.61286851,2.60114991,0.530211189,2.736163247,5.904011842,1.863401451,12.22481977,-1.603456935,6.329990549,-5.9784862,-3.96012301,8.393024472,-4.613474868,7.749907967,-6.615019995,0.955754873,7.438632435,5.80000272,-2.700003729,6.10000191,2.130032421,5.099999609,2.499998538,4.80000043,-2.199999369,1.300000452,8.799998719,-1.699998416,2.000000147,3.199999114,0.999999345,5.299999705,0.700000402,1.852483872,-0.85065431,1.03279422,-1.386037708,2.954672422,2.705143029,1.411314382,4.73421949,5.603514887,4.501199392,2.445652008,5.353364937,3.81235097,-0.581946371,-17.00023502,-5.111607393
77,France,FRA,GDP growth (annual %),NY.GDP.MKTP.KD.ZG,,4.980111849,6.843469985,6.233679952,6.652099508,4.861507696,5.251837046,4.921148915,4.491308886,7.109475345,6.108679813,5.316715897,4.511374019,6.344580675,4.300919143,-0.959884746,4.356758903,3.464312004,3.978543722,3.549989157,1.57874526,1.069019839,2.505396616,1.240864862,1.513721603,1.622781367,2.33727635,2.561900335,4.743142194,4.343861063,2.923935081,1.048175847,1.599342677,-0.628666352,2.358342181,2.106695253,1.412993673,2.336296529,3.588659425,3.421373799,3.923669227,1.983721419,1.135531482,0.823160757,2.829752929,1.66321998,2.449323601,2.424736243,0.25494596,-2.873313828,1.949437623,2.192700633,0.313134751,0.576326675,0.956183052,1.112912341,1.095464404,2.291419994,1.865066071,1.842971814,-7.784586492,6.816589136
81,United Kingdom,GBR,GDP growth (annual %),NY.GDP.MKTP.KD.ZG,,2.677118943,1.102909649,4.874383998,5.533659386,2.142176544,1.573100414,2.786474642,5.441083438,1.924096835,6.840913651,3.504717441,4.321667564,6.523848527,-2.484404066,-1.4736495,2.910266241,2.457750493,4.204260511,3.74901654,-2.03136775,-0.787743859,1.994891213,4.221856356,2.269105221,4.147414989,3.150340514,5.392738323,5.732413698,2.577602688,0.733755503,-1.103121561,0.401081984,2.489830965,3.846009225,2.531669964,1.907807101,4.366581074,3.157287339,3.014070476,4.092653478,2.157428178,1.770765299,3.123053313,2.344971482,2.668337657,2.160405321,2.563460461,-0.154344315,-4.5104856,2.430072895,1.067610914,1.448456757,1.819863375,3.199702626,2.393103184,2.165206211,2.44357047,1.705021022,1.604308648,-11.03085846,7.524910374
82,Georgia,GEO,GDP growth (annual %),NY.GDP.MKTP.KD.ZG,,,,,,,7.535631294,6.249999542,4.456334813,4.778149723,12.05211625,2.470936127,2.836873808,6.482761547,8.80829341,7.380945301,6.097564233,6.896550159,7.429127694,7.370346069,4.576266276,5.267423656,2.001538542,4.301886845,5.426922969,4.94165542,-8.175275891,1.282042846,5.55555808,-7.195201895,-14.7882259,-21.10000073,-44.89999946,-29.30000197,-10.39999397,2.599996724,11.20000201,10.51904122,3.104902718,2.869257044,1.838341066,4.805453273,5.473836801,11.05872319,5.794496346,9.589574062,9.419770648,12.57895343,2.418571659,-3.650513631,6.249487768,7.399999867,6.369008306,3.621305352,4.431924823,3.02220738,2.90643878,4.842603225,4.842919885,4.982350475,-6.760439817,10.46553729
83,Ghana,GHA,GDP growth (annual %),NY.GDP.MKTP.KD.ZG,,3.429674015,4.109158606,4.405974199,2.209327502,1.36899887,-4.25829037,3.07536405,0.368860329,6.006174966,9.723472587,5.216124557,-2.487655402,2.884584195,6.852516832,-12.43162902,-3.530182806,2.274107242,8.475935602,-2.51494142,0.471695943,-3.503066947,-6.923650411,-4.563737505,8.647569457,5.091617272,5.19916068,4.794898879,5.628168764,5.0858727,3.328817883,5.281826398,3.87941908,4.850000554,3.299999739,4.112418972,4.602461156,4.19635744,4.700390784,4.399996825,3.700000082,4.000000128,4.499999559,5.200000133,5.599999991,5.900003819,6.399912606,4.346819104,9.149798938,4.844487052,7.899711941,14.04712358,9.292789406,7.312525017,2.856240163,2.120759338,3.37346575,8.128894881,6.200077681,6.507774794,0.513941648,5.356477897
85,Guinea,GIN,GDP growth (annual %),NY.GDP.MKTP.KD.ZG,,,,,,,,,,,,,,,,,,,,,,,,,,,,3.299938843,6.308116702,4.00347601,4.324062755,2.613423004,3.270947301,5.044144542,3.970099106,4.607673202,4.461575085,5.181603459,3.644121242,3.812004035,2.503060562,3.658346471,5.164609466,1.24860126,2.340117313,2.997272562,1.189602117,6.817471113,4.133016159,-1.122642048,4.81336017,5.612111774,5.915286261,3.945687086,3.696553117,3.825910569,10.8206272,10.30000534,6.358491927,5.616914469,4.920266372,3.9
86,"Gambia, The",GMB,GDP growth (annual %),NY.GDP.MKTP.KD.ZG,,,,,,,,0.0,9.576143469,2.435522881,6.153846573,-0.065877039,0.241704785,9.250329253,5.87879361,12.39342909,7.351225732,3.43957606,6.31644631,-1.328183162,6.270079606,3.321894011,-0.764582637,10.88322777,3.535257302,-0.812264661,4.091070741,2.454332597,4.476826921,5.895721873,3.558879368,3.107039224,3.378688791,3.012101374,0.15434596,0.881848241,2.223545638,4.89999911,3.499998702,6.39999905,5.500000216,5.800000243,-3.25000015,6.869999622,7.050000001,-2.351729362,-0.555580977,3.043249508,6.255905534,6.665724308,5.90833581,-8.130444223,5.241569246,2.87276879,-1.407382495,4.058073804,1.943359655,4.822611249,7.234890333,6.22205316,0.591487288,4.265492162
87,Guinea-Bissau,GNB,GDP growth (annual %),NY.GDP.MKTP.KD.ZG,,,,,,,,,,,,-3.910967458,6.374860894,1.10989279,4.559241048,7.84558432,4.943455305,-7.170069971,13.12604338,1.994144363,-15.9526515,18.16752815,4.200082135,-3.398287429,9.109222986,4.166492897,-0.793847626,2.900000007,4.599999988,6.100000021,6.099999986,5.100000023,1.099999971,2.1,3.20000002,4.400000008,11.6,6.5,-28.09997973,1.025537409,5.426987367,2.188906815,-0.985177525,0.568510176,2.76140199,4.266098931,2.309357998,3.262955456,3.203567307,3.368974958,4.6109709,8.084779734,-1.712683012,3.255904265,0.964560751,6.134082941,6.262805638,5.919176626,1.283736703,4.499999992,-2.399999999,3.800002427
89,Greece,GRC,GDP growth (annual %),NY.GDP.MKTP.KD.ZG,,13.20384119,0.364810538,11.84486767,9.409676638,10.76801051,6.494502347,5.669485467,7.2037189,11.56366729,8.565247516,7.841177204,10.16015168,8.092378979,-6.438240779,6.366808642,6.851897698,2.941001767,7.246863493,3.282080073,0.677130817,-1.553720956,-1.132647447,-1.078622669,2.010580236,2.509557104,0.517659598,-2.258863416,4.287861704,3.800000534,0.0,3.099999411,0.700000209,-1.600000184,2.000000261,2.099719737,2.862128802,4.48419902,3.894905028,3.072596691,3.919770717,4.131612253,3.922871653,5.794531473,5.060992204,0.599142189,5.652433622,3.273746904,-0.335172342,-4.300733673,-5.478217742,-10.14931483,-7.086696786,-2.515997222,0.475695947,-0.19608763,-0.487173294,1.09214912,1.668428636,1.884341785,-9.004043642,8.434425502
92,Guatemala,GTM,GDP growth (annual %),NY.GDP.MKTP.KD.ZG,,4.298518349,3.536501263,9.541043931,4.632992432,4.361769315,5.51210399,4.112175617,8.766035054,4.736909016,5.707883598,5.583754547,7.333051621,6.782834337,6.375029903,1.949990822,7.387265625,7.809220684,4.99668982,4.713456092,3.75997816,0.64685861,-3.53008901,-2.572091444,0.496697753,-0.609338956,0.143049596,3.543983307,3.892387064,3.94258952,3.102563176,3.65824875,4.838338847,3.927131945,4.033741496,4.948547502,2.957779887,4.364089947,4.993527803,3.847062189,3.608868717,2.332574866,3.839287086,2.560377668,3.137916836,3.276026926,5.351397787,6.33771869,3.293524,0.476898107,2.884175428,4.163906883,2.974708568,3.694819199,4.443977583,4.092170816,2.677802555,3.079851491,3.4068734,4.002315059,-1.764082926,7.980769506
97,Honduras,HND,GDP growth (annual %),NY.GDP.MKTP.KD.ZG,,1.855659321,5.764846041,3.580436708,5.416645571,9.037156489,5.373842271,5.977542858,6.598183245,0.655438847,3.62672094,3.995003607,5.762304882,7.869852503,-1.227641731,2.130681763,10.50069306,10.38388909,5.966211807,5.609926692,0.599354053,-1.222035024,-2.074660895,0.905693884,6.327295761,5.626234849,5.330774418,6.63835598,1.746033807,2.727848929,2.79174895,-3.319308423,6.073687877,6.495718208,0.211903499,6.189304558,1.870776294,4.598083062,3.590233034,-0.735651085,7.291288159,2.723193273,3.754337861,4.547038052,6.232302961,6.050599222,6.567243552,6.188327167,4.23160011,-2.43162788,3.731140344,3.835690662,4.128687749,2.791559757,3.058080562,3.840079971,3.892972197,4.842913911,3.84499477,2.653066255,-8.964760184,12.53409602
99,Croatia,HRV,GDP growth (annual %),NY.GDP.MKTP.KD.ZG,,,,,,,,,,,,,,,,,,,,,,,,,,,,,,,,,,,,,6.253187918,6.173188911,2.325148562,-0.746153536,2.864066947,3.074727625,5.763535148,5.563735935,4.154144175,4.262862934,4.886938071,5.00111243,2.001864021,-7.193444759,-1.223779482,-0.086613779,-2.331661645,-0.397827665,-0.429360586,2.522292277,3.559359482,3.412467822,2.800676199,3.42100553,-8.580343021,13.07220492
101,Hungary,HUN,GDP growth (annual %),NY.GDP.MKTP.KD.ZG,,,,,,,,,,,,,,,,,,,,,,,,,,,,,,,,,-3.064180347,-0.576108518,2.947154556,1.489525476,0.082413298,3.143122194,3.900004501,3.071026866,4.479194732,4.074088033,4.741286546,4.074249746,5.004620692,4.29427761,3.94606688,0.277372772,1.003943029,-6.597867219,1.076254043,1.866837475,-1.250226023,1.802522101,4.232209806,3.707315979,2.201001893,4.271976016,5.362332259,4.85779236,-4.547263823,7.117315315
106,Indonesia,IDN,GDP growth (annual %),NY.GDP.MKTP.KD.ZG,,5.740645823,1.841977702,-2.237029984,3.529698148,1.081589467,2.791346825,1.380402805,10.91517857,6.822298249,7.554634515,7.023997197,7.037643208,8.103975535,7.234243817,5.607476636,7.079646018,8.26446281,6.870229008,7.142857143,10.0,7.878787879,2.247191011,4.395604396,6.842105263,2.463054187,5.769230769,5.0,5.627705628,7.786885246,7.224334601,6.775817441,6.497506517,6.49640812,7.539971096,8.220007399,7.818187077,4.699878854,-13.12672549,0.791126082,4.920067747,3.643466447,4.499475391,4.780369122,5.030873945,5.692571304,5.500951785,6.345022227,6.0137036,4.628871183,6.223854181,6.169784208,6.030050653,5.557263689,5.006668426,4.8763223,5.033069183,5.069785901,5.17429154,5.01928768,-2.065004941,3.691240112
109,India,IND,GDP growth (annual %),NY.GDP.MKTP.KD.ZG,,3.722742533,2.931127735,5.994353262,7.452950123,-2.63577011,-0.05532877,7.825963031,3.387929176,6.539700299,5.157229737,1.642930375,-0.553301305,3.295521135,1.185336255,9.149912016,1.663103638,7.254764588,5.712532089,-5.238182704,6.735821529,6.006203626,3.47573324,7.288892903,3.820737856,5.254299223,4.776564168,3.965355635,9.627782916,5.947343332,5.533454561,1.056831433,5.482396022,4.75077622,6.658924067,7.57449184,7.549522249,4.049820849,6.184415821,8.845755561,3.840991157,4.823966264,3.803975321,7.860381476,7.922936613,7.923430621,8.060732573,7.660815065,3.08669806,7.861888833,8.497584702,5.241315001,5.456388753,6.386106401,7.410227605,7.996253786,8.256305502,6.795383419,6.453851345,3.73791852,-6.596080522,8.681228731
111,Ireland,IRL,GDP growth (annual %),NY.GDP.MKTP.KD.ZG,,,,,,,,,,,,3.469887476,6.489808051,4.721427378,4.260229045,5.656645864,1.39480784,8.211301542,7.186728478,3.073036797,3.079329696,3.325215616,2.283468354,-0.24430226,4.35437388,3.085614392,-0.428331115,4.663091329,5.217414146,5.81392015,8.466527516,1.9296393,3.343274086,2.692609497,5.755827057,9.634422073,7.379624335,11.02176499,8.76612231,10.52988626,9.403524642,5.305820912,5.899365761,3.013838079,6.788140204,5.739782169,4.987853473,5.310118147,-4.484070492,-5.095782755,1.682971538,0.833830149,-0.005542011,1.125689646,8.649350608,24.37044535,2.006654115,9.005342424,8.527541391,5.440937334,6.184538039,13.58824711
112,"Iran, Islamic Rep.",IRN,GDP growth (annual %),NY.GDP.MKTP.KD.ZG,,10.39091835,7.90926793,7.042075229,8.475228249,17.03571152,11.50240728,11.2528031,14.40418268,15.51665891,10.92760163,13.70158299,14.49901585,7.441681612,5.801050848,-0.326216241,18.26043563,-2.773577692,-12.84085667,-12.02076025,-21.59964935,-5.696787233,23.17124554,11.08671685,-7.139850499,1.867649933,-9.784905578,-0.172107688,-6.08199662,6.132115677,13.59492644,12.71614844,3.29798192,-1.471011482,-1.698286119,2.401044552,6.350526019,1.350399274,2.08001178,2.002696233,5.845527476,2.392172712,8.07882928,8.639298397,4.336665979,3.189804087,4.999795262,8.155773524,0.250856553,1.007385458,5.797938302,2.645717918,-3.747171399,-1.521979205,4.984775067,-1.424884939,8.815086643,2.758505246,-2.253863607,-2.658206662,3.330288459,4.719777732
114,Iceland,ISL,GDP growth (annual %),NY.GDP.MKTP.KD.ZG,,-0.084661946,8.313712744,10.28338287,9.916544014,7.371729299,8.735933476,-1.267261863,-5.474906346,2.374588027,,,,,,,,,,,,,,,,,,,,,,,,,,,4.567123587,5.771612425,7.362800953,4.034923527,4.98504277,4.013497555,0.559519082,2.142688379,7.802399508,6.124438965,6.316993086,8.454860096,2.209496419,-7.66380956,-2.832774915,1.845779156,1.063636607,4.55246032,1.687215018,4.436663719,6.303687107,4.194948829,4.888798244,2.415456092,-6.842296026,4.403044786
115,Israel,ISR,GDP growth (annual %),NY.GDP.MKTP.KD.ZG,,11.20388562,10.15611716,10.69571298,7.937191975,9.093965599,-0.079644772,2.995020166,16.24195681,13.56570351,,,,,,,,,,,,,,,,,,,,,,,,,,,5.928291132,3.79045235,4.115555069,3.330492529,8.671655277,0.334070643,-0.114220928,1.393912964,4.784467426,4.134076619,5.582667959,6.033213571,3.251163361,0.883120394,5.668515118,5.561139076,2.587653844,4.415501587,3.919126893,2.485826289,4.521680309,4.276595951,4.070321887,4.156137989,-1.857289278,8.611990348
116,Italy,ITA,GDP growth (annual %),NY.GDP.MKTP.KD.ZG,,8.207245914,6.203650458,5.609727978,2.797702279,3.26802372,5.984794225,7.178612466,6.544554655,6.098059996,5.268692979,1.818107934,3.690485825,7.125862304,5.500141101,-2.090162915,7.125385137,2.560500845,3.240139752,5.959159426,3.430016414,0.844227607,0.413585695,1.169203495,3.225852315,2.798085767,2.859971864,3.191960628,4.194377308,3.388383454,1.985774943,1.538447558,0.834275454,-0.852805764,2.151023638,2.886836759,1.266784802,1.830212234,1.810615162,1.625727599,3.786955143,1.951371556,0.253942999,0.138626891,1.423594158,0.817848974,1.790639681,1.48707298,-0.962012841,-5.280937208,1.713295839,0.707333347,-2.980905768,-1.841065451,-0.004547542,0.778304351,1.293462732,1.667859041,0.925810941,0.483198317,-9.039953411,6.737277123
117,Jamaica,JAM,GDP growth (annual %),NY.GDP.MKTP.KD.ZG,,,,,,,,1.808638519,5.744132216,5.574673871,12.06440904,2.458073452,18.00855529,-5.485509091,-4.22926131,-0.256092257,-6.694245095,-2.597548698,-0.053700315,-1.060041317,-5.714159246,2.639447994,2.069231624,1.909078402,-1.5423458,-2.943635575,1.882588185,7.850354827,3.974302015,7.173304346,4.200535115,4.838238753,1.955542502,9.417102567,1.383389803,2.349957041,-0.113731206,-1.140459872,-2.334553543,1.047673871,0.878703548,1.344929564,1.997290944,3.666317593,1.3237251,0.893797936,2.89912535,1.431954037,-0.811736703,-4.345301858,-1.457147209,1.730376267,-0.61363604,0.517686013,0.689822357,0.921487125,1.375223064,0.997123062,1.889923681,0.892291654,-10.0,4.6
118,Jordan,JOR,GDP growth (annual %),NY.GDP.MKTP.KD.ZG,,,,,,,,,,,,,,,,,,8.298408865,14.67956601,20.80290927,11.18484646,17.17871742,7.025943389,-2.219738555,4.291687767,-2.706947165,5.504634251,2.323274371,1.462169823,-10.72921928,-0.275903906,1.608530476,14.34977708,4.486989091,4.971477302,6.200874365,2.08702041,3.308475667,3.012172858,3.389530466,4.245712252,5.269957037,5.783808422,4.161667319,8.567214617,8.146594741,8.092975103,8.176170012,7.220386045,5.023710197,2.314834143,2.737179832,2.429358335,2.609947414,3.38407811,2.496528695,1.994180818,2.473598525,1.91907105,1.927372025,-1.569473361,2.228138413
120,Kazakhstan,KAZ,GDP growth (annual %),NY.GDP.MKTP.KD.ZG,,,,,,,,,,,,,,,,,,,,,,,,,,,,,,,,-11.0,-5.299999999,-9.200000002,-12.6,-8.200000001,0.500000002,1.699999999,-1.899999999,2.699999998,9.800000002,13.5,9.8,9.3,9.600000001,9.699999999,10.7,8.9,3.3,1.199999999,7.3,7.400000001,4.8,5.999999999,4.200000001,1.2,1.1,4.1,4.1,4.5,-2.5,4.3
121,Kenya,KEN,GDP growth (annual %),NY.GDP.MKTP.KD.ZG,,-7.774634904,9.457358741,8.778340216,4.964467288,2.009094171,14.7285664,3.361232033,7.982689969,7.959224459,-4.655446916,22.17389193,17.08242935,5.89658021,4.065617349,0.882203175,2.153964503,9.453797844,6.912493546,7.615226046,5.591976206,3.773544194,1.506478258,1.309050241,1.755216977,4.300561819,7.177555391,5.937107444,6.203183823,4.690348768,4.192050972,1.438346792,-0.799493959,0.353197256,2.632784518,4.406216525,4.146839269,0.474901921,3.290213722,2.305388595,0.599695391,3.779906498,0.54685953,2.932475546,5.104299776,5.90666608,6.4724943,6.85072977,0.232282745,3.306939816,8.058473603,5.12110612,4.568679614,3.797848393,5.020111002,4.967721128,4.213517068,3.837958174,5.647946407,5.114158858,-0.250155705,7.517355387
122,Kyrgyz Republic,KGZ,GDP growth (annual %),NY.GDP.MKTP.KD.ZG,,,,,,,,,,,,,,,,,,,,,,,,,,,,3.299968372,13.20003006,2.789750939,5.702796633,-7.943925227,-13.83783782,-15.45932822,-20.08515884,-5.42382191,7.084502408,9.915253894,2.121835264,3.65578939,5.443336633,5.321621422,-0.017324602,7.030293201,7.026812415,-0.175515413,3.102898745,8.542874764,8.40161606,2.886294575,-0.471566601,5.956274309,-0.088150201,10.91546945,4.024038626,3.875825448,4.335855917,4.739937225,3.757910125,4.600625666,-8.398364296,3.610612695
126,"Korea, Rep.",KOR,GDP growth (annual %),NY.GDP.MKTP.KD.ZG,,6.935992652,3.895272531,9.020568283,9.473824718,7.31843358,11.99395661,9.079606554,13.16576829,14.5613667,10.05273481,10.54551355,7.214360722,14.89832266,9.511835434,7.839933338,13.2214478,12.3359822,10.9529857,8.671226707,-1.64568764,7.246176285,8.338078087,13.37617449,10.55164035,7.838864022,11.3272612,12.72369212,11.98771556,7.072893605,9.877552502,10.77805613,6.198642798,6.877474129,9.268666338,9.614565393,7.890703326,6.170552427,-5.129448165,11.46694243,9.060833325,4.852399572,7.725142675,3.147291194,5.197391363,4.308542714,5.264326595,5.799548415,3.012984873,0.79269899,6.804824918,3.685667782,2.402530992,3.164708636,3.202453795,2.809103268,2.946881715,3.15963574,2.907403774,2.24397786,-0.709415359,4.145323954
129,Lao PDR,LAO,GDP growth (annual %),NY.GDP.MKTP.KD.ZG,,,,,,,,,,,,,,,,,,,,,,,,,,5.069963947,4.885133263,-1.425792383,-2.010201053,14.19063663,6.704578691,4.29656364,5.559857768,5.912556556,8.15901853,7.031254328,6.928323725,6.872091273,3.967608091,7.306376073,5.798782326,5.751412882,5.918743682,6.067002304,6.35769548,7.107568369,8.619266209,7.596828801,7.824902763,7.501774913,8.526905517,8.038652681,8.026098434,8.026300226,7.611963441,7.270065843,7.022836255,6.892530873,6.247960008,5.457735092,0.50303183,2.528351001
138,Sri Lanka,LKA,GDP growth (annual %),NY.GDP.MKTP.KD.ZG,,,3.818019558,2.516748594,3.906433837,2.536953536,5.023789438,6.43902442,5.801094166,7.716819662,3.846629857,1.306905397,-0.410479911,7.057398935,3.845830836,6.126233161,3.335106692,5.100590264,5.653836858,6.403556926,5.846026516,5.699524767,4.141495702,4.81399097,5.099146558,4.999406369,4.355546917,1.725610693,2.472685038,2.299301412,6.399995311,4.599987244,4.399991252,6.900063251,5.599918725,5.500085234,3.799967206,6.405399696,4.698423048,4.300540498,6.000033158,-1.545408134,3.964675685,5.940269078,5.445061279,6.241748044,7.668291901,6.796826119,5.950088145,3.538912053,8.01596737,8.669483012,8.632181377,4.05174633,6.377978897,4.205955475,5.05362489,6.460681271,2.310084255,-0.220483887,-3.472296819,3.326763818
141,Lesotho,LSO,GDP growth (annual %),NY.GDP.MKTP.KD.ZG,,1.864795166,15.33181433,10.61506999,8.251118124,2.154105568,-0.405521388,10.91206152,-0.367120039,1.547536691,2.177071169,5.113717713,-0.202708347,26.40488106,10.98008895,-13.51349756,11.04912916,21.80903497,18.31687489,2.893918778,-2.74477924,0.694638144,4.45720389,1.986165353,5.534897826,2.61024933,4.684856037,0.72972822,8.601919079,5.795244408,6.045473329,6.966607114,6.956364957,3.509766478,5.979873128,3.290938546,5.597035759,3.703603596,1.53765564,0.476025102,3.875546814,3.561582191,0.723835961,4.559776811,1.692374206,3.466122481,4.230094854,4.187914418,5.522028201,-1.255514626,5.266280653,4.614252238,6.334821701,1.792531445,1.710544004,3.127557724,3.605400048,-3.138174923,0.071538723,0.92750332,-8.356395734,1.347623155
143,Lithuania,LTU,GDP growth (annual %),NY.GDP.MKTP.KD.ZG,,,,,,,,,,,,,,,,,,,,,,,,,,,,,,,,,,,,,5.158464317,8.310921562,7.475758724,-1.141571156,3.695525421,6.526108902,6.751414576,10.56595699,6.569490118,7.732367604,7.414121335,11.10748014,2.614423033,-14.83860837,1.651240653,6.03900816,3.843864749,3.550072843,3.537009879,2.024583955,2.518828273,4.282596951,3.993310328,4.625103139,-0.021762974,5.981032113
144,Luxembourg,LUX,GDP growth (annual %),NY.GDP.MKTP.KD.ZG,,3.829983122,1.358677671,3.43910854,7.865828819,-0.734933604,1.105904112,0.216730812,4.183872427,9.972857943,11.09445281,2.667233586,6.598198478,8.312668568,4.212474778,-6.571372925,2.534333945,1.569771442,4.074972055,2.345611433,0.840882984,-0.55095552,1.13130294,2.989075997,6.18693701,2.791704465,9.983939163,3.950974534,8.463282944,9.798065358,5.319931127,8.644188024,1.819652452,4.200650703,3.820920195,1.432199989,1.398074483,5.419833294,6.67451219,8.175181563,6.938130249,3.074354999,3.2254169,2.619378579,4.231891307,2.482874748,6.016715044,8.098667607,-0.300176194,-3.238954027,3.760413593,1.044298695,1.64990203,3.171790499,2.623086016,2.269784484,4.978190437,1.317187663,1.219321919,2.319925201,-0.797435589,5.102455447
145,Latvia,LVA,GDP growth (annual %),NY.GDP.MKTP.KD.ZG,,,,,,,,,,,,,,,,,,,,,,,,,,,,,,,,,,,,,2.588015331,8.836912784,6.335937784,2.756174216,5.675741312,6.323508159,7.088128657,8.422862207,8.284145978,10.72036596,11.97183569,9.941921628,-3.249120723,-14.26014004,-4.45556726,2.573712363,7.042247161,2.007966879,1.902172684,3.885260054,2.368614747,3.312475936,3.991854505,2.569703888,-2.202985338,4.068073863
148,Morocco,MAR,GDP growth (annual %),NY.GDP.MKTP.KD.ZG,,,,,,,,10.02884136,9.891739306,8.362165357,4.713460376,5.596893659,2.437237347,3.559310832,5.596049945,7.558221561,10.81278134,6.059167679,2.232663388,4.793787205,3.642164813,-1.74343493,8.957372023,1.386569577,6.418386321,6.007652072,9.271105769,-0.325004076,11.87523598,2.846202581,3.411812226,7.216088161,-2.097738761,-0.740591692,10.5880004,-5.405447867,12.37287628,-1.560702356,7.23855269,1.081332562,1.912872981,7.319967454,3.121449656,5.961162155,4.797018362,3.291639684,7.574631645,3.531594152,5.923277686,4.243757321,3.815717917,5.245697297,3.009961262,4.5354242,19.0472788,4.344582976,0.521185509,5.057898157,3.065641334,2.890974761,-7.187079581,7.929667942
150,Moldova,MDA,GDP growth (annual %),NY.GDP.MKTP.KD.ZG,,,,,,,,,,,,,,,,,,,,,,,,,,,,,,,,,,,,,-5.877060205,1.647064503,-6.542192023,-3.368254529,2.107716048,6.100000413,7.799999641,6.600000038,7.39999969,7.500000139,4.79999985,3.00000024,7.800000145,-6.000000289,7.100000084,5.818166219,-0.589733963,9.04386557,4.999625923,-0.338235559,4.408886709,4.690793676,4.301477757,3.683403898,-7.380182154,13.9445896
151,Madagascar,MDG,GDP growth (annual %),NY.GDP.MKTP.KD.ZG,,2.048632751,2.271069701,-0.929401623,3.962518847,-0.452253863,2.064552408,5.52856561,6.828786098,3.721222168,5.276455575,3.929365031,-1.272621531,-2.61847833,2.00687938,1.258691635,-3.068858391,2.364000358,-2.661805964,9.854650294,0.952707585,-9.800000001,-1.9,0.899999999,1.760181943,1.156344139,1.960224882,1.174913261,3.40692921,4.074880657,3.12890505,-6.306351591,1.180884942,2.099923187,-0.042101301,1.678592317,2.154204476,3.693492616,3.917074599,4.699227044,4.456858938,5.980235764,-12.4079711,9.784892121,5.257003621,4.755845097,5.39850845,5.710564197,6.712632542,-3.978708613,0.619239746,1.578427051,3.011148115,2.300376232,3.339203113,3.132298073,3.993146064,3.933307595,3.194356515,4.41123213,-7.137671622,4.40234
152,Maldives,MDV,GDP growth (annual %),NY.GDP.MKTP.KD.ZG,,,,,,,,,,,,,,,,,,,,,,,,,,,,,,,,,,,,,7.858646927,8.39794083,7.494683025,6.175655828,3.845810392,-3.943634354,7.268386313,13.75004982,6.033754049,-13.12905343,26.1114935,7.713867271,9.485332661,-7.228841465,7.265129068,8.566733531,2.517383942,7.281073979,7.329626203,2.88454853,6.338300636,7.209910123,8.123128908,7.097466015,-33.49279579,41.74510055
154,Mexico,MEX,GDP growth (annual %),NY.GDP.MKTP.KD.ZG,,5.000000001,4.664414673,8.106886928,11.90548077,7.099999997,6.096139303,5.854924879,9.423278818,3.418620024,6.502484035,3.762467685,8.228807312,7.861119861,5.77682723,5.744485049,4.417444136,3.390639707,8.956942328,9.698170137,9.233251985,8.525606663,-0.520808042,-3.486421803,3.410814136,2.187693116,-3.078955376,1.722439312,1.283260997,4.10550933,5.175768387,4.214754839,3.541102416,1.941155848,4.941080676,-6.291230821,6.773258694,6.846852279,5.163925168,2.753554247,4.942453715,-0.404390127,-0.039844481,1.446382684,3.92059081,2.307807066,4.495077894,2.291445714,1.143584587,-5.285744137,5.118118143,3.66300793,3.642322679,1.354091962,2.849773255,3.293151528,2.630532425,2.113129135,2.194994725,-0.199047772,-7.98791234,4.720565298
157,North Macedonia,MKD,GDP growth (annual %),NY.GDP.MKTP.KD.ZG,,,,,,,,,,,,,,,,,,,,,,,,,,,,,,,,-6.170767648,-6.565198677,-7.469271319,-1.758166181,-1.114727694,1.185103889,1.439981337,3.378735647,4.339027913,4.549135783,-3.067256625,1.493665472,2.222601657,4.67408958,4.724088642,5.137025162,6.473486858,5.47200139,-0.358614857,3.358750858,2.339886045,-0.456183224,2.925257665,3.629123513,3.85586514,2.848205194,1.081772738,2.88059671,3.910419538,-6.110886711,3.964264171
158,Mali,MLI,GDP growth (annual %),NY.GDP.MKTP.KD.ZG,,,,,,,,,3.708410196,0.23099942,6.136954863,2.568996024,5.844016431,-1.455115802,-1.528826102,11.62504914,13.62343853,6.348647194,-1.463476332,10.39567721,-4.325839869,1.508804297,-7.378433046,1.820873772,-0.287011156,20.28663494,2.692620881,-0.139164289,7.389721044,4.177388109,-2.502395103,11.74520379,-3.21866249,3.172168177,3.779934051,0.921022398,7.055785404,4.829024339,7.57166764,5.700943654,-0.060834972,15.37623946,3.106308252,9.119041995,1.559998661,6.534778775,4.662186878,3.493616813,4.773145081,4.806322267,5.313935279,3.21313378,-0.836734632,2.29506829,7.084683881,6.171800024,5.852299199,5.305456084,4.746484327,4.756160808,-1.235450447,3.052613569
159,Malta,MLT,GDP growth (annual %),NY.GDP.MKTP.KD.ZG,,,,,,,,,,,,2.453993612,5.838327027,4.146138373,10.03640396,19.56008086,17.01708956,12.1841698,11.16115819,10.49077317,7.049711215,3.311762074,2.284452306,-0.612390117,0.942370935,2.585279666,3.885190007,4.110514452,8.414236296,8.179105581,6.291390958,6.256492082,4.690932431,4.480749359,5.651104737,6.342493183,3.777335762,5.256980145,5.125601231,4.719974882,19.68179092,-1.174796479,2.565047048,4.074569852,0.139599084,3.383299657,2.510491947,4.775347325,3.825591401,-1.133105988,5.543569377,0.466127625,4.118660982,5.473057917,7.633119335,9.608131222,3.381115768,10.92532923,6.168984106,5.917344507,-8.324283232,10.2977636
162,Montenegro,MNE,GDP growth (annual %),NY.GDP.MKTP.KD.ZG,,,,,,,,,,,,,,,,,,,,,,,,,,,,,,,,,,,,,,,4.900005846,-9.399998124,3.100000059,1.099838709,1.903936733,2.482659229,4.426050717,4.180604509,8.56641803,6.810150125,7.222752592,-5.795096995,2.734331082,3.228451021,-2.723790771,3.548979912,1.783698581,3.390381397,2.949280321,4.716465276,5.077888811,4.062944992,-15.30689376,12.43435899
163,Mongolia,MNG,GDP growth (annual %),NY.GDP.MKTP.KD.ZG,,,,,,,,,,,,,,,,,,,,,,,8.342136115,5.834037954,5.933419453,5.712872261,9.374994513,3.458648471,5.107972312,4.178195743,-3.184460178,-8.693544731,-9.256465704,-3.16879155,2.134382695,6.376426886,2.235093843,3.896713584,3.339936599,3.070369011,1.146062137,2.952710543,4.732978466,7.004634574,10.62540596,7.253665441,8.55623481,10.24801636,8.900367947,-1.268598941,6.365161685,17.29077758,12.31981985,11.64891619,7.885225481,2.379835807,1.489784485,5.63687639,7.74488062,5.602244219,-4.557751973,1.636769576
165,Mozambique,MOZ,GDP growth (annual %),NY.GDP.MKTP.KD.ZG,,,,,,,,,,,,,,,,,,,,,,5.000002954,-6.899999442,-15.70000204,-6.499999879,0.999996721,-2.299996027,14.70000042,8.19999518,6.500004554,0.999992835,4.925451253,-6.124715451,10.59852967,6.533396458,2.259757178,11.2025196,11.30106865,9.931251949,11.69852372,1.180300789,12.0868744,9.291051885,6.878532872,7.916407836,6.645908281,9.694374092,7.729746242,7.317755324,6.318197232,6.502353115,7.417384316,7.258439253,6.963607135,7.398512797,6.72327878,3.824214319,3.741317593,3.44381384,2.31460601,-1.233905711,2.363988418
166,Mauritania,MRT,GDP growth (annual %),NY.GDP.MKTP.KD.ZG,,,0.726608379,-1.983767575,27.69088635,16.1383305,0.230961967,3.567132897,10.19644262,1.248532089,11.98593115,1.842886438,-0.732907868,-4.584756933,12.16261106,-5.134374447,8.54610493,-1.878593682,-0.504713833,4.790039838,3.371210219,3.45028842,-2.339924122,3.735342027,-3.226864452,2.994760504,5.713579355,1.900384152,1.720397976,4.77758542,-1.771304533,1.788087282,1.874125731,5.873637432,-3.060732225,9.819800419,5.818826634,-4.044696525,2.777804784,3.673178323,-3.918025879,-0.799493816,1.381483962,6.928269551,4.732757925,8.566287249,18.33319876,-1.969422752,-0.331079195,0.097875872,2.620229521,4.172783283,4.470013182,4.150813186,4.274823271,5.376339237,1.260909224,6.270545694,4.772173639,5.296637357,-0.938516151,2.445368273
168,Malawi,MWI,GDP growth (annual %),NY.GDP.MKTP.KD.ZG,,7.639597856,0.668364744,-1.391078518,2.661103268,13.61649342,13.24903632,7.281549943,-1.923079168,5.882359893,0.479297978,16.21856363,6.231349011,2.300661571,7.175963618,6.086823806,4.997731242,4.918031369,9.745068031,4.396153736,0.406746413,-5.290119215,2.503453811,3.718709051,5.360304095,4.570982304,-0.21480252,1.625239182,3.177291279,1.344689707,5.692294496,8.730231826,-7.332978137,9.691840273,-10.24018174,16.72881759,7.316681512,3.792419098,3.89525363,3.042278092,1.576077837,-4.974963848,1.700000015,5.705639436,5.420497695,3.268725825,4.699999993,9.600000005,7.639736775,8.328110275,6.874065633,4.854055111,1.885799508,5.199999996,5.700000005,2.8,2.484040626,4.000030516,4.391688296,5.448181336,0.799998331,2.751416408
169,Malaysia,MYS,GDP growth (annual %),NY.GDP.MKTP.KD.ZG,,7.597994,6.421029609,7.338803527,5.35896291,7.684863475,7.816711026,3.857146492,7.977994642,4.888533653,5.98653863,10.03466058,9.388444991,11.70108161,8.318661974,0.801068092,11.56348978,7.75305838,6.653892215,9.349099931,7.441826779,6.942104201,5.943152458,6.252230811,7.761790122,-1.025250253,1.240594928,5.191932113,9.937719677,9.059600867,9.008527138,9.545467414,8.885117978,9.894943334,9.212041793,9.829085197,10.00270069,7.32274185,-7.359415188,6.137612011,8.85886817,0.517675319,5.390988307,5.788499286,6.783437724,5.332139161,5.584847067,6.298785927,4.831769889,-1.513528716,7.424847383,5.293912834,5.473454193,4.693722526,6.006721946,5.091532422,4.449781398,5.81272241,4.843086976,4.413190208,-5.534456218,3.09215965
173,Niger,NER,GDP growth (annual %),NY.GDP.MKTP.KD.ZG,,4.546393037,10.2787135,9.42822932,0.131039891,6.919761818,-0.382497199,0.122868672,0.383494663,-5.485945813,3.055778922,5.67932064,-5.166272303,-17.04758357,8.775238049,-2.793193436,0.678203402,7.764581119,13.47261233,7.14699607,-2.455036129,-0.177666071,2.17446022,-3.863627907,-16.81983511,7.71812745,6.352137303,0.08828136,6.871150137,0.957045973,-1.308478285,-0.4394891,2.000752361,0.321655474,1.854778791,2.457244122,0.100530504,1.527475711,9.972614956,-0.219562518,-1.208477741,7.268134902,4.918470576,2.170610384,0.363801579,7.331868843,5.931049974,3.142724084,7.731414228,1.962600907,8.578166743,2.357756936,10.54894458,5.315130634,6.642136655,4.392648832,5.740893151,5.001359945,7.210803008,5.941396863,3.550227506,1.387129177
174,Nigeria,NGA,GDP growth (annual %),NY.GDP.MKTP.KD.ZG,,0.19179549,4.102992589,8.578618915,4.950488666,4.884976834,-4.250514184,-15.74362821,-1.248360246,24.19738395,25.00724193,14.23753156,3.364262035,5.392760484,11.16067455,-5.227747555,9.042351726,6.02411785,-5.764158394,6.759430935,4.204831044,-13.12788049,-6.803388815,-10.92408503,-1.115623217,5.913027459,0.060945274,3.200125467,7.334025488,1.919381296,11.77688593,0.358352603,4.631192947,-2.035118776,-1.814924483,-0.072664767,4.195924045,2.93709942,2.581254103,0.584126895,5.015934757,5.917684652,15.32915574,7.34719497,9.250558228,6.438516525,6.059428031,6.591130361,6.764472778,8.036925102,8.005655915,5.307924204,4.230061175,6.671335393,6.309718656,2.652693295,-1.61686895,0.80588662,1.922757342,2.208429277,-1.794253082,3.647186541
175,Nicaragua,NIC,GDP growth (annual %),NY.GDP.MKTP.KD.ZG,,7.497743398,10.89079833,10.86547925,11.69847903,9.525155826,3.301136399,6.969513825,1.342960053,6.237703908,1.35382659,3.3047565,2.220722892,6.417013974,14.1924251,-0.153246894,5.209454498,8.36848053,-7.838800371,-26.47878887,4.61173228,5.363290189,-0.816361919,4.613211627,-1.566093913,-4.081851487,-1.017309161,-0.706352942,-12.44982204,-1.738216331,-0.052499721,-0.1892815,0.386346537,-0.392935931,3.337725997,5.911907957,6.344268385,3.966650977,3.711681465,7.035970468,4.101590236,2.960843427,0.753938858,2.520732892,5.312170612,4.282398363,4.153199566,5.076701701,3.436373829,-3.292789619,4.409645499,6.317476383,6.495258014,4.927502861,4.78581617,4.792056766,4.563515388,4.630795521,-3.363705717,-3.779333196,-1.789975444,10.3443407
176,Netherlands,NLD,GDP growth (annual %),NY.GDP.MKTP.KD.ZG,,0.295546673,6.843507321,3.62462153,8.274903931,8.643094936,2.741104335,5.280014747,6.41613404,6.429449078,6.140181648,4.316980365,3.533874409,5.444222985,3.438717861,0.002028862,4.456309652,2.520440279,2.696246964,2.014166128,1.341914136,-0.783611707,-1.240756593,2.069957888,3.061679182,2.580179771,2.786975737,1.931248685,3.441218861,4.420117896,4.183222986,2.439134408,1.706070897,1.257552158,2.961092569,3.116035986,3.498742121,4.329053405,4.66391716,5.034048152,4.195642498,2.326955087,0.217273595,0.155645898,1.984945714,2.050876108,3.460988954,3.772842521,2.170324851,-3.666883937,1.342739336,1.551189312,-1.030353991,-0.130175288,1.423395395,1.959169721,2.191713719,2.910902513,2.360915095,1.955588416,-3.886083918,4.863219149
177,Norway,NOR,GDP growth (annual %),NY.GDP.MKTP.KD.ZG,,6.27333551,2.813945138,3.785043084,5.009650987,5.285608801,3.786513255,6.256079006,2.259875528,4.504611456,1.943300505,5.672407475,5.330625916,4.532918846,3.923010202,4.952147785,5.825393459,4.160747322,3.869406251,4.372459927,4.564648356,1.598274364,0.235354478,3.972808814,6.052403165,5.553358964,4.042252621,1.753400789,-0.255347258,1.038289969,1.932419827,3.084721395,3.574395539,2.845324367,5.055427388,4.155491334,5.027947172,5.284592985,2.624426222,2.012863289,3.204979222,2.074790394,1.44625414,0.910105664,3.96941456,2.625419938,2.399828426,2.994287714,0.476345013,-1.727020309,0.701833824,0.981434479,2.703109471,1.034072914,1.969544301,1.967128438,1.071558977,2.323290208,1.118828479,0.745798219,-0.717182669,3.880936036
184,Pakistan,PAK,GDP growth (annual %),NY.GDP.MKTP.KD.ZG,,5.987346419,4.482858627,8.688831518,7.569757449,10.41936582,5.789951801,5.400612597,7.233220925,5.507899634,11.35346172,0.468372549,0.813406405,7.064263857,3.540191713,4.211415631,5.15618959,3.947698287,8.048533619,3.758435569,10.21570404,7.920763572,6.5374868,6.778378339,5.065205605,7.592114699,5.501653664,6.452343025,7.62527878,4.959768894,4.458586815,5.061567755,7.705897823,1.757747698,3.737415553,4.962609148,4.846581284,1.014396014,2.550234295,3.660132743,4.260088012,3.554418216,2.508337724,5.777033992,7.546860015,6.518778074,5.898984442,4.832817277,1.701405466,2.831658519,1.606688629,2.748405917,3.50703342,4.396456634,4.674707982,4.731147475,5.526735845,4.432625907,6.151702611,2.497636929,-1.274087443,6.487086774
185,Panama,PAN,GDP growth (annual %),NY.GDP.MKTP.KD.ZG,,10.92659484,8.24473682,8.538788799,4.432130368,9.160036262,7.581401883,8.552931179,6.977388624,8.441389169,6.959226108,9.616137578,4.582812505,5.364310217,2.448319562,1.74091944,1.66446136,1.094025891,9.792643918,4.51475108,13.08448173,9.206809454,5.348456438,-4.491364346,2.709473773,4.942233652,3.567788228,-1.809055481,-13.37984378,1.562247005,8.098993006,9.419005562,8.201680334,5.455744436,2.850146814,1.751678757,4.079703206,6.46099044,7.341500703,3.917206589,2.715374155,0.574272791,2.229149417,4.205495945,7.522079658,7.191279402,8.652465611,11.98398539,9.855654852,1.242992318,5.827993494,11.31362591,9.778490071,6.903948051,5.066422355,5.733054296,4.953211423,5.591148876,3.685429938,2.979772001,-17.9448936,15.33587393
186,Peru,PER,GDP growth (annual %),NY.GDP.MKTP.KD.ZG,,7.347096331,10.03529333,4.328249818,6.54786765,5.621733449,8.238920446,3.852564408,0.152237711,3.514458913,3.365946003,4.590539928,3.477535123,6.276934756,9.386834919,4.300863165,1.447110995,0.349063699,-2.642502979,4.090750574,5.943335398,5.552041815,-0.222723444,-10.4080858,3.608286538,2.061132066,9.425962361,9.726146431,-9.441273446,-12.31204145,-4.982563536,2.219259103,-0.540509125,5.243577008,12.30836618,7.411395047,2.798973079,6.476824421,-0.391537556,1.494910643,2.694371398,0.617892326,5.453528938,4.165023137,4.958203206,6.285060325,7.528899044,8.518387769,9.126568301,1.095823659,8.332459107,6.327192402,6.139724706,5.852518211,2.382157372,3.252244772,3.953318715,2.518835442,3.969351341,2.240631769,-10.95269893,13.34950908
187,Philippines,PHL,GDP growth (annual %),NY.GDP.MKTP.KD.ZG,,5.69547095,4.846294189,7.016265184,3.402494436,5.345089329,4.441158534,5.222687589,5.038159397,4.689473441,3.692487487,5.389008416,5.430387494,8.782009122,3.394606379,5.45110287,8.778403331,5.562970252,5.19238453,5.595571076,5.200711079,3.422208738,3.698406099,1.89695179,-7.039378201,-6.858377209,3.51068403,4.361809673,6.696931105,6.183918203,3.082672529,-0.436390081,0.417629066,2.181889986,4.373665918,4.625225117,5.860347872,5.186411674,-0.5140906,3.346451184,4.382504833,3.04923151,3.716255002,5.086911135,6.569228512,4.942505119,5.316416821,6.51929155,4.344487305,1.448323063,7.33449996,3.858232828,6.896951711,6.750531301,6.347987483,6.348309717,7.14945675,6.930988326,6.341485572,6.118525662,-9.518294741,5.703155968
190,Poland,POL,GDP growth (annual %),NY.GDP.MKTP.KD.ZG,,,,,,,,,,,,,,,,,,,,,,,,,,,,,,,,-7.01557879,2.51497861,3.738310301,5.292802064,7.102865534,6.115542811,6.449003079,4.640514962,4.654891852,4.56098541,1.258569461,2.035863041,3.498391213,4.98284457,3.506834614,6.131136459,7.061534634,4.199981264,2.832184053,2.934638181,5.042187883,1.545221571,0.856557081,3.836958494,4.383298635,2.953508842,5.140017574,5.945208477,4.449987879,-2.020070734,6.847713362
194,Portugal,PRT,GDP growth (annual %),NY.GDP.MKTP.KD.ZG,,5.534903476,6.614447769,5.873702116,6.310747383,7.46898853,4.077909434,7.544482529,8.875509234,2.120741162,12.61260546,6.631653,8.015695702,11.20067201,1.142859324,-4.347630545,6.900230414,5.602597313,2.815966153,5.638937823,4.589339924,1.618104215,2.135375078,-0.173113548,-1.879979089,2.807438851,4.14095568,6.381394135,7.489108289,6.44063924,3.950522763,4.368206463,1.089476408,-2.043276532,0.964837925,4.28278046,3.504247069,4.400867754,4.807962976,3.90657744,3.816178063,1.943672296,0.770924024,-0.930521193,1.788735682,0.781848216,1.625034176,2.506579646,0.319247925,-3.12207942,1.737625476,-1.696164781,-4.057293608,-0.922644675,0.792190302,1.792046046,2.019485396,3.506345285,2.849325934,2.682759921,-8.300516042,5.482391708
195,Paraguay,PRY,GDP growth (annual %),NY.GDP.MKTP.KD.ZG,,6.900285514,3.300258516,4.71029134,4.212477359,6.167974756,1.991503335,9.150367204,4.527073842,4.701151408,5.553425733,5.538151943,6.631297476,7.302812907,8.381525437,6.852444714,7.525949531,11.4940816,12.02872995,11.86214697,11.71214594,9.170458849,-1.397617718,-3.042617885,2.816599446,4.523135678,4.964835666,7.582304376,5.915372066,6.935203911,4.123282879,3.493650155,1.696428011,4.936359415,5.31791766,6.822810304,1.573785132,4.242516103,0.068037756,-1.366079712,-2.314140568,-0.834054717,-0.021404395,4.320745486,4.057418364,2.133490665,4.807117193,5.421622872,6.49629212,-0.261137328,11.09523127,4.286371207,-0.708043112,8.293076489,5.301238592,2.957151735,4.268025833,4.810078856,3.204250341,-0.401855101,-0.819785391,4.102413415
196,West Bank and Gaza,PSE,GDP growth (annual %),NY.GDP.MKTP.KD.ZG,,,,,,,,,,,,,,,,,,,,,,,,,,,,,,,,,,,,7.118511824,1.215150773,14.66722516,14.33420348,8.280429404,-8.556183291,-9.310638168,-12.48919176,14.01586549,21.92523949,11.29065118,-0.996556103,3.788281521,7.429182255,8.593490879,5.777362056,9.600808489,6.096456563,4.698569866,-0.157866651,3.721299671,8.86461882,1.419367563,1.227077378,1.362687466,-11.31846611,7.050450938
201,Romania,ROU,GDP growth (annual %),NY.GDP.MKTP.KD.ZG,,,,,,,,,,,,,,,,,,,,,,,,,,,,,,,,-12.91821073,-8.767228452,1.528834497,3.93194273,6.233511484,3.907702088,-4.849062738,-2.029812906,-0.376660706,2.461263459,5.218136257,5.70299165,2.341147329,10.42811302,4.668148051,8.028811076,7.233807744,9.307467171,-5.517394408,-3.90123628,4.517086964,1.924993262,0.269963879,4.120674963,3.16050387,2.857546057,8.196506503,6.029019041,3.853163833,-3.677510791,5.100128197
202,Russian Federation,RUS,GDP growth (annual %),NY.GDP.MKTP.KD.ZG,,,,,,,,,,,,,,,,,,,,,,,,,,,,,,,-2.999995642,-5.046939451,-14.53107377,-8.668540341,-12.56975598,-4.143528406,-3.755069439,1.399915805,-5.299961625,6.39991469,10.00006682,5.100051225,4.699991909,7.299952345,7.19994787,6.399965448,8.200068255,8.499977768,5.199969265,-7.799993913,4.5,4.300029186,4.024086157,1.755422149,0.736267221,-1.972719226,0.193690072,1.825790064,2.80724541,2.198075714,-2.663757511,4.7495841
203,Rwanda,RWA,GDP growth (annual %),NY.GDP.MKTP.KD.ZG,,-4.297526047,11.33379837,-9.820444413,-12.46499268,7.009529255,7.008910823,6.91601751,7.013780928,11.00737015,6.001425247,1.206640701,0.263068267,3.438088141,1.409823574,-2.113825424,19.50457717,1.994109481,9.150840816,11.86990804,8.95161233,5.436199479,1.810846447,5.980349934,-4.240773278,4.402748333,5.472137488,-0.024036109,4.498824993,-0.036534273,-2.399291098,-2.514379653,5.872725238,-8.108691877,-50.2480671,35.22407831,12.74569576,13.84975249,8.858669491,4.351888326,8.37091824,8.484519453,13.1920781,2.20240272,7.447679676,9.377899425,9.227047579,7.633311061,11.16124324,6.248259929,7.334656108,7.958385719,8.641520625,4.719836864,6.167167721,8.856861325,5.970744298,3.976289694,8.579437537,9.460597561,-3.35885332,10.88451916
207,Senegal,SEN,GDP growth (annual %),NY.GDP.MKTP.KD.ZG,,2.993448256,-0.136235361,1.864478569,3.883927102,1.332189491,2.876760975,-1.219792865,6.290773531,-6.554142923,8.562045515,-0.14044944,6.383208916,-5.583240108,4.200775526,7.535662599,8.920503704,-2.682905305,-3.95393126,7.001685613,3.987761972,5.18022967,8.010384371,-5.647460281,3.935842443,3.463084465,3.126985549,6.255863407,-0.816575488,3.973783315,-0.746282224,2.659962657,1.320233037,1.360213007,-0.047520949,5.468584858,2.019977209,3.045601035,5.898479318,6.28330825,3.887210958,4.310851466,0.068696575,5.593950945,4.643293937,4.310238526,2.330770983,2.827119201,3.703169064,2.752104485,3.390889253,1.33409108,4.002995551,2.412385276,6.224074438,6.367043651,6.369684417,7.393737497,6.209241034,4.613628097,1.325505141,6.064495968
211,El Salvador,SLV,GDP growth (annual %),NY.GDP.MKTP.KD.ZG,,,,,,,7.16113774,5.436848851,3.236692384,3.485418816,2.977295093,3.858257513,6.117533687,4.861673504,5.336001107,2.923531889,5.049260174,6.780061728,5.322765835,-4.180265433,-15.83686429,-5.720990452,-6.308471376,1.539025284,1.33525803,0.614316239,0.194673038,2.508169213,1.878176962,0.964059197,4.832900578,1.494087568,7.021963316,5.818315557,4.692061727,4.734081402,0.811461899,3.137970067,2.6522773,2.162033737,1.127906977,0.87961366,1.572918448,1.565393031,0.889404486,2.705463473,4.348349795,1.858478587,2.130553037,-2.086107412,2.107887579,3.806881243,2.822623757,2.235624415,1.708706265,2.4,2.5390625,2.247619048,2.412444113,2.437471578,-8.177217438,10.27847612
214,Serbia,SRB,GDP growth (annual %),NY.GDP.MKTP.KD.ZG,,,,,,,,,,,,,,,,,,,,,,,,,,,,,,,,,,,,,6.264082643,7.207379839,3.340877358,-9.424161606,6.13181309,6.878774765,6.380405304,4.387757023,9.028196928,5.530347121,5.107790141,6.439525554,5.655576622,-2.731751989,0.731044553,2.036276689,-0.681542369,2.892636734,-1.58951032,1.806059265,3.338586765,2.101163847,4.495121293,4.331734906,-0.903218502,7.549912535
221,Slovak Republic,SVK,GDP growth (annual %),NY.GDP.MKTP.KD.ZG,,,,,,,,,,,,,,,,,,,,,,,,,,,,,,,,,,1.901328124,6.205531203,5.843494234,6.619898121,5.925837084,4.076097479,-0.105914962,1.166526518,3.253783981,4.509444138,5.499083077,5.278880718,6.623461259,8.493176745,10.83202881,5.574886345,-5.455532867,6.71663275,2.671452779,1.318802246,0.632740007,2.697189807,5.167181606,1.943950861,2.938068678,4.030389714,2.519693137,-3.374681766,3.014302861
222,Slovenia,SVN,GDP growth (annual %),NY.GDP.MKTP.KD.ZG,,,,,,,,,,,,,,,,,,,,,,,,,,,,,,,,,,,,,3.203005809,5.049793457,3.279365444,5.332666572,3.67237155,3.216560335,3.505598057,2.960260286,4.359192778,3.797972642,5.746396901,6.980160755,3.509841517,-7.548437791,1.343748472,0.861327733,-2.639438757,-1.029282772,2.768158831,2.210081607,3.191852518,4.815380632,4.454365747,3.451079244,-4.321369905,8.211062592
223,Sweden,SWE,GDP growth (annual %),NY.GDP.MKTP.KD.ZG,,5.68129281,4.259047228,5.327933788,6.8211645,3.821507586,2.090844289,3.365388583,3.638505664,5.009075215,7.28920626,0.944646246,2.288738794,3.967981154,3.198195646,2.552862643,1.058104877,-1.596258566,1.75154805,3.840003477,1.699971439,0.454830417,1.248664679,1.90063873,4.229535245,2.160373746,2.691323173,3.353842984,2.559038665,2.654806927,0.754674769,-1.145974869,-1.15859276,-2.06561637,3.929972837,3.935192926,1.579456406,3.070526593,4.311836353,4.247184144,4.766348871,1.449498618,2.196921062,2.30981059,4.336856154,2.85880324,4.662773552,3.439221776,-0.450559257,-4.339790575,5.952107008,3.195333235,-0.588304569,1.187775716,2.657798275,4.489281588,2.070593151,2.567924525,1.950022846,1.986195874,-2.170213179,5.075084725
224,Eswatini,SWZ,GDP growth (annual %),NY.GDP.MKTP.KD.ZG,,,,,,,,,,,,13.74363373,5.424294283,9.018673739,5.743486905,13.90844411,-2.119437766,1.009592908,1.327128728,3.106945051,12.44905217,14.64144107,1.17256788,1.202354898,6.161755087,3.792415692,12.26447804,14.60659024,6.569821571,12.91110407,21.01800054,1.760376349,3.226206881,3.106114157,2.400691039,4.82565155,3.842053638,3.10280535,2.604039401,2.950875211,1.76017376,1.054764906,4.380099088,3.880213586,3.623914226,5.99877655,5.992166838,4.435375577,0.821663914,1.565048852,3.793754968,2.247229761,5.396630697,3.861213798,0.923230547,2.227480675,1.062610193,2.026578156,2.368742043,2.703557595,-1.55964259,7.883306402
232,Togo,TGO,GDP growth (annual %),NY.GDP.MKTP.KD.ZG,,12.16931737,3.773652832,4.999694271,14.28601126,15.45971271,9.408719101,5.500371558,5.023691852,10.83086834,2.524302645,0.0,7.625157547,3.837484002,4.832849119,2.440541184,-2.051522587,6.959085373,11.04543451,-5.167742646,14.57695611,-3.315186078,-3.582402546,-5.414007785,5.555555041,5.555552164,1.586504315,0.510162181,6.64236977,4.060021684,-0.243656134,-0.699967494,-3.980686814,-15.09582749,14.98241435,7.845832319,8.836211632,14.37737757,-2.299876568,2.481751436,-0.783479606,0.823438749,3.82662258,6.720171423,-0.978665335,-4.666299382,2.6501321,-1.175120391,4.062252827,5.537910973,6.099259163,6.398199053,6.543507029,6.112343077,5.920588573,5.742868453,5.559079305,4.347748238,4.9762131,5.459921448,1.752824967,5.260594925
233,Thailand,THA,GDP growth (annual %),NY.GDP.MKTP.KD.ZG,,5.362146302,7.554254448,7.999830787,6.830996144,8.181661538,11.12251849,8.615982333,8.122270256,6.550659886,11.40794907,4.89537376,4.278508039,10.23643301,4.466253386,4.970405228,9.326811082,9.843463235,10.29574653,5.371766513,5.173541006,5.906867763,5.352348751,5.584202469,5.752430251,4.647240357,5.533827767,9.518946022,13.28811407,12.19050599,11.16716344,8.558260321,8.083388023,8.251915915,7.997024667,8.120315346,5.651944465,-2.753575153,-7.634035286,4.572307751,4.455247043,3.44424901,6.149036052,7.189243303,6.289342143,4.187638429,4.967810892,5.435151691,1.725698849,-0.690618232,7.513390533,0.840132083,7.242796202,2.687495563,0.984468864,3.134047249,3.435157717,4.177681032,4.222870287,2.151656122,-6.19548916,1.533835584
234,Tajikistan,TJK,GDP growth (annual %),NY.GDP.MKTP.KD.ZG,,,,,,,,,,,,,,,,,,,,,,,,,,,3.499999873,-1.200000045,13.90000109,-6.500000664,-0.599999631,-7.099999096,-29.00000106,-16.39999984,-21.29999801,-12.41632223,-16.69999844,1.680674136,5.312867659,3.699550717,8.324324495,9.580836178,10.80000376,10.99999908,10.29999894,6.699998517,7.000003211,7.800000119,7.899998272,3.900001148,6.499999086,7.4000006,7.499999463,7.399999747,6.70000069,6.019303318,6.899260206,7.099894057,7.599278842,7.400652432,4.400049702,9.200190431
243,Tunisia,TUN,GDP growth (annual %),NY.GDP.MKTP.KD.ZG,,,,,,,3.454867894,0.161952471,10.40972859,4.747815404,4.669631773,10.56019748,17.74271826,-0.654643502,8.074782334,7.156099909,7.876852653,3.41109585,6.440473533,6.567521176,7.418739595,5.514072829,-0.493737604,4.681917385,5.748843263,5.648573237,-1.446988414,6.701371096,0.072159077,1.746699128,7.949819437,3.904545303,7.805728877,2.189828861,3.178411322,2.351669851,7.146080968,5.440943501,4.783762478,6.054634479,4.709972914,3.796271662,1.322557148,4.702399533,6.235790722,3.486545543,5.244099832,6.709520975,4.237781475,3.043450124,2.971132751,-2.046633895,4.216677115,2.429930964,3.090328031,0.967496905,1.118015189,2.244345087,2.590366637,1.503427858,-8.621135487,4.322776357
246,Tanzania,TZA,GDP growth (annual %),NY.GDP.MKTP.KD.ZG,,,,,,,,,,,,,,,,,,,,,,,,,,,,,,3.764443409,7.045071642,2.071988212,0.584322134,1.205800808,1.567661766,3.569911868,4.544366802,3.525278191,3.708511596,4.863863755,4.520784635,6.070808288,7.093194984,6.672789829,7.50381466,7.476319258,6.53222139,6.768535202,5.68641686,5.269105248,6.336523427,7.672155435,4.50015356,6.781585601,6.732461868,6.160628774,6.867116196,6.785680114,5.444967601,5.799999977,1.996343506,4.279084542
247,Uganda,UGA,GDP growth (annual %),NY.GDP.MKTP.KD.ZG,,,,,,,,,,,,,,,,,,,,,,,,5.744557713,-0.34467668,-3.306380007,0.390086943,3.961902789,8.267073546,6.361941244,6.474140153,5.554095496,3.418356891,8.32629252,6.403635743,11.52324381,9.072114582,5.100001863,4.905265484,8.053948376,3.141907339,5.183661126,8.732685764,6.473258671,6.807233344,6.332565116,10.78474439,8.412425965,8.708751901,6.801517348,5.637611638,9.391655493,3.837455606,3.586905826,5.106307324,5.187859862,4.781000291,3.131405518,6.303923781,6.438745034,2.951306422,3.536580341
248,Ukraine,UKR,GDP growth (annual %),NY.GDP.MKTP.KD.ZG,,,,,,,,,,,,,,,,,,,,,,,,,,,,,2.56646327,3.873103212,-6.345235128,-8.7,-9.900000002,-14.2,-22.9,-12.2,-10.0,-2.999999998,-1.900000002,-0.2,5.9,8.800000004,5.339647207,9.516609864,11.79535253,3.071230392,7.571420763,8.215844452,2.243491596,-15.13646791,4.092004367,5.44528081,0.152314967,0.045439094,-10.07889498,-9.772987213,2.440981945,2.359972281,3.48836234,3.199503864,-3.7528041,3.4
250,Uruguay,URY,GDP growth (annual %),NY.GDP.MKTP.KD.ZG,,2.493037918,-1.57454885,0.170458856,2.440520779,1.045604054,3.062855935,-3.656834113,1.888911745,5.864740633,2.333213381,-0.251711531,-1.319569862,0.275199617,2.895344598,6.096914313,3.935470175,1.455461178,5.373985348,6.199116732,5.843400901,1.559559829,-9.757871461,-10.2743992,-1.14261745,1.466536029,8.809808295,7.993137205,1.480937462,1.103901024,0.297348379,3.538808505,7.931588414,2.657546107,7.281342644,-1.447598969,5.577957764,8.547683201,4.518890097,-1.939212154,-1.929930638,-3.844129949,-7.732007206,0.805283915,5.004160334,7.460132138,4.098577364,6.541510842,7.176144668,4.243494175,7.803409666,5.162133029,3.538178707,4.637538641,3.238791217,0.370741265,1.689798164,1.627753973,0.477907184,0.350447153,-6.12147628,4.367009316
251,United States,USA,GDP growth (annual %),NY.GDP.MKTP.KD.ZG,,2.3,6.1,4.4,5.8,6.4,6.5,2.5,4.8,3.1,-0.283491263,3.293351639,5.258907357,5.645722556,-0.540551652,-0.205456065,5.388139287,4.624153065,5.535304958,3.166145308,-0.256749674,2.537719307,-1.802887409,4.583913355,7.23663315,4.169656223,3.462645971,3.45925199,4.177061291,3.67264815,1.885964957,-0.108264791,3.522440527,2.751781051,4.02879326,2.684217272,3.772565499,4.447174945,4.481394432,4.794499045,4.077159479,0.954338729,1.695942923,2.796209101,3.852552601,3.48322032,2.782810626,2.010507552,0.122188443,-2.599888351,2.708856694,1.54989495,2.280687603,1.841875395,2.287775933,2.706369582,1.667472076,2.241921216,2.945384831,2.294439078,-2.767802511,5.945484761
252,Uzbekistan,UZB,GDP growth (annual %),NY.GDP.MKTP.KD.ZG,,,,,,,,,,,,,,,,,,,,,,,,,,,,,9.138582275,3.091293973,1.600000006,-0.492000004,-11.2,-2.300000005,-5.199999992,-0.900000006,1.700000004,5.199999997,4.3,4.300000003,3.834999999,4.16383825,3.973488192,4.232627382,7.449000605,6.950007197,7.451418476,9.473005305,9.029161017,8.050933328,7.597167961,7.525139894,7.102444887,7.29655037,6.873838441,7.218773508,5.9321508,4.395274633,5.354996888,5.709632222,1.886245259,7.420110242
254,"Venezuela, RB",VEN,GDP growth (annual %),NY.GDP.MKTP.KD.ZG,,3.192519439,8.532933763,3.900951164,11.12934529,4.162866665,1.510250111,2.833869031,7.337232658,0.706036796,7.711914381,1.47929121,1.282805036,7.109957895,2.069333202,2.89625778,7.727739847,6.270783513,2.346896372,0.764355145,-4.421322364,-0.362810903,-2.071006071,-3.764817123,1.442164633,0.193300161,6.510345028,3.581649938,5.82136842,-8.569882013,6.467940853,9.729887977,6.060473262,0.275388158,-2.349507928,3.951662724,-0.197837257,6.370931401,0.294055161,-5.970458146,3.686944167,3.394236108,-8.855647353,-7.75530005,18.28660669,10.3179138,9.872149109,8.753578808,5.277854124,-3.202302657,-1.488791251,4.176425359,5.625956975,1.343094036,-3.894386475,,,,,,,
257,Vietnam,VNM,GDP growth (annual %),NY.GDP.MKTP.KD.ZG,,,,,,,,,,,,,,,,,,,,,,,,,,3.805855668,2.789291575,3.583469631,5.135011672,7.364512894,5.100918139,5.960843933,8.64604746,8.072730657,8.838980952,9.540480175,9.340017496,8.152084143,5.764455464,4.773586881,6.787316408,6.192893312,6.320820988,6.899063492,7.536410612,7.547247727,6.977954812,7.129504484,5.661771208,5.397897543,6.423238217,6.413177689,5.50454562,5.553500245,6.422246656,6.987166724,6.690009213,6.940187782,7.464991257,7.359281,2.865411946,2.561551142
261,Kosovo,XKX,GDP growth (annual %),NY.GDP.MKTP.KD.ZG,,,,,,,,,,,,,,,,,,,,,,,,,,,,,,,,,,,,,,,,,,,,,,,,,,5.034883829,4.939924047,6.319886223,1.712195174,5.340908175,3.348804311,5.916270444,5.571756507,4.825690427,3.406631008,4.756830619,-5.340275302,10.74561161
263,South Africa,ZAF,GDP growth (annual %),NY.GDP.MKTP.KD.ZG,,3.844734142,6.17793085,7.373709249,7.939608645,6.122798096,4.438386089,7.196523065,4.153372983,4.715902867,5.248661431,4.278934403,1.654829709,4.571944746,6.111122104,1.695433779,2.249860329,-0.093979116,3.014479779,3.790519264,6.620583427,5.36079106,-0.383419108,-1.846557746,5.09915163,-1.211540882,0.01784924,2.100729021,4.200109648,2.394795115,-0.317760427,-1.018244968,-2.137032845,1.233557939,3.200000003,3.100000001,4.299999997,2.600000001,0.5,2.399999997,4.200000001,2.7,3.700374404,2.949075468,4.554559907,5.277051973,5.603806459,5.360474054,3.191043886,-1.538089135,3.039732881,3.168556279,2.396232385,2.485468008,1.413826452,1.321862237,0.664552308,1.157946952,1.522329387,0.303453235,-6.342471148,4.913096682
264,Zambia,ZMB,GDP growth (annual %),NY.GDP.MKTP.KD.ZG,,1.361381991,-2.490839475,3.272392893,12.21404802,16.64745596,-5.570309809,7.919696512,1.248329982,-0.436915823,4.797112903,-0.086039551,9.208865142,-0.962048756,6.428158549,-2.269328924,6.220975267,-4.564236174,0.553763844,-3.023931031,3.035622351,6.167957407,-2.812782629,-1.966689298,-0.336834899,1.615310368,0.723893956,2.675661713,6.280749009,-1.023501789,-0.481072028,-0.036133384,-1.730922174,6.797274049,-8.625441952,2.897668893,6.218546489,3.814007497,-0.385746146,4.650189746,3.897322943,5.316868274,4.50601428,6.944973982,7.032395115,7.235599007,7.903694445,8.352436244,7.773895815,9.220348406,10.29822332,5.564602337,7.597593211,5.05723174,4.697992363,2.920375112,3.776679146,3.504336096,4.034493897,1.441306026,-2.785055065,4.598734039
