,Unnamed: 0.1,Unnamed: 0,2002,2003,2004,2005,2006,2007,2008,2009,2010,2011,2012,2013,2014,2015,2016,2017,2018,2019,2020
0,1,Aruba,0.20646413553886328,0.20023320588219132,0.14315961505510036,0.22385266504810028,0.19746221783340673,0.1886992399474641,0.18774215014067944,0.24309150879207098,0.2488255322489343,0.24721522225669582,0.24936244108412778,0.24808316663885527,0.2478483456734831,0.24728764929863783,0.2483364530289795,0.25147742640695037,0.24682966974141934,0.24542541815444713,0.24965659206085375
1,2,Andorra,0.2520841467724731,0.2494764868120188,0.27417654089099597,0.2680556588933196,0.2332893477455136,0.22899661088020898,0.23247238258193045,0.2320541139828232,0.23229462417764044,0.23863475060173522,0.2515069599434385,0.24673656924573725,0.2045198787348668,0.20952431834672144,0.20638488871452138,0.20376351160159017,0.18188134957302654,0.1947184296217996,0.19118404636764616
2,3,Afghanistan,-0.27865359829407726,-0.22891700501799161,-0.23386690172681263,-0.21878081363443075,-0.21583848047699566,-0.2056053754287455,-0.2272316990995928,-0.2673929581209469,-0.27302507419245164,-0.2597107078615141,-0.24638535705495337,-0.24106632171274978,-0.22072680386992047,-0.21725033320474052,-0.2017434979827379,-0.1926118531168431,-0.19665261066273712,-0.19570915080698328,-0.20950936003131315
3,4,Angola,-0.25271832182796433,-0.2596211178227936,-0.26224554656507965,-0.2518901244428137,-0.25543341331733227,-0.24181111669375774,-0.22835343813214243,-0.22973833104932984,-0.22859381114505783,-0.2296043068006281,-0.2195607567461108,-0.22723075705482354,-0.23363378924801248,-0.24013278581887737,-0.2326265037540876,-0.22401376165605155,-0.18489268901298234,-0.15981916213390043,-0.16363949768619426
4,5,Anguilla,0.25337514531985517,0.2464325026374767,0.2036562270596747,0.2154222583569875,0.2424738756106649,0.23171337047095414,0.23053811133882826,0.22973090296739568,0.2355641509246019,0.24051416798198555,0.2444756648556936,0.23949295711660204,0.24953239191321622,0.2290229742499332,0.22939873239646982,0.2103563960937558,0.19073082023829802,0.2031499406044877,0.22153609067682467
5,6,Albania,-0.01559028655557102,0.13448942177329162,0.013844390471595802,0.00702365023580594,0.14516758090002016,0.21617044113080644,0.33463561223614735,0.2706276559823466,0.23688634632521838,0.11923634614984878,0.04220562205102121,0.09352514070894828,0.27502738704850943,0.30062994246257957,0.32700250425818217,0.3898540542449095,0.34571182937420813,0.27298821267467394,0.16902584981395505
6,7,Netherlands Antilles (former),0.24207100400391057,0.22256111935258024,0.21305326400143873,0.2767529660750674,0.23197505461561052,0.2187965952464743,0.2221157016645467,0.1285344998195819,0.1377639289371651,0.14175318184355135,0.1480419958174831,0.14414424283320135,0.23118642713572538,0.25842528209797727,0.27815317076539675,0.2908056978091611,0.27417930860221046,0.27388185507392643,0.29702364629720374
7,8,United Arab Emirates,-0.1494685997269315,-0.21589028902096233,-0.16280964387572094,-0.16767569472359697,-0.23663150542324798,-0.21463378721612067,-0.21593504972003136,-0.198418084858836,-0.21384426096163373,-0.21211578981902096,-0.2368657761227231,-0.24128310554712634,-0.25119478609542906,-0.2632782845403136,-0.24858145532161754,-0.2595829100660995,-0.2667105682368303,-0.26982917437126347,-0.27890960091599587
8,9,Argentina,0.14665362765809453,0.1968774303861152,0.20416075418194557,0.15182409917873715,0.22750444423169144,0.25298488471073977,0.20238726577879795,0.15794816082781132,0.20395168734847963,0.19451831956504503,0.1664736844571465,0.15619798236823434,0.19474232694633686,0.23222187599110092,0.2782168314438376,0.2981224476680645,0.29913003552446404,0.32277704054289097,0.3316474572233831
9,10,Armenia,-0.1695693836971406,-0.1783393518406455,-0.21831040479355057,-0.2256353323514133,-0.28319593374174623,-0.2897414854596661,-0.3272295543297865,-0.3343991297906941,-0.323372792404122,-0.2635678069200549,-0.21767164409274908,-0.22436381489558616,-0.21445946487591114,-0.2046198164688609,-0.22101056569523003,-0.21397205364154728,-0.05263349399122164,0.02116869751899608,0.01871581276285771
10,11,American Samoa,0.20938960097333456,0.18114257320890415,0.1170474719272866,0.1520428949037176,0.1274427492120848,0.22588713932648272,0.22474143106293426,0.22395451924385062,0.22964109525522727,0.23446664843947845,0.23832853692020767,0.23347111503300413,0.2432419333241387,0.24328486812603137,0.24306996559262045,0.24234394501757756,0.33999845250159844,0.29573089895802157,0.24566817205414793
11,12,Antigua and Barbuda,0.13354148460315238,0.12594325167651446,0.227316762234136,0.21150834816116093,0.2504364690992809,0.21565609966610907,0.22766497758251905,0.23382134549577474,0.1966993833085628,0.20277894144662845,0.2539055234248995,0.24553480665638244,0.2216442356106175,0.23603507958909806,0.25137346087124574,0.24142460291901977,0.22613738874584885,0.29086248114353735,0.2958867176589571
12,13,Australia,0.2306392640569036,0.2363583313202029,0.24609604577533412,0.24699973096659136,0.22663390261799793,0.22440578416306087,0.22422158110632473,0.2267971610760028,0.23269324145916015,0.23825840890511565,0.2457106221753957,0.23542182250407057,0.22318374888626488,0.22217858398810397,0.22186494252970793,0.2254611223163858,0.22627104526016042,0.20772089088965992,0.2136515728440382
13,14,Austria,0.2161064417979936,0.22212027742700644,0.2438994057866203,0.22786788318645193,0.22688088993184538,0.22631521056866652,0.22453047345977944,0.23021294038346568,0.23640211494152488,0.23179948283145896,0.23945692142521252,0.2407451965726219,0.22996580293127553,0.22867717312595845,0.22106156446212644,0.22906767118582838,0.2293680073242098,0.2212718568983241,0.23117303874671888
14,15,Azerbaijan,-0.16713817957521004,-0.17793959951661714,-0.179983151731753,-0.19147346801609583,-0.2178734962676157,-0.21007863369043756,-0.22570348538069498,-0.2145701196750342,-0.22220585701414997,-0.2217375573471001,-0.2213345767933402,-0.23892708301596258,-0.2519410584797659,-0.2644101259412888,-0.2658733796616156,-0.2663264916703678,-0.25741726512220864,-0.26050255262687294,-0.26270360573158924
15,16,Burundi,-0.22873950624452088,-0.23131285073642233,-0.2515389582954656,-0.12453907993977255,-0.14199738033506876,-0.140210816715231,-0.13456452895861074,-0.13538397581425166,-0.18510835604972753,-0.18215094339191737,-0.1756487506861987,-0.18714234313527556,-0.20471929911691783,-0.2497796533914098,-0.3054356308359007,-0.30943403617633586,-0.32834325165080563,-0.33863845544909793,-0.2999794869593154
16,17,Belgium,0.23186333133366463,0.2488371250241645,0.24243660323766725,0.23915354912596057,0.22596207713524677,0.22905538508269488,0.22303218847308928,0.22668552451891408,0.22904121833227595,0.2230616055497389,0.2271450007952647,0.2311215434260815,0.22999733352205162,0.2335478502631344,0.23179057122457042,0.22530410582327615,0.22202167376435064,0.22054257271596156,0.21587364520806193
17,18,Benin,0.045572966299025686,0.16808010850980493,0.04752261143431986,-0.0268388667521551,0.32494052220756875,0.32978024818994944,0.3087012373524023,0.30679854359731645,0.2816883675372518,0.14903627366739736,0.11150181676988964,0.1392783413911798,0.23699633939757098,0.2638430658594897,0.36579203355480727,0.34138943491507084,0.21511718975195082,0.05624055946082045,-0.06300517524555753
18,19,Burkina Faso,-0.31347625875772994,-0.2503535189921016,-0.3505714156704326,-0.36092690316909154,-0.27630791784730474,-0.24815874583591546,-0.22914049406175688,-0.23420148789503573,-0.20446206952892387,-0.2264768422578851,-0.24651114230588775,-0.20646359646070858,-0.284943460951828,-0.09223598688592177,0.011184143304338671,0.052494064931165596,-0.05518244463946832,-0.16365578774422385,-0.14731574989593257
19,20,Bangladesh,-0.18459073258807693,-0.23566308971020722,-0.28705690109609805,-0.24341981571445412,-0.1927119965860022,-0.2449276826224223,-0.1888172655848611,-0.12344315931154713,-0.11449492952809447,-0.13455817615005594,-0.17165895695344657,-0.17313053679671814,-0.20239900096898292,-0.21867855424410484,-0.24934342765139883,-0.26266473875254687,-0.3191672495519621,-0.3167983444374942,-0.32845269066199306
20,21,Bulgaria,0.25014839617275597,0.258365030564921,0.26962848633182335,0.28155660413355943,0.2731436263025571,0.32701256451734995,0.2735502490507464,0.2652652329781586,0.251545227404656,0.21301830032411606,0.18974921905458622,0.15962679262065677,0.1734520224796285,0.20473926482753863,0.19035819402788798,0.20343520304946325,0.16880390187806457,0.16831695040256317,0.12398017583040918
21,22,Bahrain,-0.1171034799609265,-0.12111008424986504,-0.11513231164831088,-0.15237027182180313,-0.18533677258646028,-0.17561033400702983,-0.17815080701283514,-0.16217566711833098,-0.19803668129291468,-0.2495817794680064,-0.2702295048016821,-0.2701146564458111,-0.26880141596713664,-0.2692118295853077,-0.28130167819669616,-0.2844238719341627,-0.2914320901853636,-0.29303001967216435,-0.29810747061782733
22,23,"Bahamas, The",0.2788099870351244,0.24207145752007903,0.23087807599461302,0.22102414477621443,0.23924847678650932,0.25758637602327183,0.26309295381258624,0.23617924037344956,0.23173871289739878,0.22514890644142638,0.2191609573644522,0.21678657066979642,0.24561402815553957,0.22312827641564514,0.19983504422370235,0.19923289331710342,0.17935945335849668,0.21250580607355965,0.2154746560471766
23,24,Bosnia and Herzegovina,-0.11829858562752378,0.2848728834251609,0.22944248293826833,0.29027407153220874,0.25449740995277786,0.17805080741645649,0.020592454940544496,0.004310668396909204,-0.11205326252761244,-0.2171163400323226,-0.13634803770322873,-0.15827988294823905,-0.09643954468406325,-0.1333089694650171,-0.1782722378011985,-0.27965375670084996,-0.36147933140018385,-0.3303634614703142,-0.43684229405566277
24,25,Belarus,-0.2172461161873111,-0.2182416093746921,-0.2390122063915627,-0.2643673518765767,-0.2624209941338659,-0.25503597224868124,-0.23840677672365265,-0.23157265623771922,-0.23268409111508362,-0.248415541215979,-0.2344959921717789,-0.23109153389865458,-0.2158953063130888,-0.2192177492184363,-0.200411561173547,-0.20289456840623127,-0.20449556261025487,-0.2106660506999057,-0.2175898030307875
25,26,Belize,0.2848743067337063,0.3013055969000098,0.2645825778626641,0.24611964720382934,0.19472831209179461,0.18822568167949622,0.23126197757278305,0.2663180204671287,0.24500140428497422,0.2486530128240251,0.2485679251861078,0.25434487077264195,0.1859434876065412,0.20669340690846208,0.20408149557492675,0.20400522994604972,0.15099602574375276,0.18075793626371348,0.18803784107638044
26,27,Bermuda,0.25179799780982753,0.26854688495788764,0.2539116004943367,0.2579963130978699,0.22758060158095816,0.21748103012468104,0.216377957970499,0.2156203300969429,0.22109528724821753,0.22574126346696785,0.2294594365666843,0.2247827775991618,0.222848797673168,0.22091042402022165,0.22310717415365683,0.22488215983584336,0.21749262449671863,0.21368373660347548,0.21505327262933815
27,28,Bolivia,0.3902106564246817,-0.1568331201974268,-0.4738303679159109,-0.43563530054408917,0.21255922459002669,0.117377343368044,0.008233174676047224,0.019310630958460973,-0.10908544396645992,-0.18969247626239727,-0.226796866693632,-0.19179199830551263,-0.0731236184060336,-0.012946970615487021,-0.10118282054471568,-0.06845864959921374,-0.18529118264474168,-0.3235259930764531,-0.23216620340901162
28,29,Brazil,0.2344159105402001,0.21981738839114312,0.19290323088096628,0.22718915329321707,0.2482343471291064,0.2666000799870933,0.28244082747771315,0.2591170222275156,0.28361390715717594,0.2549855319328932,0.2372295501991548,0.20720769904509792,0.23427171653753046,0.22777825243965477,0.224302817488872,0.2224007200339318,0.18182112217734547,0.15005988925885447,0.14665718004082343
29,30,Barbados,0.256719505416505,0.2409571657342708,0.23037859325418786,0.19790147129143593,0.21624982895398526,0.21473771665949978,0.1974245416440244,0.2351534819514889,0.23696861817954212,0.2322736609922778,0.23621834066292222,0.23713146371864552,0.23874299331416984,0.22862415128841862,0.22638070047316172,0.2321766794151132,0.22757509992784977,0.22993362626905983,0.23543279485875904
30,31,Brunei Darussalam,-0.23148136894838275,-0.2156545738837732,-0.22155407697487414,-0.2156744691852257,-0.30508961463906525,-0.2947820277852126,-0.28272944754456336,-0.2029147781514399,-0.1806593344947857,-0.16948734479313507,-0.14061686237001286,-0.14025545312940152,-0.17356281950206875,-0.20941974723849088,-0.25019170823257747,-0.263436367929057,-0.23956349585090925,-0.26876815975183954,-0.2584774557661094
31,32,Bhutan,-0.4591744807613664,-0.40811044558417525,-0.34343210037497146,-0.3815527963330987,-0.37678693510860584,-0.31053321270836765,-0.17986081962763514,-0.16434580743752278,-0.14837024522557468,-0.14378375075608765,-0.09997228601649208,-0.05650705574948872,-0.03663322300710713,-0.01238666804653107,-0.009214269038414854,0.003897929816324812,0.01240120606565486,0.026605635585220166,0.05464079090533794
32,33,South Sudan,-0.17701843915252474,-0.1590375382100998,-0.1703527560605784,-0.18034224810443042,-0.19772556357759263,-0.1872512635249373,-0.20065298739684095,-0.20274284002685747,-0.21511062430017416,-0.17351598349945851,-0.20762463684835591,-0.22464625866268306,-0.2521180812344986,-0.24848939206228798,-0.28004506114147826,-0.28405842927870134,-0.30999016207070806,-0.30971042086863054,-0.28268311703711885
33,34,Botswana,0.29407182170348395,0.3113502260763558,0.32448766928317896,0.262196944493891,0.226255566251941,0.2239641233166588,0.22643392363536247,0.1927424215438615,0.2008710474658788,0.18784103659102394,0.23501720844289667,0.21579035610286032,0.1973394083186716,0.19873249355201733,0.17781031301803174,0.17356252403221914,0.20001061633397987,0.21976950512168908,0.21646491287349234
34,35,Central African Republic,-0.1966085668861182,-0.2445699356252639,-0.2565421180388791,-0.1948275195924969,-0.19882800623761898,-0.2122479720285101,-0.1935935894175955,-0.19660980478691903,-0.21634878702998914,-0.21307302123347313,-0.24317498491987308,-0.28893478212095236,-0.2725386925970288,-0.2397687256937305,-0.2116735393440201,-0.21673262970449705,-0.236572886246987,-0.23946772894635315,-0.255660732669201
35,36,Canada,0.23600636490795834,0.24364251382299157,0.26267628200626963,0.23723840503771979,0.22286683690858766,0.2179983772037981,0.22159690430979445,0.22071006288378847,0.21295837853569208,0.21728566471670546,0.22631636534611616,0.22883241402899074,0.22236199811489893,0.2309829758659485,0.2275196154573076,0.2326484427811463,0.23460199756143552,0.22542832277200833,0.23228258057644927
36,37,Switzerland,0.2104182049424483,0.2145782165507145,0.24979213106329254,0.23413406426209876,0.22403449655386048,0.22194011688321666,0.22386093695396028,0.22924499677342225,0.2339087094810435,0.23389340316052507,0.2420569852252782,0.2402824900599945,0.23016121200748024,0.23001395464801114,0.2260767643608531,0.22977109436245402,0.23317601175195768,0.220933805479763,0.22723140632556044
37,38,Chile,0.23302846405742667,0.22636948880575994,0.26262840382730207,0.2770396986292987,0.23199048963712837,0.23682113464128743,0.2172360395668219,0.2179622102835306,0.2348415401206301,0.23018239609643526,0.2308331390877498,0.237121951243955,0.22633082954135536,0.21530647468245284,0.21341659111838895,0.21443195255190653,0.21766576296983345,0.21072307777612012,0.21351578164345106
38,39,China,-0.22671560302192126,-0.2150876699634914,-0.20798195763484864,-0.21343173644487745,-0.24872698874113366,-0.24478482027891754,-0.24169125904468436,-0.24192892535300076,-0.23899635129786648,-0.23288994280999034,-0.23293720821177305,-0.23200814130055478,-0.22991176476246228,-0.23618424637654226,-0.22179179590855555,-0.21385059809546442,-0.2080840325932882,-0.23153023180405322,-0.23427104870009252
39,40,CÃ´te d'Ivoire,-0.269650325598063,-0.2917541817302532,-0.3082106185254937,-0.3271559890749656,-0.3231275620856473,-0.30377339920680607,-0.29504762601861517,-0.26897324259180544,-0.26493460332543,-0.2733950079337083,-0.1965408299612929,-0.1898292853301163,-0.12839335623495393,-0.10300430998523899,-0.07827128203755901,-0.07182661975302732,-0.06460925109808802,-0.06257143865788592,-0.13411039377921097
40,41,Cameroon,-0.23828836983630394,-0.23024224294159926,-0.21160262207327105,-0.22460820373016882,-0.2223992487598502,-0.22797469149844093,-0.23193429053795867,-0.22597412557513966,-0.22986616906996624,-0.22440274062280285,-0.22189606481965293,-0.22522272873674054,-0.20514762375023085,-0.2072771770042636,-0.22393930285397398,-0.22845006606531534,-0.24614560531723975,-0.2626848546482353,-0.26182846059491793
41,42,"Congo, Rep.",-0.18767701095044376,-0.1700239940879395,-0.1981575387359583,-0.22180231458224203,-0.24836350441704438,-0.2536309775725758,-0.23748800741411594,-0.22701492817959887,-0.21843179625185702,-0.22773354183825484,-0.23742160750225605,-0.22974406256431423,-0.22775860719243676,-0.2090276575910447,-0.2386935945961023,-0.23076507759277773,-0.24619460397501894,-0.2628783291352361,-0.26309732633531413
42,43,Cook Islands,0.11604147907604262,0.09250098398118581,-0.007161893164721577,0.017719381892833126,0.03070327884596104,0.02963767449671088,0.003553779911185331,-0.17939443104959008,-0.1660366392760464,-0.18920693777751582,-0.22151903885368973,-0.2156104335453341,0.04106823993480526,0.08434701393673041,0.1452765012074063,0.1574315703518107,0.5560733716304184,0.48855877440260115,0.4266993955112678
43,44,Colombia,-0.4592972755510194,-0.47351110345752695,-0.3516620850135719,-0.35578363747398556,-0.19055140578172142,-0.1823715540848991,-0.1830345622805892,-0.16500387571828343,-0.14600744327148713,-0.06587267677478752,-0.07059090209163232,-0.08966128886659881,-0.047766942760767477,0.004345733709281715,0.13441158871943235,0.1240859190682898,0.18110547045202074,0.22668987288257703,0.1601762312004018
44,45,Comoros,-0.17319808493068836,-0.2884010810814613,-0.26051312113677466,-0.3167053878307484,-0.11136299409038758,-0.19511523346564616,-0.14435983324123208,-0.17179975252352034,-0.21213471533379522,-0.18785379187501008,-0.2341686535639238,-0.2313616437067267,-0.14675022681369626,-0.146494130861179,-0.14599503868480407,-0.16866649205266435,-0.2512983078928804,-0.3551137623187049,-0.3836172448280931
45,46,Cape Verde,0.18284273616966631,0.15729967530494388,0.17172895603010646,0.11677472138771468,0.2070266990248838,0.22829640634283507,0.24797930668269472,0.23563476011958118,0.23658591436740767,0.25652946558381745,0.24823228162183922,0.24223083341133847,0.2526067305741974,0.24920718871909178,0.25761123686097054,0.25495755339186243,0.2551519894572385,0.25183853788983446,0.24252756276986387
46,47,Costa Rica,0.2435714867913839,0.21144068236241048,0.21297316220050203,0.1791361694388903,0.20079238170685268,0.205095532290896,0.21198338581042472,0.22055120997844077,0.22801870172933872,0.23108264197413544,0.23861618765110773,0.23648128921101924,0.24961315998054373,0.2525131024682419,0.2451388494804223,0.24596905871905142,0.2430598106525295,0.2403273947228854,0.24658735692535672
47,48,Cuba,-0.2306673224709732,-0.25041348072751,-0.24982982833232725,-0.25256787243238243,-0.2640482431586279,-0.25939928912619525,-0.25193565044400207,-0.2383980939157538,-0.22622609018087703,-0.22531240806707978,-0.21191567333669228,-0.20688808663421032,-0.21613956003305124,-0.21800306791052937,-0.2182789572103528,-0.21720764074720422,-0.20428667787326257,-0.20156444557758574,-0.19870297600031153
48,49,Cayman Islands,0.49958869179811266,0.3058837249409263,0.27873417595384203,0.2869850077251534,0.24859054796323893,0.23647604776399228,0.23693914742742925,0.17749623258916827,0.1834325313074283,0.18413085259164344,0.18233515847409165,0.1743077380329754,0.15024454540796373,0.14898103358306033,0.15081611426263664,0.15416345154914632,0.14711211187854442,0.14915951281414633,0.15835958722769192
49,50,Cyprus,0.24963501461362728,0.22222590050262328,0.21229703989771306,0.2136023721735101,0.2350983585132096,0.2383583193830485,0.24224173684729736,0.23866487973548758,0.22869016028049793,0.23543707200654196,0.2283846654836803,0.21917778540987695,0.22793135148320515,0.2305250204226283,0.23388586277097698,0.23603178523805063,0.2247177156440314,0.23431871810350935,0.20256956930535416
50,51,Czech Republic,0.23876238906565317,0.2382389226233122,0.22421158735534863,0.21275067422621025,0.2260512528021073,0.23380116325972147,0.2426043633602869,0.24267143136057728,0.23840097795428186,0.24023309650079927,0.22795097141238166,0.2312758220212816,0.241179273366674,0.24495821214204022,0.24086955642170477,0.2067709529277901,0.1909121571918083,0.19633062154000172,0.23077690050681413
51,52,Germany,0.23287645435792328,0.23279788490759018,0.2463824486340254,0.24470158854913,0.2248395181400023,0.22010428539780288,0.2201535827215875,0.21985432381818135,0.21373158049805416,0.2222011591390116,0.22953434710189619,0.23158408309941428,0.23655355175164078,0.23419163863524348,0.2246976926254581,0.2358791541533384,0.2357116100031281,0.22324425595701922,0.22690802285179287
52,53,Djibouti,-0.15130098371016965,-0.12134819801964694,-0.1428301773781846,-0.20211661771338987,-0.20400302295205544,-0.217907862036168,-0.21792181997184704,-0.2202257910747834,-0.23047328198308553,-0.2569624482644683,-0.261133526620349,-0.26786939193793285,-0.2606463664453664,-0.2572695662644519,-0.24958445278307786,-0.256106303656087,-0.24909078035194723,-0.25924696942903935,-0.25629296662483503
53,54,Dominica,0.2637379379881319,0.25042145887386547,0.234264674520747,0.22161328408969738,0.23895630807181784,0.23708350243578719,0.2458639877611311,0.24059688660233755,0.233534643850485,0.23482985681376906,0.22498977156758493,0.22977115369804782,0.253628663672171,0.20890191015665105,0.21378827049915805,0.2103124716492825,0.18721817169395208,0.20650388761709676,0.2083192314949549
54,55,Denmark,0.22244924765590335,0.23240218029429544,0.2613592879446654,0.25245142473754595,0.22807528837569666,0.2144439396940804,0.22323842125821705,0.22323174360881293,0.223768239109601,0.22518317419954834,0.2429468633873466,0.24180860095779266,0.2212503673934209,0.22534861036858161,0.22368924909100812,0.2202575254842994,0.22661589328842568,0.2242364357506869,0.22044915326265
55,56,Dominican Republic,0.355794052751787,0.03487214859865864,0.07049420782354618,-0.10580625356091049,0.3084147269846137,0.2954366859657694,0.24704108445538386,0.1346662567185351,0.11076703919793734,0.1356183308651454,0.18684476915099085,0.1730139731627376,0.2834005290733307,0.23136840879518772,0.27283577981341306,0.23880906769377547,0.17595434148213793,0.27039855491492576,0.3599517150748356
56,57,Algeria,-0.2522088276682739,-0.25994845495763613,-0.19363844029874092,-0.17278567330580075,-0.22135820146861707,-0.23759338503975763,-0.2365286578091955,-0.25070200623609906,-0.24681790317203572,-0.24242162587375057,-0.21873897823749425,-0.21567928689175758,-0.19636623721488314,-0.2046273347756498,-0.20801136572200318,-0.21799474843738315,-0.24135676913183454,-0.25434872937861297,-0.2626764821161855
57,58,Ecuador,-0.04795143032467686,-0.12954495986724296,-0.2607458242079951,-0.3876972034434762,-0.27058041335960176,-0.17172590219209405,-0.23694420653150416,-0.26684425705287274,-0.2462982720897273,-0.3126838731410603,-0.3156142173494967,-0.269364389284119,-0.2157837612549961,-0.22568767731075443,-0.2634112491125929,-0.18345323494543753,-0.00671539762243223,0.03489919134432463,-0.012828110777206041
58,59,"Egypt, Arab Rep.",-0.21572557880441912,-0.21198668000791293,-0.18544346380338866,-0.1888141209278466,-0.2347042562516731,-0.22853564832342427,-0.23724340669636163,-0.2265249704050417,-0.23250684453051007,-0.22310242722643792,-0.14972805771519032,-0.20579716834562126,-0.2309211936509863,-0.23287755918895106,-0.23573992428927568,-0.24488780425009918,-0.2599855028335157,-0.2826899209232543,-0.2904486124424863
59,60,Eritrea,-0.19727497576181408,-0.20901055280756192,-0.20620913570680363,-0.23625732370260094,-0.22535957954139094,-0.22879920985116461,-0.23356167177281367,-0.23819064142016974,-0.2377056040218372,-0.2407075560116645,-0.2388382774616018,-0.23750278754407195,-0.2284849435661814,-0.22778943283309958,-0.23467614406432638,-0.2342336189796886,-0.23632427608505416,-0.23858686443361526,-0.22346292192696038
60,61,Spain,0.26370544110247596,0.2627896171693044,0.2737624423880022,0.2340082030459188,0.22311252657498282,0.23228785254211734,0.24516072148088067,0.24343588357788218,0.23217537168967475,0.22458949731235153,0.22010394731659386,0.20452795046545,0.2055371714764509,0.2161059705030058,0.2154382109837812,0.21127188273212294,0.21081843350869559,0.2146329940440453,0.2084752467897355
61,62,Estonia,0.21900752662501052,0.21852338020699857,0.22318534254633968,0.2025183955551626,0.21804212937243128,0.2190196929419921,0.22282483024150665,0.2215732812134954,0.22568223578070212,0.23141264407746454,0.226962643312597,0.22796770275854028,0.23888539062932115,0.2422628575542601,0.24658258139687567,0.24788875718813902,0.24071308776436728,0.2410739407260751,0.23909382397186865
62,63,Ethiopia,-0.22402995709656473,-0.20367599276337556,-0.2157820580126448,-0.22633676731033592,-0.21810742568897337,-0.21993226462164,-0.23884445351279676,-0.23720601688597318,-0.24572238930733256,-0.24897242829587438,-0.23915418017663048,-0.23990667221475112,-0.23467889125696662,-0.23720296753766487,-0.25623275236820414,-0.2617404852817021,-0.21304452735040208,-0.1935366700483804,-0.18925690969842326
63,64,Finland,0.22855498942432517,0.23143284495913607,0.2625099160437284,0.2483054410981967,0.21989622803036135,0.21491488829141,0.2153350061433417,0.21565671342807832,0.21881306262184605,0.22188008961957242,0.2355891957018162,0.2316165949805713,0.22694234744301398,0.22718671584734473,0.22544683666986717,0.22950495229653342,0.23208897973920317,0.23031336115623788,0.23755261722848903
64,65,Fiji,0.011568077536609794,0.026907522156020193,-0.014950001375259547,0.019909017306932744,-0.13130415865296638,-0.26254945145882796,-0.28453257235354046,-0.3677019521460435,-0.44670562264225755,-0.4413381451771125,-0.39515425413217226,-0.367260362028087,-0.07131289329771623,0.011221730030866447,0.011537475147702755,0.04960548946579401,0.052676690496057076,0.008648873159416558,0.013362112597584653
65,66,France,0.21614962186485484,0.21021766010980514,0.2727205951234848,0.2765241695276174,0.24318476184217322,0.23589027503311247,0.2443216354254927,0.2330381466955267,0.22523387372684123,0.21920666468467767,0.2318342629514581,0.22830290337422005,0.22810430597242615,0.22594594039169952,0.2128035112296747,0.21578999471634336,0.2146815368340996,0.20904502694036958,0.20022452992828774
66,67,"Micronesia, Fed. Sts.",0.22202785346022288,0.22463912406883726,0.17056592429323278,0.20594734973952447,0.23104552540002804,0.22955431251289113,0.2355203273951754,0.23299341140838284,0.22789806134634208,0.2162493938281213,0.21202650529064423,0.21611779493066516,0.2409256412683362,0.24608386305587096,0.2488691166877412,0.2485527933188616,0.24132321703574172,0.24861349348804584,0.24530610982338374
67,68,Gabon,-0.13616294999660158,-0.17128907631152088,-0.20159536679640958,-0.2137211269802976,-0.24556253634772152,-0.22392281296454278,-0.2184190744326691,-0.25099082823814794,-0.22357849716701814,-0.23392964390299167,-0.2231809004522279,-0.2231197175082039,-0.22382735709744395,-0.23117550261181727,-0.2502508565745104,-0.2740055042772865,-0.2497367627283873,-0.2695197408767605,-0.2531786422080771
68,69,United Kingdom,0.22021455371138687,0.2287284871629397,0.27409586437081734,0.24775955431728833,0.23657525992020692,0.22916674282826097,0.22666615328299922,0.22362528159717368,0.22134208126179905,0.22261485540417614,0.22977348126755812,0.22804126071640532,0.2189094820941877,0.22269110935359715,0.22226880810902583,0.2339122216447142,0.23497973602784927,0.21642820148891076,0.21393546642771005
69,70,Georgia,-0.5226100040690115,-0.18402600469574895,-0.08097765182987175,-0.0935011070599416,-0.09592101551304821,-0.2383903910533155,-0.26574992125837854,-0.19541772516484515,-0.16648640536367693,-0.17868023958771692,0.022328221301280905,0.14362233215880935,0.29454390411278736,0.28411243222832905,0.3054589845901897,0.2739885038344349,0.22853769850409367,0.17456339964393444,0.05956875207098652
70,71,Ghana,0.014363663068819081,0.1373684667836236,0.059496416207946774,0.09982261718320541,0.2060257428899691,0.25137994835916455,0.21830407463901053,0.2517317413111012,0.2601975642072758,0.24497938946010678,0.21803507422181617,0.22182729167288212,0.2333476258303686,0.24688547064888533,0.2950070647971157,0.30164275991793427,0.2777434354020265,0.27796195587309236,0.2801170021677104
71,72,Guinea,-0.27275460606252844,-0.2580642859601693,-0.2742067069750177,-0.2530139857870386,-0.2650615980364485,-0.29547333926305297,-0.30791233034590837,-0.2812589119400243,-0.198171524916808,-0.19164623249292267,-0.218879693476859,-0.22069797859641674,-0.18513275246281397,-0.18519411771980684,-0.16425657254596682,-0.15962886783733005,-0.16699722804752837,-0.16576593397294997,-0.19826363070618855
72,73,"Gambia, The",-0.16137652351215978,-0.11777006747896437,-0.16220806827129405,-0.2443208840662165,-0.2157254265457472,-0.21443629276631238,-0.20816227709373372,-0.24344647617516824,-0.25865964818267306,-0.292334530189922,-0.3096509774443073,-0.3024058466272055,-0.30487246934615886,-0.3510665110103794,-0.30316012306492873,-0.14959971316055348,-0.05341538272633564,-0.06019876722940682,-0.04806361966144859
73,74,Guinea-Bissau,-0.1838454444464096,-0.297388104656658,-0.23517634941513432,-0.1351968577595214,-0.17550893433506293,-0.19881713098263637,-0.1996514873132362,-0.21188214271261407,-0.22968655191616913,-0.23818402125264668,-0.3699875354967895,-0.3749360834806564,-0.23709242293595514,-0.20910110465798507,-0.2047699108249085,-0.22254194852659248,-0.19190247171965982,-0.1342706685018512,-0.12604121224471385
74,75,Equatorial Guinea,-0.20114833940992122,-0.20606895201867748,-0.2030326389361135,-0.20855276111856527,-0.22623858889660886,-0.23388375366049005,-0.23463788105950367,-0.22383570679602668,-0.23044171277154785,-0.23532500740087986,-0.23599733650625143,-0.24403102470530755,-0.24468821691756054,-0.2476704359128135,-0.2412590534635447,-0.24415914927574237,-0.2323253329835123,-0.23288316810610654,-0.22437961597695144
75,76,Greece,0.2717041975591067,0.299873446110952,0.30888023404397097,0.2845502953911219,0.25030619585911895,0.25507418811505156,0.24064343657843765,0.23111108347450407,0.23273784605831085,0.21270703081261225,0.18168341836244511,0.1781697298589238,0.1604213240359021,0.16892000846167504,0.1733290167275588,0.1707194560822343,0.1898526027400146,0.21061214111440904,0.2506316163681991
76,77,Grenada,0.24161468531845184,0.23519179544332197,0.17500115303758537,0.16150926620268263,0.22171697365127982,0.24441511200833627,0.25231441220281525,0.2531101087770259,0.24330373963589844,0.24146465591370855,0.2298743390857568,0.23686932031720295,0.2786664493503872,0.24788659263929097,0.2512782469956384,0.22889565612821636,0.15172104356255633,0.209284090953097,0.21228530226113182
77,78,Greenland,0.2264859286251792,0.2313868046574968,0.24850446533092438,0.252412984867425,0.2332439333359619,0.22479227065120022,0.22249630267319112,0.22084144851144397,0.2274353060143394,0.2263404909644612,0.22886528621765181,0.22675127651361818,0.22643816114289209,0.2259259000836768,0.22688410372813947,0.22975374658967984,0.22550748273053375,0.2242245363131512,0.22809020358738313
78,79,Guatemala,-0.2544199969701575,-0.3431101294268,-0.23014861490462188,-0.25496172953082236,-0.11974776037862646,-0.12151149925973868,-0.1431851994840479,-0.17736421718033843,-0.21516453584695433,-0.22132331323088483,-0.2526625693516073,-0.26004374420626025,-0.23950099686111698,-0.24574855478607607,-0.20596060070602587,-0.19834636371663555,-0.2552218127494916,-0.23610335984727476,-0.26715050071320984
79,80,French Guiana,0.10483280248778387,0.11298224291073287,0.11635810842984924,0.09352605557851086,0.07254577215113295,0.06696382897633317,0.07025237552190981,0.24811467414338398,0.25783497491466345,0.2515751600364147,0.2596721980605477,0.26491968010238875,0.2949456488160218,0.29427840629068575,0.2955265086166695,0.29926434446286854,0.29373339931361186,0.29206230526497096,0.29709750664865336
80,81,Guam,0.20408353070462582,0.1817470316346724,0.1594113916602253,0.17464897774329383,0.14639122653367306,0.2594725520959715,0.25815649732637835,0.25725258567128856,0.20483573245699366,0.20937027717627224,0.21365052962572015,0.20911086215175673,0.2408504479020599,0.23874684119093664,0.24245520648925917,0.23509670347692252,0.3056884221282798,0.2975469012895837,0.2482187827851896
81,82,Guyana,0.5599891224679003,0.4421234014582919,0.06910946040918728,-0.236302098807987,0.09480974817734718,0.10423893231431788,0.1158021559024763,0.09571245982767797,0.06835108230793864,0.030432763826530856,-0.002362591851174418,0.021921515521408152,0.1611209670978385,0.19007766805900267,0.2618643534841965,0.2868523203389533,0.2226772333291598,0.2634573613730017,0.22332231090216656
82,83,"Hong Kong SAR, China",0.09023570310505967,0.21266922508405436,0.2657315971009594,0.29326774854095194,0.24019072503391123,0.2251844434297981,0.21167561455736922,0.22666613172161554,0.24337308504318353,0.27179534170099323,0.30239954335125957,0.3427946032844393,0.25324168075164105,0.2433646886122983,0.17834785585863464,0.20245302277213645,0.20802805564833043,0.06002311888054423,0.018390323249289495
83,84,Honduras,-0.0887255519388248,-0.09701847744468528,-0.18591080672149948,-0.188632062100981,-0.07605835874414879,-0.10516750689759548,-0.16073068002219373,-0.29071951231031534,-0.2747113913929,-0.2556444612753558,-0.2562561515859647,-0.25906990750674275,-0.22320061983811326,-0.23005378823687614,-0.23899537175649252,-0.24009279557736482,-0.28873096200935333,-0.31186220984728424,-0.33710230745991904
84,85,Croatia,0.24495789437640056,0.27442666114302017,0.2896670340114309,0.19915351948026097,0.2118616107571902,0.22791415536560408,0.20583930517973456,0.21396659572886131,0.20963279696916573,0.22928098001731884,0.23797034560142927,0.2260508352521955,0.22658719512156825,0.24443485761169956,0.2311735952250544,0.21084387505180008,0.19253492628899418,0.20033746616174797,0.2563180179155104
85,86,Haiti,-0.3130437931986759,-0.3182948974348965,-0.3540684973822623,-0.3265176062706114,-0.18891030084280816,-0.1625129074676361,-0.15562706515208646,-0.17421957578681105,-0.1886340150953071,-0.1985789272135328,-0.20221632610492102,-0.1986906804053839,-0.20973400377439885,-0.2117466831842572,-0.2013171016447547,-0.195383073526713,-0.2008283394524527,-0.1978595950520139,-0.22282172157816543
86,87,Hungary,0.3151985567122412,0.3182958982999476,0.31339676609201716,0.32042460759928876,0.27675882915676026,0.2838520023944986,0.2633079847026032,0.24804348590602304,0.24382079713520277,0.22820729363420555,0.20432097286870451,0.20100142213904185,0.1508579538657926,0.15268553589304315,0.10962315773773024,0.14640457257906103,0.1304461597955567,0.09378589305988716,0.10683514239177007
87,88,Indonesia,-0.4227981308465996,-0.4655326406204197,-0.39720992046325193,-0.18958901893996732,-0.13100911572990226,-0.030795634190933664,-0.017511179592704585,-0.0015518468971671014,-0.05869726267819097,-0.013265364858485212,0.1051348054388197,0.05616709449637831,0.23934167124903297,0.2874669543805435,0.2611844578959299,0.20466888803511615,0.2400038891363026,0.20542568861713112,0.15722985078069676
88,89,India,0.23854577990342027,0.25439432708799903,0.22383917179039686,0.23151651754950592,0.2446726590431223,0.2540580015387871,0.258663401602079,0.2578552695993024,0.24809725871426958,0.2439030714660452,0.22355198162764495,0.24220263017078805,0.23130806742731086,0.23946295710534107,0.24680247623418483,0.21661922210674528,0.19698231327589708,0.1505640169501465,0.08389216769707007
89,90,Ireland,0.21509751910514943,0.21605398381492494,0.2500897451010915,0.27485278451409706,0.2363777945448877,0.2364795083309757,0.24078693886866306,0.2291051478643586,0.22417262446949351,0.2209446594826823,0.2238492831836228,0.22202362060097663,0.2230042173655349,0.22590944638557423,0.2185199529414598,0.21911657562363754,0.2173863920403522,0.22089114927425132,0.2358995924559542
90,91,"Iran, Islamic Rep.",-0.17016932668543872,-0.19833021972427778,-0.19514174842663742,-0.20291520839661772,-0.23748075854835982,-0.24601258507032536,-0.2484293325127308,-0.2503303710788924,-0.25419368805069764,-0.25054642734561056,-0.25325214910144195,-0.2545434305474172,-0.25017083808977336,-0.23954287713593586,-0.21254042829421108,-0.2057158651100226,-0.2111324779735077,-0.2194944705352017,-0.23371033897939492
91,92,Iraq,-0.3868194473024043,-0.28321389700124167,-0.3099706850426629,-0.24544758802531647,-0.24190042382127633,-0.21246452273440053,-0.20841110593094306,-0.19308593339470087,-0.18712201463914432,-0.2017730120955781,-0.20303308853450455,-0.1994507497829076,-0.21587573416351988,-0.212797196588271,-0.1915943886415482,-0.19757379184467128,-0.18944527776215014,-0.18194463160251997,-0.1900203051482881
92,93,Iceland,0.2355514800649142,0.24877269583330267,0.26039178422341247,0.25084175690032934,0.23112901144186823,0.2288363963874164,0.2279808215166417,0.22631197298581177,0.23119546570980992,0.22559485403817722,0.2307473855124537,0.23020663916579462,0.21705919792894415,0.22012452018269998,0.2168604642102693,0.22055001050412024,0.2203000349402854,0.20851599279787972,0.22155805274007115
93,94,Israel,0.20021098378313962,0.21895588155495227,0.22505862798416093,0.21957838879325306,0.2630886914263922,0.25166582944674076,0.24579385956855243,0.1938691558449611,0.1984135478109335,0.2220201882223634,0.21897364606256614,0.2206936838778824,0.24726734141274437,0.25315865576615626,0.26734188320826274,0.23694863372047278,0.21117743768348005,0.22433465846691186,0.2224226140750027
94,95,Italy,0.234967929149827,0.2229925473622195,0.26630325012952694,0.23912506817723744,0.2408204633367615,0.25153982556152693,0.23346824052429596,0.23396418143103087,0.2178141449216739,0.20627618355316502,0.20740398391856132,0.21586658578996623,0.22606243236209325,0.23409400522249527,0.2341366415777725,0.2240997442010937,0.21567833589875013,0.2050976968944455,0.2394117376627496
95,96,Jamaica,0.24114603178059538,0.20956468959669206,0.1602066776738611,0.16874314571862775,0.25055006227377,0.25712554085528555,0.23410154980558923,0.23312338878326758,0.1868160762448458,0.19340491952242608,0.19617933900178008,0.21934081440010172,0.22708557757826378,0.2457308082082393,0.2750130858450031,0.2789820036050281,0.235862104916159,0.24794489686608964,0.25362805643349
96,97,Jordan,-0.2525520778411465,-0.20102433471718079,-0.17433249749533306,-0.16305615896886771,-0.22732778492273606,-0.21457469887772362,-0.23378426552206766,-0.2487513389785629,-0.2534244179082487,-0.2524384455363114,-0.23287239131531529,-0.25578312445999873,-0.2389421479023167,-0.24393246373558897,-0.2254466250769863,-0.22858713246875342,-0.22948451208415221,-0.220210638203825,-0.23694053365593237
97,98,Japan,0.22910828056099472,0.2444953937161834,0.23566298577912986,0.22725775310821406,0.21547936501833767,0.2190528219423117,0.2142905190493602,0.23059492694633155,0.23503300523916382,0.2419049352736422,0.24871669408987943,0.25060286659543296,0.2339961488060142,0.22314644356768226,0.22214333416901327,0.22667607107631113,0.22233597629524088,0.21032759146378716,0.2228649984153403
98,99,Kazakhstan,-0.2127674595926005,-0.21655667947576843,-0.22386048291480518,-0.20464731421356694,-0.23598077947023427,-0.2308139559604408,-0.2166667326415393,-0.21336170885255273,-0.22460053961355234,-0.22244097679360872,-0.2334207546042388,-0.24648870492379676,-0.23484813517842223,-0.23085417951759157,-0.2391346752440851,-0.24739045984934507,-0.24028777419605835,-0.24402371737478404,-0.23477996086022015
99,100,Kenya,-0.5354224152736917,-0.20262152453812346,-0.16675407225520616,-0.19295546068089595,-0.10272367272590925,-0.1962443680581977,-0.222667552752036,-0.26155154936639596,-0.17253706322535214,-0.21240388258942483,-0.22681276024480376,-0.16727576967737265,-0.11470117616907119,-0.11533732408254814,-0.0900699707433094,-0.15830019012016955,-0.3005220238607069,-0.2470545027915877,-0.2736510307752094
100,101,Kyrgyz Republic,-0.30526763571425347,-0.30900102330330487,-0.30548409722132797,-0.26682516511693244,-0.22820355828730912,-0.2894281007721471,-0.32821825370570523,-0.30659916068673854,-0.2808828168864482,-0.2053270891134289,-0.1837146978000617,-0.16181793197367667,-0.13903766094555187,-0.12150023813833871,-0.12585646325169703,-0.12953121987625066,-0.10741526885495464,-0.13653942099324015,-0.17707217865373473
101,102,Cambodia,-0.164950458759665,-0.20052588401189078,-0.19403357807681976,-0.22667903430771189,-0.207585428528344,-0.20677014342535233,-0.2163851103013386,-0.20352480723037547,-0.20660380072132264,-0.20368219863839582,-0.2142328548452966,-0.2185660656841997,-0.2468231955295448,-0.25013490943587785,-0.2462873927310318,-0.25727892018767073,-0.2755458591716434,-0.27188910866246196,-0.3023758150994067
102,103,Kiribati,0.28999996092367747,0.25899056358371303,0.10942133602306604,0.006637283902977358,0.18674301268750967,0.17081672288613642,0.1990088687085356,0.1689013711474646,0.1690358680342146,0.22268587063627474,0.2060706846730467,0.2143680262708735,0.24999788798672667,0.26043078390119007,0.267338361335,0.2787386295166104,0.29604058683824797,0.28353402547168444,0.30086988450799423
103,104,St. Kitts and Nevis,0.22897071941385388,0.2008309470539155,0.09120901478229537,0.26864308134110515,0.26205301479563736,0.26076441614505386,0.24279609288405568,0.24817749659223837,0.2629192953098299,0.2536053883667488,0.2536127554750051,0.2535923211601352,0.25304957500229475,0.19114397942818148,0.22703518648685095,0.224566828799621,0.19251981378217908,0.18425394520660465,0.1841461138647824
104,105,"Korea, Rep.",0.23742619337466797,0.23029530120700636,0.23198212994453818,0.2374158495061099,0.21988961617220396,0.2228146724046346,0.20925057725865007,0.22532760613822642,0.23597548953388692,0.23146886528873592,0.23104742381840782,0.22475273378088456,0.2166074402502581,0.20093535959004313,0.20430024850130207,0.2411330752539002,0.25054073829925205,0.23928378135149497,0.2597899408701264
105,106,Kuwait,-0.14636587949812851,-0.16046115372055517,-0.12260755503331135,-0.19560170366448879,-0.23534386455524078,-0.22054829277128984,-0.2198155042577748,-0.19605470831052438,-0.21215108760727064,-0.22596124920497118,-0.2601055626639947,-0.2660231355305296,-0.2659601549245176,-0.2684701683719161,-0.25439851187674367,-0.24555918864540793,-0.24691778062309902,-0.26505908859731375,-0.27424181527076985
106,107,Lao PDR,-0.23243198096573586,-0.23731930375392812,-0.2073218398093424,-0.2212791453229482,-0.23161486971145653,-0.22970590788452486,-0.22850815790867487,-0.22714904120754909,-0.22413763249392143,-0.22436028256326646,-0.2196906542749949,-0.22047677330248802,-0.23167376290950287,-0.2343860687496124,-0.23513718010499754,-0.23410546560632362,-0.23427180383532925,-0.2427993190189965,-0.23978486685276337
107,108,Lebanon,-0.3307341596604386,-0.2451078261453438,-0.20662453185672233,-0.14028973040311393,-0.1932666794172221,-0.23328173147875145,-0.2106953404296952,-0.1773155253075383,-0.16536025198558443,-0.19473081326483319,-0.1925841924632828,-0.20214164277812513,-0.20978576442085572,-0.23087126431490754,-0.2593825584536307,-0.28756314095416746,-0.25942664937192783,-0.25728020707611965,-0.2767014235592378
108,109,Liberia,-0.5115116362550511,-0.5824415776233296,-0.5202369200660187,-0.1683707245450551,-0.0675283274872489,-0.05748498469822277,-0.07449494483923896,-0.06581571095053267,-0.08514827503050407,-0.10326055218452276,-0.12350807635967631,-0.1560174367438269,-0.11136018849846875,-0.09282909834576675,-0.042872339573118,0.01810350624044887,-0.011213295625352481,-0.029259827691906583,-0.02649639118442643
109,110,Libya,-0.258337556956122,-0.24879040457004406,-0.2542477966775864,-0.2631995594401855,-0.2808304702978558,-0.2763366082005773,-0.2749683348061196,-0.27054761117045717,-0.27481586171127714,-0.22581246774601002,-0.12756974412021965,-0.13760518690741522,-0.15749542115694623,-0.1897717686876948,-0.20229956663416912,-0.20422439805891074,-0.21764186157207183,-0.2092097668262231,-0.19262919991455543
110,111,St. Lucia,0.23553955771847593,0.23401537768316694,0.13099580466304156,0.25720471188814686,0.2546508520075836,0.25213958322116925,0.26129210604193104,0.2593840199263905,0.2570455878900786,0.2481657398300619,0.23762975835687267,0.23774919693687221,0.24109526136395712,0.21866229503382095,0.2165320521399427,0.2107564474383461,0.17985419998089505,0.19245540347353102,0.18758009956638133
111,112,Liechtenstein,0.22164554698999267,0.2302739053201994,0.239207781060547,0.2523979095979832,0.2050515472517648,0.2137488085058211,0.21695669222215835,0.2545843845397659,0.2613947581729811,0.2576140906753069,0.24807198807082265,0.24493310545862004,0.22991099171558269,0.22857909760847742,0.20595684802155337,0.21069744379945937,0.2117542563847029,0.2025571593008921,0.20806599617105134
112,113,Sri Lanka,-0.054823969989553106,-0.0572408249002804,-0.10162462250316584,-0.128034915238829,-0.1920306459769757,-0.2694821525761689,-0.28782072901672834,-0.2973801508370806,-0.3128054246622577,-0.3374621412720884,-0.3561763759510608,-0.36787578947899524,-0.4130827222029656,-0.1833449861401105,-0.05018135062595821,-0.038311927711797214,-0.009578470321485219,-0.05477408119530443,-0.0311835732270523
113,114,Lesotho,0.08819173344821311,-0.0022664888600970137,-0.34925699198034615,-0.47908025733353626,0.4154035890583017,0.030787156557543473,-0.15124319429523983,-0.19054593594313612,-0.23187658384867596,-0.20382255621220557,0.1651966227688932,0.27467060084520656,0.3700196469935875,0.2620301547645666,-0.029467897417163817,-0.020411033795350097,0.003253089961555428,-0.047661131545415424,-0.029030522345143642
114,115,Lithuania,0.2241356368180101,0.22800913494794903,0.21858776207091815,0.2234521677749239,0.21333505725034835,0.21959285752571286,0.21045404640648238,0.22346504168959064,0.2268014525011204,0.21314639239309685,0.2302331922885693,0.23283645432897074,0.2381855215819124,0.24123520728250386,0.2477018248159457,0.24435354401887438,0.22086482096389234,0.24678730443738814,0.24967156328724727
115,116,Luxembourg,0.20803256918722346,0.22646773307167428,0.24643666740047226,0.23367972424554534,0.22855139558901438,0.22714781222942224,0.22831178302817817,0.2297153311687578,0.23263356104816824,0.2370213571096503,0.24372209146873994,0.24094433262613218,0.22966084735430745,0.22849664763196054,0.22161830378594563,0.2248111715354823,0.22612487597169,0.22061870012490026,0.22181871758434923
116,117,Latvia,0.23801910871108528,0.2179111955469791,0.19902700759336342,0.22211850452512535,0.24055305847302677,0.2355005689726899,0.22182678092553046,0.241472511921892,0.22565017710827362,0.20932295234736797,0.22032933305503835,0.21888261972360618,0.24133690371468478,0.24051106192534027,0.2393764269718575,0.2265623827658445,0.2222893864455708,0.24351420456903564,0.24789056658571187
117,118,Kosovo,-0.33585010927286496,-0.2768681778188337,-0.31106981036717607,-0.3206502475055897,-0.434938206442219,-0.2690172246725361,-0.2701566325163759,-0.10059797035739361,-0.15582406764080514,-0.20325665298919499,-0.192654448633947,-0.2156153845690258,-0.1733046565955873,-0.12984575866835918,-0.12805103993378825,-0.09941869683760957,-0.12442457838072815,-0.09935370584345352,-0.13635723793176235
118,119,"Macao SAR, China",0.2824243529514734,0.4519248705298718,0.08068541006975363,0.25196346090187266,0.19544162011252428,0.03888278416333201,0.05171822329967044,0.3684484459695528,0.3910029751528572,0.3771926936822805,-0.15135923867686302,-0.16656352514223435,-0.20569907917823915,-0.04191172684813512,-0.038159367094848684,-0.0339390910887694,-0.047037424060562744,-0.20218416541533027,-0.179688632019721
119,120,Morocco,-0.16043841488162122,-0.25929883421815486,-0.17505747644436342,-0.23664932889065465,-0.2453844525356497,-0.24366746956845978,-0.26117826112493425,-0.2568355082877765,-0.24060893327735167,-0.2445198640155253,-0.20860096956686935,-0.24060158398752807,-0.23713534686990104,-0.21713608167345705,-0.21498395095099376,-0.23105387112722092,-0.2346054256987762,-0.21659578569897792,-0.20636105794137521
120,121,Monaco,0.2810717788013749,0.2450119616505908,0.23883252010912817,0.23765032902121738,0.23892550005284696,0.24025641919778115,0.24976494431925902,0.2455157792849625,0.2634579194532096,0.20625644655024952,0.20492465370653637,0.21082697945464357,0.255602861606518,0.26157885395691943,0.21521820484475773,0.215100715351087,0.16229592462359538,0.16921676855505824,0.17397802837005166
121,122,Moldova,-0.42827432473609983,-0.3951103538585638,-0.47096347299864927,-0.4407820975805216,-0.21483167633257294,-0.23508994402187539,-0.24712903322703603,-0.238524535796373,-0.044451321303562885,0.039826507930657236,-0.02769586022092217,-0.05738098854425387,0.009300702455290603,0.02301312073422193,-0.007299688340800577,-0.013417208035788537,-0.09389626442567724,-0.08044806136356115,-0.03503276237354948
122,123,Madagascar,-0.07181244167449426,0.020849454069441914,0.002509775023201495,-0.05793797536221441,-0.05160212043507956,-0.06508337401606337,-0.15264156426333508,-0.3891604587479537,-0.39566846977406633,-0.4115393568480213,-0.41337612559746656,-0.35725588738808,-0.23407315648641036,-0.1781962772347297,-0.14810880840866847,-0.16150483474807323,-0.15342863131877768,-0.10959171612641316,-0.1218875920470318
123,124,Maldives,-0.2831567224670809,-0.33708236789991197,-0.40296242034829605,-0.33046685505769896,-0.33927002999221884,-0.31277728284640793,-0.1015930913407091,-0.016342749767656584,-0.02114371401863972,-0.05282787941723368,-0.15805674683489868,-0.15501416614513577,-0.1255280982974057,-0.17466588599305694,-0.24720097184521406,-0.24995898841013098,-0.22972200844545246,-0.15625629980721617,-0.10861849432050827
124,125,Mexico,0.4600658399757627,0.46125395360493704,0.42521178612358196,0.26332870888948173,0.20005619026162355,0.16206511188496545,0.17938661477907838,0.26594427451830144,0.23731838711710873,0.16178971724147906,0.1498952777698936,0.1441078893509119,0.00044070900256866643,-0.10017425180891533,-0.08974335032669788,-0.10345825517376499,-0.02244977471797344,0.010395869197452966,-0.03327789449028195
125,126,Marshall Islands,0.24397839390161405,0.24162828091519,0.2373714032434443,0.23561039301161094,0.23128298211748805,0.23017789060316868,0.23598441560773897,0.2248427709216917,0.220917558029749,0.22436880850292149,0.21912967461651575,0.23575432435059107,0.22937183722198132,0.23413686662874947,0.23664244156150388,0.2363246513934189,0.18458706481857715,0.22424464730180194,0.22612804297387049
126,127,North Macedonia,-0.2655448447614814,-0.03506718263431968,-0.2584986926939433,-0.16273686312977165,0.27861136849455936,0.44374134083276245,0.31393074524645564,0.26964923300107113,0.1844089775117946,-0.06333764403041171,-0.045702487679593916,-0.092292537575758,-0.22688849122539345,-0.29171818545157174,-0.3768198881734881,-0.22282473079167084,-0.0534595008815698,-0.029711093518728037,0.09257360432154825
127,128,Mali,0.20521102005057862,0.24566348793083426,0.18186516208665462,0.18118557015675668,0.217341161033641,0.1647113897448589,0.1479913570864331,0.05087321323161058,0.11554214917384482,0.12269814068718518,-0.3621244931334699,-0.20791329308884024,-0.11773577365670426,-0.14448675656126345,-0.13323553980967584,-0.1548775612317567,-0.24422052025632604,-0.3241091825190545,-0.5374420491947256
128,129,Malta,0.22435423036777138,0.25830401522934987,0.2637003135665709,0.23702254485835564,0.23124576267302083,0.23870924590156367,0.2400734230496864,0.22143692799865283,0.2242207232456223,0.21963616195108224,0.2238702155249341,0.2221767589755429,0.22750174664752007,0.23106226480513373,0.2298218622702554,0.22497390493472766,0.2094379124204282,0.20778780561070084,0.21560813986573638
129,130,Myanmar,-0.2674667988742892,-0.2766527433296906,-0.2820606232762988,-0.28784795076778535,-0.29675972480877705,-0.2941314715837996,-0.293398967059702,-0.28869267063829374,-0.2747191670953238,-0.24578157919735166,-0.21528343129557073,-0.19422271441604813,-0.17859094558176913,-0.1619790824627479,-0.10587035585256604,-0.1148935294451722,-0.12028003239997058,-0.11390827902050149,-0.12478803524340451
130,131,Mongolia,0.3399072709568355,0.292499832584734,0.2448904906505611,0.062482926654767595,0.22818404199563802,0.2823557852503244,0.24142725545251126,0.11287938124183036,0.07951233398160648,0.046776596851274,0.058829884702891945,0.09789753443881477,0.21695602156515365,0.24284167827109684,0.2990100174667809,0.26354978054881245,0.2125176644619863,0.2908902273969255,0.34053825975479796
131,132,Montenegro,0.017221958075177658,0.11892147353239046,0.15793863009727346,0.18581085174748865,0.3642951281699419,0.35899958814765426,0.3270319865163633,0.33530343263108,0.26312109651583165,0.2881916846609498,0.3020756934255582,0.2471571160697168,0.22224217824707238,0.199674596017559,0.10545546902795497,0.1721985442027201,0.07528060897579335,0.034356335731681856,0.06012546279664582
132,133,Mozambique,-0.1717118499675093,-0.02444235923397615,-0.02661422025048506,0.006535885272727637,-0.06773482991955208,-0.0641311834756926,-0.057038875907075244,-0.0895830921369815,-0.09460782555957804,-0.15644829373169078,-0.15499034858923968,-0.20098218610463836,-0.1934495084830164,-0.21225614552896155,-0.3266944284889507,-0.3308366341057287,-0.38699436095585726,-0.4266477160065061,-0.4699938512787574
133,134,Mauritania,-0.20778616080176232,-0.2001257649407678,-0.2961459436976177,-0.2389126025325903,-0.22298290630974968,-0.17439507609698818,-0.24673944903591696,-0.24199517669273557,-0.23799741262445875,-0.24279552517447203,-0.23842958520326157,-0.25112523390515434,-0.23444558151239012,-0.23249564866658406,-0.20268608441424385,-0.20976057214206834,-0.2285823970296048,-0.20949274402538276,-0.216040936320792
134,135,Martinique,0.26535261693598167,0.2843323261700007,0.30707054917198534,0.2561920724701632,0.21474086021984137,0.20254147220379,0.20561399122338503,0.2051111695581906,0.2140009800530665,0.21917325676902707,0.2252234060636393,0.22008970561299804,0.21297351651210655,0.21519943469868089,0.20586431104545383,0.20047977735602426,0.21179436166771365,0.22553586097730674,0.23317285883141145
135,136,Mauritius,0.21761494857679264,0.23511400030174648,0.2318449302344821,0.22982782380041092,0.2508928212625425,0.2445558111458383,0.2383914590105782,0.22708306027944714,0.21791693967323117,0.21958772679708943,0.24307751867348457,0.25627615797121284,0.2593031746084556,0.22799857359250644,0.22574849319928722,0.21763896311931988,0.20106805701472777,0.20810175203779085,0.19463885408236217
136,137,Malawi,-0.4750258477722012,-0.3488895869367687,-0.4417827020070592,-0.4302214225284337,-0.20554872669711066,-0.2133901347864702,-0.20093852229006978,-0.1211974211740776,-0.15557316405903232,-0.19993221035608175,-0.1678876509705943,-0.1456228309982501,-0.05230629698327542,-0.00336645791748171,-0.024503677990625125,-0.02500450169372179,-0.06747579052739265,-0.08572001818710007,0.008445548655258176
137,138,Malaysia,-0.2830400377346703,-0.2627960964868663,-0.13534826691060292,-0.08427727530018467,-0.3118752128137423,-0.3006148260593301,-0.3233850652670307,-0.2893360947288994,-0.28706999199135225,-0.27267292231249324,-0.1989826235470628,-0.19504363922145676,-0.20687891966181657,-0.22477990603504094,-0.23941305945527028,-0.22902970429182326,-0.06155472856763651,-0.02813322124672927,-0.08603287004886413
138,139,Namibia,0.13143519776734394,0.09730817817220883,0.14325458872046626,0.1730908613845821,0.2511020476062561,0.23463411879744256,0.23522950155331002,0.19604980555167528,0.182492215367851,0.17776040415235309,0.19742922658019382,0.20883040056068147,0.28814970616261554,0.3017757216743912,0.3037434357179128,0.28709893193760483,0.23876813736708566,0.268657925136589,0.2922962717078681
139,140,Niger,-0.11367079417109047,-0.08687010503262091,-0.10591884897962087,-0.1578723641822141,-0.18069483801733335,-0.20492947910374265,-0.2460246926549122,-0.41082291347227395,-0.37133263831440616,-0.13736666994792066,-0.15846650681030455,-0.1705268820480019,-0.10832575049969605,-0.11368970127354562,-0.23482566494037868,-0.2395241504183859,-0.336395930132709,-0.3220132914878135,-0.2728765778132368
140,141,Nigeria,-0.22488302528921736,-0.23479591306170278,-0.2824956295093441,-0.3080880184936292,-0.22099322240482466,-0.26961761817360047,-0.26081185187924505,-0.30096852661525547,-0.2755179408133452,-0.2529432968415157,-0.24826630666348942,-0.24571646988664658,-0.20817899080148147,-0.1321119915151113,-0.1132315106421551,-0.12051987721953916,-0.15263696664137263,-0.15400825202109522,-0.20586814838968703
141,142,Nicaragua,-0.021490144969429067,0.062030636957156146,-0.006008444689039213,-0.09768602169188044,-0.07625113199623337,-0.08520106868513275,-0.14427248297964917,-0.17234103377596624,-0.18738124833568126,-0.22626323589618685,-0.21041755445238106,-0.17954496402752393,-0.15524752757185203,-0.16271320825357555,-0.266790578686722,-0.2815808635017091,-0.4331156201753843,-0.4308539056441229,-0.4306238991911717
142,143,Niue,0.06620487532638822,0.0703508472048928,-0.0995512795387132,-0.02795085101238838,0.0036006604148400723,-0.019762398112138462,-0.0018060911579910555,-0.14132671689263904,-0.13080346460857797,-0.14905699788425653,-0.17451243222678875,-0.1698576400754455,0.16295316135619542,0.17318252044377994,0.20320248357932225,0.20005956449758605,0.5551815311669885,0.4851382123912266,0.4236928003203536
143,144,Netherlands,0.21937662769281532,0.22794332951726837,0.2532956740169212,0.24872898867780477,0.22988806796956585,0.22744146095546963,0.2214177212071217,0.21862623639627513,0.21656314530962908,0.22947402952062448,0.23970638894636798,0.2339416723920502,0.23100626009940353,0.2330743700496409,0.2299643653745964,0.223341583322564,0.2220894124511685,0.22176384482107442,0.22757026065693786
144,145,Norway,0.20858051998656085,0.21448112912755837,0.23902017217482166,0.23009785808154642,0.21629512182662425,0.21737158645146484,0.21711689917465357,0.2172347545290981,0.2237156119430374,0.22810135594155131,0.24237982723056928,0.24375597115361386,0.23620232739231817,0.23673760036330765,0.23350641750837525,0.2376457670738581,0.23790195910054884,0.23214961798100117,0.24182646382213988
145,146,Nepal,-0.29546660967665656,-0.3405713722013149,-0.42009587063599546,-0.4245337958185517,-0.33642538558691343,-0.21676618513234794,-0.1836585068911984,-0.163260670213215,-0.16565094344187312,-0.16477884564600767,-0.23779326405103002,-0.19567041867964224,-0.1593444878605738,-0.1537862255305491,-0.09305807188475555,-0.07536252591652014,-0.05024772784423784,-0.05593676788520379,-0.03143618320793707
146,147,Nauru,0.2384392634415636,0.28109448733669956,0.2702895340610631,0.26851758746390286,0.2685241374318241,0.2663973207836425,0.2727982619122374,0.2739945624753988,0.26882892126025204,0.2760282974693536,0.27612023738605346,0.2659857244049304,0.20350368751943684,0.13783261246778386,0.12801753060574075,0.1281696821541598,0.11013103294071194,0.11863433349781746,0.1073682309324836
147,148,New Zealand,0.2214416402574594,0.23753251525253613,0.2438852913179038,0.24025966833658077,0.22119409455732603,0.21803438719362334,0.21809947433742818,0.2181132972217924,0.22239496203302114,0.23295339463198342,0.2386546661500985,0.23693682983374575,0.2248892364469054,0.2293817442105997,0.22619643109672635,0.22994077964082307,0.2344929227745896,0.22648620166372646,0.23536559347166244
148,149,Oman,-0.17627546169594885,-0.18404125920742911,-0.14692169264663021,-0.20576538109052397,-0.25943062202612627,-0.2377661667748929,-0.23957451648744468,-0.2403115340876281,-0.23377039619555867,-0.23728061855566474,-0.22859460261210926,-0.23239206232515228,-0.24404108533186358,-0.23749450622705587,-0.23589700350818715,-0.23753414172770207,-0.23365138300317376,-0.2582643354169215,-0.25614951739856084
149,150,Pakistan,-0.2878176440820292,-0.3038455567404506,-0.29641450503768846,-0.2533731504143064,-0.23006479269404545,-0.24651850633828568,-0.2175887897776168,-0.22209431985575812,-0.20727200283894423,-0.21520009048864103,-0.21893280245116115,-0.20748723915794082,-0.18582562335966188,-0.18739393721370426,-0.18151336355387554,-0.17995634210409273,-0.2125756429244383,-0.22391239694154672,-0.2277014007658485
150,151,Panama,0.2612292345075373,0.2044657829317402,0.2176428284984179,0.187053172697684,0.2536793522394969,0.26200576768402284,0.2533290425687891,0.24935291720331718,0.22655244821031553,0.22547278757121025,0.1979669302239492,0.17892789121054703,0.2132465627887863,0.23554685512939566,0.22099138273595537,0.21908707664211158,0.2315950121363336,0.25318324778620416,0.2436024944708173
151,152,Palau,0.2126554332341152,0.23821733558338515,0.2325312277260119,0.23237425056888328,0.23182450580259015,0.23089451820031212,0.23678631066604944,0.23515746391462114,0.23211104478000832,0.23468848074128612,0.2345690779036825,0.23460679138735444,0.22896417232572674,0.23365200937299246,0.2360842971295827,0.23575923287763947,0.21651271546169623,0.2072933227035628,0.21056678814301136
152,153,Peru,0.29098256567800707,0.1026541907642965,-0.17559086828354944,-0.018037198805787788,0.11999541018119302,0.14142991438697472,0.19856960000645194,0.10897352821534947,0.14504249946618025,0.17129680814708717,0.14913847798611635,0.11066325610786629,0.2512998423886719,0.2967829952269632,0.3510950314911053,0.3582183066532968,0.27084298758420733,0.3475265866474256,0.3257426656532207
153,154,Philippines,0.38084309260762644,0.3558493704117543,0.05912350570785339,-0.01678606340131117,-0.2108766659945078,-0.25576020808332023,-0.32103229505054953,-0.06420356726366795,-0.0903397964997905,-0.04604882540319856,-0.06868628278246758,0.0146853701440445,0.3685331995091549,0.34030499642856643,0.3781612757523073,0.194750736375145,0.03151626746662737,0.015072465528609282,-0.24185246777496192
154,155,Papua New Guinea,-0.25074040317876684,-0.32377719086334883,-0.6608219835656458,-0.478641097416489,0.019111080523599416,0.10319422365634795,0.01606558662280266,-0.01639258345692542,-0.04761577155645779,-0.0605552436369074,-0.09217861984265298,-0.0069604767583571325,0.019525178907695957,0.06980069668712957,0.24710746910694598,0.20725846351503435,0.08852435193335124,0.14558658056380658,0.04680155042716966
155,156,Poland,0.26601932720993965,0.24762405988486247,0.24860980122117007,0.2309402113990428,0.19649873444332638,0.21507668196252275,0.23316796816190102,0.2511150837875917,0.2537411717037971,0.2512997900366842,0.2602618328608312,0.24408849192458837,0.270254481749404,0.2542651474173698,0.20644151905805475,0.18976054203144166,0.17136096022958752,0.16461492596463975,0.1511633639582794
156,157,Puerto Rico,0.2885167728731503,0.2746724075357542,0.24847965651259382,0.2784750022365082,0.32525281610961243,0.32001187228313605,0.32800473322235896,0.24443003255756338,0.2390505544668871,0.20526446315034888,0.1954140462599139,0.19401495049240106,0.22153515862933265,0.11515145181989743,0.11702772494191474,0.1403929421622847,0.13213726732474226,0.13397625910654684,0.14223983901622722
157,158,"Korea, Dem. Rep.",-0.22201748078253605,-0.2276188803971273,-0.2149998449522739,-0.22485969318365218,-0.24047767275697562,-0.2326026469665926,-0.23142854689517292,-0.2360180801333568,-0.23154656657981196,-0.23302728982182275,-0.23285618358437088,-0.23406579860918977,-0.22799792135825142,-0.2288939490101725,-0.22663997625939544,-0.22902128734273852,-0.2299439078383419,-0.22947301871441375,-0.22419977925192383
158,159,Portugal,0.2467943361719753,0.266664815042656,0.27713239569669024,0.27058560227314693,0.23319535780992004,0.23296056838277177,0.2273690122818373,0.2134412700864378,0.20946103564338633,0.20959488207986018,0.1945773344596746,0.20184306479110387,0.20951175521131007,0.21352710320138554,0.21900804148077135,0.2266766642448173,0.22090902171153642,0.22634009740102418,0.23830145841102102
159,160,Paraguay,-0.47081481487660704,-0.4130455747511662,-0.489638319870074,-0.40836863917475624,-0.26505344774041756,-0.1701877237702798,-0.11940556896550081,-0.13884383071338668,-0.08143491540564358,-0.08593032032895333,-0.11734238730870993,-0.10826558561689133,-0.10608755599736398,-0.07214059362484068,-0.0651177955918529,-0.04508727625204799,0.025196604157946088,0.05544951651480945,0.050157374508200306
160,161,Qatar,-0.15766598410099394,-0.15591537494293015,-0.0975246312168113,-0.11656797016844762,-0.19639397105707268,-0.23599964912885535,-0.23152515653705275,-0.22764504003041322,-0.22960570497998312,-0.24611602258510235,-0.2091064637260144,-0.2219447329622293,-0.25712145870006503,-0.2596923739220681,-0.26111050404200375,-0.26687691749993175,-0.2746227636859051,-0.2966911291392249,-0.2921752879403791
161,162,RÃ©union,0.21428915691170836,0.22305557501803858,0.2216655382339031,0.2580058998366958,0.23023127935208035,0.22064112518654064,0.2185590137259903,0.21774275481417557,0.22240676254634595,0.22692166587298673,0.23008612182787194,0.225524294467727,0.2348611465608094,0.23432983055339035,0.23532367719761937,0.23830006425746708,0.23389584902481705,0.23256517991391396,0.23657464123291747
162,163,Romania,0.19252298365467946,0.14918321223510506,0.1833592032465216,0.20387191517383663,0.25824883787183855,0.24878798734249294,0.2563431493146988,0.23148722258752932,0.2154496261986175,0.18753276133434077,0.15881104490929773,0.15531797100794703,0.21346313599494995,0.24238293383776766,0.2696885858057763,0.29844618600727496,0.26141504994525466,0.25742004893472864,0.293182845800798
163,164,Russian Federation,-0.10988777899016645,-0.13241287677107683,-0.1413149836052172,-0.16106609245732703,-0.22758124875168317,-0.22655534247117445,-0.21532887366471462,-0.22248104116664094,-0.21978059755097895,-0.21844394721848368,-0.24198550576883823,-0.2527048198884042,-0.2581998675186371,-0.2689136115864354,-0.27977141074965534,-0.2694303001979154,-0.2656481171638,-0.2763394041974942,-0.26509924603100504
164,165,Rwanda,-0.279551979378998,-0.24219606463505958,-0.2500606165689207,-0.2213551301435466,-0.2264866667728798,-0.23091605544912866,-0.2431205900004614,-0.23943894703002916,-0.2459521353327013,-0.24625201125112292,-0.23677605152549058,-0.2244423675252795,-0.20611189419050055,-0.21042757568006057,-0.21389008875254092,-0.2076524310565078,-0.21230424132894504,-0.2034444919313309,-0.2023446891578876
165,166,Samoa,0.26643329904934027,0.2645618178260512,0.23991901883857691,0.22381951520036542,0.2238930018608463,0.21367125862437325,0.20231715085263519,0.18957046039659525,0.15252256877428028,0.1412658465299576,0.12292946966217592,0.14135925414697637,0.233601866828999,0.2584698992903924,0.2719997565580038,0.27275484769672476,0.2712281884956932,0.27354867112088466,0.2867906742303893
166,167,Saudi Arabia,-0.22564983140771866,-0.21788715423275976,-0.17541273948646707,-0.20358219549592388,-0.23606772522630828,-0.2259540456916154,-0.22924389775198553,-0.2414734130639863,-0.23694146062233198,-0.2527283621681408,-0.24722149598959922,-0.24864845022643314,-0.24939140412612262,-0.24418080645388981,-0.2289083110738721,-0.22411199961045905,-0.2247395580722088,-0.21992290036320145,-0.21323633106276796
167,168,Sudan,-0.20671022971380856,-0.2219399709261923,-0.22319861495400692,-0.2301964726720244,-0.23294167911801597,-0.22087284476128152,-0.21985022941679092,-0.22591498835061366,-0.23110008383594866,-0.23722396169660814,-0.2376291251114751,-0.23783783743405884,-0.2325452486367116,-0.23881618143528316,-0.2456372571179629,-0.24630431274882295,-0.24789611739376352,-0.22235136074707293,-0.19251935636212203
168,169,Senegal,0.3648813704567327,0.2556146012053867,0.16562332889252918,0.05386479078157048,0.059164258440894894,-0.17417031924579723,-0.20464000521512005,-0.2579192901228474,-0.2566224348533602,-0.21105184048406306,-0.004015225217845882,0.05756414185051615,0.27960568099844363,0.2713317443791188,0.35433028167060343,0.3039991287061698,0.2041337603359685,0.225069317714682,0.23050919709376774
169,170,Singapore,0.06944087065152647,-0.0248998955552221,0.0918204257354307,0.15688796842941466,-0.45867146305651607,-0.4302611771205725,-0.39664890590993435,-0.27745946153901924,-0.2475426270335684,-0.1208622486694096,0.06289247610481262,0.0435561854945117,-0.11685564182135502,-0.19168179652018275,-0.1781281373542748,-0.2002406170886463,-0.09947547956094838,-0.24402454036385823,-0.2414347920753325
170,171,Solomon Islands,0.28528462416216016,0.23826098884418928,-0.2616328118255712,-0.07255225818201504,0.03332335443713334,0.04689506832795417,0.01509269039231195,0.10183957740345234,0.048684233555912435,-0.0031522730557838963,-0.02109307547013043,0.0011237076468798698,0.16740797165871796,0.21022367478887674,0.34537464223689524,0.3620212820828392,0.3866413432324093,0.36189522522073125,0.4103312258422885
171,172,Sierra Leone,-0.43572865622876805,-0.27228111974041436,-0.2442686340181818,-0.4169094331142797,-0.25635742991122656,-0.17155400012265173,-0.11120677632541145,-0.18947458888378915,-0.12393170271176258,-0.16002276022881623,-0.25175927765973255,-0.26898461786343764,-0.22542545012884074,-0.2127070521176691,-0.1555456754080714,-0.1524510383793902,-0.14837763645684696,-0.10600174257335067,-0.0751971655535422
172,173,El Salvador,0.271918314381578,0.2393043314573748,0.05486098414887821,-0.16701245633870865,0.21514189168596218,0.2104197628510407,0.24954954206721977,0.1283476325933952,0.15929065224613734,0.09785213403284415,-0.08948946308153022,-0.029148906383197865,0.33980105006288785,0.3393177644412739,0.4207363128532562,0.34388852438427586,0.049384718906035185,0.2652630264718309,0.16152653251643312
173,174,San Marino,0.2409015703221329,0.23387921263291006,0.2282588007041041,0.227874432167008,0.22677054207173236,0.22568701141397834,0.23138024837756344,0.23029736773605913,0.22704635789520486,0.23309721987020535,0.2347798565759668,0.2329861599510493,0.22703328792562327,0.23171533175404854,0.2320254359346693,0.23171384600262193,0.21670726907935775,0.22662992962810144,0.2189292799827934
174,175,Somalia,-0.18127358140220853,-0.21055896092851537,-0.21777413807570964,-0.21154022674071996,-0.2119298775567156,-0.22227999348334204,-0.22767250446899512,-0.2452485057011412,-0.2417727263856216,-0.24236684998652466,-0.26416020275157853,-0.2615154453294039,-0.2542523323302231,-0.24067587840398946,-0.22963679928413297,-0.21384159201746097,-0.22227468957627464,-0.22286118701890728,-0.2210327152293591
175,176,SÃ£o TomÃ© and Principe,0.4737444097152619,0.20854600677157553,0.09341542580051342,0.052611760922949065,0.23191248450220084,0.16288951272033014,0.15745251080918107,0.1329730364664483,0.10545160970302525,0.21144724723297117,0.1535136045729632,0.11509830630434612,0.27409384207070897,0.23879182050592798,0.3080857775772163,0.25429046722704723,0.11268911640806889,0.31600356669762536,0.3175850571143723
176,177,Suriname,0.27503296402034827,0.18120623848006573,0.06352979215940271,0.07203941909813034,0.2842806097463042,0.3090417065413821,0.336594176037358,0.24723344473957312,0.21314715028475323,0.21136731518411592,0.18944867399548843,0.1984455265071205,0.2872964557079193,0.22865755360594353,0.23082803048497144,0.23929106332080702,0.16028329985353182,0.2025092842780089,0.23261094646123537
177,178,Slovak Republic,0.24111253982118996,0.2300066774659607,0.2339623866556331,0.22221687019268724,0.22991248515338006,0.23394047222540912,0.23098159733626974,0.21637718229345937,0.22493038882510263,0.23851905751711971,0.24025684681404,0.2369316668518031,0.23694648742348556,0.23838880720987912,0.23739662365478004,0.22520615153773185,0.20672766554866895,0.21304623305207693,0.2180954266855193
178,179,Slovenia,0.2509331492901672,0.24971259044465816,0.24692175880266767,0.24246047147843058,0.23742700915708723,0.2359522885002097,0.22582889521562022,0.2342103605584595,0.2327707806496807,0.23460873703634827,0.2219251100384727,0.22239536892766695,0.21223658351161673,0.2190540077192552,0.2243992383343541,0.22346642082531543,0.21306822583213336,0.21731259577493608,0.20770754175551984
179,180,Sweden,0.219710946693463,0.22565935598835857,0.2534392707534477,0.230885882166552,0.21649559031784354,0.22005370958921425,0.2215153331232909,0.22528530807460223,0.22480262245812935,0.23503631489927368,0.2463152500407626,0.24161615695621,0.23476875069476993,0.22809649536977009,0.22800257083209885,0.2286681374422118,0.22853761238653228,0.22745389310935282,0.21894627901299357
180,181,Eswatini,-0.23530717435259993,-0.2568020282895801,-0.2458500138902442,-0.2508673223260962,-0.20999094769736742,-0.2268384370474401,-0.2214638683231153,-0.2134311134049332,-0.22241545544829572,-0.22075372897604992,-0.21509133945598866,-0.2117868118241217,-0.22412637573000319,-0.23383912224773565,-0.24044353620858352,-0.24361260581529362,-0.23038253192952687,-0.2253081074603247,-0.2234355618078833
181,182,Seychelles,0.14411628427943007,0.09620732177857824,0.4110799900853507,0.22184321757480102,0.1106896835630934,0.08150030108432844,-0.006524976999074409,0.05073058044924096,0.12926022361014558,0.02275806881926364,0.06463166075218199,0.02555696650830131,-0.06334584991494298,0.09983335485537424,0.20070398322119978,0.23857976635012715,0.2346991564738712,0.3985095879805538,0.6189756731544651
182,183,Syrian Arab Republic,-0.20705349493636305,-0.20678191287444309,-0.19207522721197257,-0.19238365380558378,-0.22422403510571207,-0.22729796085134749,-0.21995181813804696,-0.21593469975217097,-0.21642490081208732,-0.23040654144127873,-0.23524614594961507,-0.23405805806261062,-0.2395802976170686,-0.2452286418769838,-0.2534198518640319,-0.25122309360114226,-0.2513097231087993,-0.25432142523755935,-0.2464976265483898
183,184,Chad,-0.16051202612356763,-0.18831388576607164,-0.21000744775267602,-0.2231806751611685,-0.24207392001958092,-0.2476890601070798,-0.24676481690679677,-0.23868476380301337,-0.23215956082980024,-0.23040236147582638,-0.2291592341283851,-0.23461399628223273,-0.2271208495123296,-0.22785238691690674,-0.2325714816749895,-0.23404576646022715,-0.2505575322622586,-0.2448738302520878,-0.23957737086390465
184,185,Togo,-0.3279706230607135,-0.27992444482991774,-0.29186525125190027,-0.2896114648733104,-0.28330908059035187,-0.2530965423600371,-0.23425708279154486,-0.23196678640742355,-0.22568050947984808,-0.21422683752407906,-0.23605626025838478,-0.21440471076697049,-0.18177086966209693,-0.16611080423626054,-0.12926250185437002,-0.14805991274776034,-0.18102060600354372,-0.17285686138441952,-0.177712918188202
185,186,Thailand,0.11035176878855842,0.07490527220401834,0.04344623951277517,-0.03373733324639274,-0.2537080646544867,-0.19306349994866046,-0.1817936409767769,-0.1564678045396496,-0.17017713718417815,-0.1390675110977567,-0.11022289575907455,-0.1475602324890428,-0.3002426129860476,-0.33261632811577996,-0.35114505585719374,-0.3588368087133778,-0.3509287774751451,-0.29062990630884217,-0.2780785181384556
186,187,Tajikistan,-0.17403463678611764,-0.18000062479281675,-0.1913281534454065,-0.1981882540506818,-0.21162573168863227,-0.20226174259954258,-0.21221118277217058,-0.20852394564098492,-0.22401333845063556,-0.21615063373790253,-0.22265551515447923,-0.2354480337244022,-0.23409511811087996,-0.2456157631421136,-0.26445885726771445,-0.269441144142273,-0.26630149616281884,-0.2812608032667877,-0.2785901841961347
187,188,Turkmenistan,-0.20937402221085152,-0.21210761370367776,-0.21479111925934222,-0.2168629356123457,-0.22635453721369422,-0.2336600820848593,-0.2286293714935771,-0.22568216871083896,-0.2211070502423271,-0.234699626885377,-0.2438793960515358,-0.2401926473418391,-0.24482605514449615,-0.24248210563019956,-0.2352465544674557,-0.23406777153674968,-0.23344410666636925,-0.2368021769099073,-0.2199807173773632
188,189,Timor-Leste,0.28860997726116233,0.17818139205934197,-0.10071520023051987,-0.22635890013353274,0.06186443272319228,0.15997833606968384,0.2338826923534765,0.10532684821383603,0.06640724067816589,0.14305769943538768,0.10376269749175189,0.09813769123132914,0.16025420973496127,0.20049876915545306,0.23784126279550052,0.3696736322985943,0.33764047900511296,0.38489765391568026,0.4022809687215857
189,190,Tonga,-0.013096218926156925,0.033199872738889316,-0.10181751025666477,-0.029244958685549157,-0.013642482184310923,-0.09197530481473924,-0.016252604711412603,-0.025161076785123318,0.15708355320574696,0.17221753925866767,0.18036497053389275,0.245992367818848,0.356068752535231,0.35496290615620435,0.34481939402825124,0.3235201481388013,0.346529324659897,0.33959034967088964,0.34471726375602657
190,191,Trinidad and Tobago,0.2346729973942692,0.25417733092571904,0.23800805931538163,0.25392352201513885,0.25193237358544124,0.225965021518105,0.22100345474122007,0.22951923491832008,0.21673960327823844,0.21566144613104704,0.20753329105828902,0.1997365415028426,0.19593276497425105,0.19901526456618565,0.23132297649632233,0.22980821964076342,0.22258382374269636,0.24780379471825656,0.2672563395807316
191,192,Tunisia,-0.2634627972135521,-0.2529583190679417,-0.2380640211917079,-0.2609855499241979,-0.3565315861626219,-0.3787803777065806,-0.3709875766367672,-0.373128258854874,-0.38901296445439276,-0.10177557638246582,-0.047151962563653234,-0.023191752122572268,0.053002171146558565,0.06631307329957101,0.08343833866069976,0.04453573236870961,0.0505096846112392,0.07208891125127959,0.07755695572988355
192,193,TÃ¼rkiye,-0.11787154034482981,-0.01786068376095721,0.0070871618033265275,0.0001254870747881812,-0.034408141270008484,-0.02862611087042887,-0.022163687259797643,-0.02980792570429426,-0.04553184952874053,-0.07346524418043342,-0.11108764662071441,-0.13491895959425276,-0.18166647523097051,-0.1973968085392906,-0.32593225016900146,-0.3789060324329907,-0.4568761698550081,-0.44785436833935527,-0.4618017572200223
193,194,Tuvalu,0.29426451037614226,0.25908218804057853,0.11520219179070916,0.14681923581254763,0.1960152016866793,0.1867269923813444,0.20057748480090978,0.18558171446044153,0.18042595126145713,0.17899275872420525,0.16549823509297848,0.17809012038781538,0.26140115817632104,0.2672731673102946,0.270571163422575,0.2702593813956315,0.2783243896350499,0.29913092780861117,0.29468744506603156
194,195,"Taiwan, China",0.2467375474407425,0.23118347564251335,0.23907179241350743,0.23814091352849864,0.1797478179816053,0.18586156502028642,0.1827784894015797,0.21098774115714805,0.21239589269082662,0.21474319264741334,0.21709030985178135,0.22715447453945245,0.2252917268615833,0.2295739311637503,0.2578957278273787,0.25952995908502546,0.24156176093554738,0.24983442085196647,0.28103535688750414
195,196,Tanzania,-0.2723746143815939,-0.29152295243497217,-0.364009840725134,-0.2479410330673476,-0.13664033588374086,-0.09719294758232055,-0.11339021006988996,-0.1093500460037212,-0.08927815561594014,-0.0965203323798676,-0.12007652321979595,-0.13902319666618146,-0.13193802715374167,-0.15145531445836458,-0.15215025325578474,-0.18975535536928115,-0.26385818323282384,-0.35284068336788094,-0.49926272858561765
196,197,Uganda,-0.3489183557682166,-0.2634059160885054,-0.271642984669076,-0.22396824194684964,-0.16700885527162393,-0.1822631847218733,-0.19121419277655843,-0.19091065171911373,-0.1943773583531653,-0.19701504319922375,-0.18506885532654666,-0.2069790170005771,-0.21965610831633994,-0.21291410404727687,-0.2429340263081215,-0.22063905744860962,-0.2573091461017016,-0.24176230552640207,-0.2667864395020646
197,198,Ukraine,-0.4378307164676428,-0.4966700151937557,-0.5656127360293571,-0.2404933079618408,0.04184140420390531,0.054043870835649814,0.0764202233172614,0.049804588715517815,-0.07078637708088037,-0.11163094276626856,-0.23561992125732723,-0.26584000806511116,-0.11987176841917178,-0.07315097705587761,0.0015092505967683864,0.012555113458979162,-0.031846276018122455,0.020140672797708106,0.07691871008556207
198,199,Uruguay,0.22060865604749177,0.20767186464161025,0.17632649124924435,0.1853293797219076,0.21566317593632808,0.21876237273915106,0.22224027961317666,0.23137339566153278,0.2399000468036619,0.23464532296841256,0.22199384244637854,0.2270775817898867,0.23181169463875853,0.23924653933705062,0.24335019208187306,0.2442646535605355,0.24690726814288555,0.2567293855939231,0.27438112112775664
199,200,United States,0.2729150333728981,0.271628063427717,0.2695017610493115,0.26275719455838,0.22360277692691666,0.2252648671071145,0.23225868300402622,0.2227109378233681,0.23009906187675622,0.22874697882105263,0.23577425864656104,0.22388628875002728,0.21743767114605433,0.22527072268970308,0.22535608837306487,0.20480219499780355,0.19817649441376284,0.18344478019027188,0.1763795116678038
200,201,Uzbekistan,-0.21660330534289046,-0.2112509890719943,-0.21319715875395528,-0.23108025607807178,-0.24802704555959731,-0.25351488157310426,-0.2514204336554937,-0.2517158769696827,-0.24968804722377663,-0.25432808565624293,-0.24344808805577364,-0.23542092660397104,-0.22904690336034775,-0.23418076968388105,-0.22587860134074358,-0.21516621951291176,-0.19514460466659533,-0.1979039784316938,-0.18346537453185174
201,202,St. Vincent and the Grenadines,0.2342614125467514,0.24508191198597457,0.1553868043424179,0.24851231307489463,0.24305923959899464,0.23868156065520965,0.2446353720406279,0.23575806191461154,0.25943616233104594,0.23358665198429163,0.23236361095995184,0.23485928128183595,0.26424207883771256,0.2216687051422763,0.21859824181640272,0.21607500881571037,0.1933790589754239,0.205826806601049,0.20847495131634144
202,203,"Venezuela, RB",-0.10813162309030885,-0.10284634828853291,-0.1399441453663659,-0.14903429759499612,-0.1454919699304197,-0.17437753100927694,-0.17589470974173835,-0.19958674034849125,-0.2035607994761765,-0.21840910876853062,-0.21207924480639304,-0.22251146361283264,-0.2534201526700942,-0.25513191440089095,-0.26550088432498314,-0.2822598868813543,-0.33605837154778456,-0.33448601381020815,-0.3544930095451669
203,204,Virgin Islands (U.S.),0.24179592491334378,0.22414499616738642,0.20403269615950795,0.30923456305257135,0.20992337149564919,0.19969322901176584,0.20008429554057677,0.19945805846636266,0.20578333740931387,0.21033885970404265,0.2146389133296312,0.21007824458148278,0.23210823779924328,0.23396554009531484,0.2482915562593253,0.24310200528776602,0.23165697214991712,0.24601416271577628,0.2644516677306928
204,205,Vietnam,-0.23172565473575338,-0.23581442035095906,-0.21399031356315568,-0.2244045510490982,-0.24606161652359945,-0.24422198850010207,-0.23938604619437373,-0.2371348684907466,-0.2394266959010247,-0.233380166435677,-0.22712741406830164,-0.21854346203725658,-0.21987300488157976,-0.2173376224278028,-0.2196593269911381,-0.22569186167005018,-0.23614707299257276,-0.22481640579269038,-0.22045855513529541
205,206,Vanuatu,0.33803362332242226,0.3055401681031466,0.11542792714796303,0.08169001057241598,0.18939683510053432,0.1636973301376516,0.19953135566043922,0.21077315109832817,0.20694166303471168,0.17821985393392004,0.1650386151147439,0.18261309054354946,0.24662034085457937,0.24734281984316647,0.2770361095949751,0.2897463945435108,0.24966850108843205,0.28377967775672397,0.25443228787305777
206,207,West Bank and Gaza,-0.20665734798770471,-0.2182882866194319,-0.17513646154290927,-0.16770711159518906,-0.11151995854426679,-0.17397845065994147,-0.22123606332199586,-0.244753221526284,-0.21136082551764035,-0.2580870273602616,-0.2399519390748016,-0.23822014645706047,-0.22628581983441112,-0.2529935997419633,-0.28095227002632617,-0.2647714140159636,-0.23630253366619627,-0.26350925022232685,-0.2900975043780852
207,208,"Jersey, Channel Islands",0.22619182173592137,0.23108633365805673,0.24818176592214078,0.2520852099887018,0.23294105073266685,0.22450036308832536,0.22220737657589315,0.22569177484482797,0.2278060480102867,0.22604657293558086,0.22856808957591268,0.2264568250526578,0.22614411628285483,0.2256325204283502,0.2265894797822962,0.22945539622365493,0.22521464641768713,0.2239333659906917,0.2277940134414678
208,209,"Yemen, Rep.",-0.19253507016309135,-0.14793712672598935,-0.16002914871313986,-0.17403025010110146,-0.1968059803013605,-0.18442461762084933,-0.20241810871461446,-0.2107722987501927,-0.22069733374810618,-0.23104875619585086,-0.22461227212524792,-0.2210920410550832,-0.21568604108223507,-0.2525640989285334,-0.2802029385687636,-0.2803494814628772,-0.2921387634198883,-0.29525112500270123,-0.2926530568431536
209,210,Serbia,0.003655019223910942,-0.1293173468108844,-0.1889419719804322,-0.22210973433389447,0.23016361659539786,0.32765711133404,0.3023326597902049,0.3589469703885926,0.30653116699794775,0.2990279657855791,0.2135119997625243,0.3063946241972999,0.22819925857872017,0.24799355078031352,0.2145658005713674,0.12582787703691103,-0.023991705931473217,-0.04959884049382634,-0.12776077807433459
210,211,South Africa,0.23859277225814335,0.2531995904161354,0.258811617234011,0.2346831844595905,0.23562434520118142,0.2092824270258713,0.20815528428324584,0.20630296476384197,0.21771675064610052,0.21364818692454018,0.21050757187287836,0.21721531696269838,0.2315603076379497,0.23452944594836303,0.23444338428071537,0.22798089231289964,0.2271917889380143,0.2363708595815087,0.2531871327041644
211,212,"Congo, Dem. Rep.",-0.2586986222144837,-0.2499348506692584,-0.27275849363562593,-0.24456502354049459,-0.1978186880553357,-0.1947149967972317,-0.22306850944512283,-0.22652338230858207,-0.2264776476535552,-0.23870138859271178,-0.23804654190670485,-0.23442580188423245,-0.20684412620454062,-0.209620106721306,-0.2269740612174774,-0.23550979176390724,-0.24231044108289773,-0.21118801791727898,-0.20338582372095154
212,213,Zambia,-0.25439315448223004,-0.2943296819094573,-0.35647638823412287,-0.34533897709514316,-0.1663824115892206,-0.16609907364962648,-0.12927779275959997,-0.2410003996510424,-0.1950120990837944,-0.13675730452167734,-0.10658911413687001,-0.08509542926781603,-0.08781480983501297,-0.05339943216441352,-0.24123833416558318,-0.2692718939411194,-0.27494915160242783,-0.24847901458486582,-0.3439679538918468
213,214,Zimbabwe,-0.22474955946353992,-0.23593150296671234,-0.2561066721502995,-0.276113525285978,-0.25374382140278884,-0.2590646915874767,-0.2553572186629562,-0.2537382599968848,-0.24318318323186178,-0.24130075541759355,-0.24265345440670885,-0.22851783447238389,-0.2071978017372398,-0.19222907140769455,-0.19426869245806658,-0.19714437164530146,-0.18808936130001466,-0.1920011716753419,-0.18359562742081287
