Country Name,Country Code,Indicator Name,Indicator Code,1960,1961,1962,1963,1964,1965,1966,1967,1968,1969,1970,1971,1972,1973,1974,1975,1976,1977,1978,1979,1980,1981,1982,1983,1984,1985,1986,1987,1988,1989,1990,1991,1992,1993,1994,1995,1996,1997,1998,1999,2000,2001,2002,2003,2004,2005,2006,2007,2008,2009,2010,2011,2012,2013,2014,2015,2016,2017,2018,2019,2020,2021
Argentina,ARG,GDP (current US$),NY.GDP.MKTP.CD,,,24450604878,18272123664,25605249382,28344705967,28630474728,24256667553,26436857247,31256284544,31584210366,33293199095,34733000536,52544000117,72436777342,52438647922,51169499892,56781000101,58082870156,69252328952,76961923741,78676842367,84307486837,1.03979E+11,79092001998,88416668900,1.10934E+11,1.11106E+11,1.26207E+11,76636898036,1.41352E+11,1.8972E+11,2.28789E+11,2.36742E+11,2.5744E+11,2.58032E+11,2.7215E+11,2.92859E+11,2.98948E+11,2.83523E+11,2.84204E+11,2.68697E+11,97724004252,1.27587E+11,1.64658E+11,1.98737E+11,2.32557E+11,2.87531E+11,3.61558E+11,3.32976E+11,4.23627E+11,5.30163E+11,5.45982E+11,5.52025E+11,5.2632E+11,5.94749E+11,5.57531E+11,6.43629E+11,5.2482E+11,4.47755E+11,3.8554E+11,4.87227E+11
Australia,AUS,GDP (current US$),NY.GDP.MKTP.CD,18605666928,19681935267,19921603763,21538806137,23799977601,25974913204,27306529287,30441258820,32712509800,36681599283,41331616082,45214469705,52042056075,63832158873,88963890936,97304383449,1.05066E+11,1.10351E+11,1.18495E+11,1.34898E+11,1.49984E+11,1.76892E+11,1.94037E+11,1.77267E+11,1.93519E+11,1.80634E+11,1.82472E+11,1.89488E+11,2.36154E+11,2.99878E+11,3.11434E+11,3.25987E+11,3.25532E+11,3.12138E+11,3.22809E+11,3.68141E+11,4.01311E+11,4.35614E+11,3.99661E+11,3.8939E+11,4.15851E+11,3.79358E+11,3.95581E+11,4.67498E+11,6.14326E+11,6.95329E+11,7.47907E+11,8.54427E+11,1.05564E+12,9.28627E+11,1.14861E+12,1.39841E+12,1.54689E+12,1.57638E+12,1.46755E+12,1.35062E+12,1.20654E+12,1.32652E+12,1.42829E+12,1.39223E+12,1.3269E+12,1.55267E+12
Austria,AUT,GDP (current US$),NY.GDP.MKTP.CD,6592693841,7311749633,7756110210,8374175258,9169983886,9994070616,10887682273,11579431669,12440625313,13582798556,15373005557,17858486067,22059612477,29515467707,35189299912,40059206763,42959976222,51545758888,62052259073,73937296963,82058912997,71034228443,71275287570,72121016547,67985344887,69386774408,99036164939,1.24168E+11,1.33339E+11,1.33106E+11,1.66463E+11,1.73794E+11,1.95078E+11,1.9038E+11,2.03535E+11,2.41038E+11,2.37251E+11,2.1279E+11,2.1826E+11,2.17259E+11,1.9729E+11,1.97509E+11,2.14395E+11,2.62274E+11,3.01458E+11,3.16092E+11,3.3628E+11,3.89186E+11,4.32052E+11,4.01759E+11,3.92275E+11,4.31685E+11,4.09402E+11,4.30191E+11,4.42585E+11,3.81971E+11,3.95837E+11,4.17261E+11,4.54991E+11,4.44621E+11,4.35225E+11,4.80368E+11
Belarus,BLR,GDP (current US$),NY.GDP.MKTP.CD,,,,,,,,,,,,,,,,,,,,,,,,,,,,,,,21650000000,18000000000,17037037037,16280991736,14932024169,13972676841,14756846154,14128408566,15222012660,12138486532,12736856828,12354820144,14594249023,17827791321,23144351852,30207567317,36954312354,45277399814,60763483146,50874078052,57222490769,61757788945,65685102555,75527984234,78813839984,56454734397,47722657821,54726595249,60031262269,64409647194,61371126414,68205380707
Belgium,BEL,GDP (current US$),NY.GDP.MKTP.CD,11658722591,12400145222,13264015675,14260017387,15960106681,17371457608,18651883472,19992040788,21376353113,23710735895,26706196047,29821661870,37209418019,47743801490,56033077879,65678189097,71113882968,82839905459,1.01247E+11,1.16315E+11,1.26829E+11,1.0473E+11,92095926188,87184239053,83349530159,86268264148,1.20019E+11,1.49394E+11,1.62299E+11,1.64221E+11,2.05332E+11,2.10511E+11,2.34782E+11,2.24722E+11,2.44884E+11,2.88026E+11,2.79201E+11,2.52708E+11,2.58528E+11,2.58246E+11,2.36792E+11,2.36746E+11,2.58384E+11,3.18083E+11,3.69215E+11,3.85715E+11,4.0826E+11,4.70922E+11,5.17328E+11,4.83254E+11,4.81421E+11,5.2333E+11,4.96153E+11,5.21791E+11,5.3539E+11,4.62336E+11,4.76063E+11,5.02765E+11,5.43299E+11,5.35831E+11,5.25212E+11,5.94104E+11
Brazil,BRA,GDP (current US$),NY.GDP.MKTP.CD,17030465539,17275940449,19231747852,23287712878,20963733695,22465522884,28283323733,31086389195,33930457425,37171640819,42327664794,48869830902,58434858375,83592275863,1.09795E+11,1.29204E+11,1.53169E+11,1.76344E+11,2.00279E+11,2.21338E+11,2.37393E+11,2.58015E+11,2.71314E+11,1.89657E+11,1.8834E+11,1.76124E+11,2.15879E+11,2.37518E+11,2.58816E+11,3.47028E+11,3.90726E+11,3.42609E+11,3.28188E+11,3.68296E+11,5.2537E+11,7.69333E+11,8.50426E+11,8.83206E+11,8.63711E+11,5.99642E+11,6.55448E+11,5.59991E+11,5.09789E+11,5.58229E+11,6.69294E+11,8.9163E+11,1.10764E+12,1.39708E+12,1.69582E+12,1.66702E+12,2.20887E+12,2.6162E+12,2.46519E+12,2.47281E+12,2.45599E+12,1.80221E+12,1.7957E+12,2.06351E+12,1.91695E+12,1.87327E+12,1.44856E+12,1.60898E+12
Canada,CAN,GDP (current US$),NY.GDP.MKTP.CD,40461721693,40934952064,42227447632,45029988561,49377522897,54515179581,61088384037,65668655501,71829810520,79148411662,87896095320,99271961775,1.13083E+11,1.31322E+11,1.60409E+11,1.73834E+11,2.06576E+11,2.11612E+11,2.18633E+11,2.43072E+11,2.73854E+11,3.06215E+11,3.13507E+11,3.40548E+11,3.55373E+11,3.64756E+11,3.77438E+11,4.31317E+11,5.07354E+11,5.65056E+11,5.9393E+11,6.10328E+11,5.92388E+11,5.77171E+11,5.78139E+11,6.04032E+11,6.28546E+11,6.54987E+11,6.34E+11,6.78412E+11,7.44773E+11,7.38982E+11,7.60649E+11,8.95541E+11,1.02669E+12,1.17311E+12,1.31926E+12,1.46882E+12,1.55299E+12,1.37463E+12,1.61734E+12,1.79333E+12,1.82837E+12,1.8466E+12,1.80575E+12,1.55651E+12,1.52799E+12,1.64927E+12,1.72533E+12,1.74202E+12,1.64542E+12,1.98834E+12
Chile,CHL,GDP (current US$),NY.GDP.MKTP.CD,4110000000,4609727273,5416272727,5668187500,5982347826,6026593750,7072641026,7013196078,7167086957,8377093023,9126309735,10884114754,11853817308,16836261173,16210404184,7622217352,10341925249,13962893422,15989933708,21803696985,29036709872,34509878044,25325893206,20355959237,19622527480,17702885394,18891048819,22255407685,26040229793,29885685143,33113887819,37834793730,45964327559,49297773130,57008425296,73447063319,78574385336,85728899954,81995304456,75596103237,78249883996,71517080041,70294892400,76507577235,99079230170,1.22315E+11,1.5384E+11,1.72566E+11,1.79663E+11,1.71413E+11,2.17105E+11,2.51225E+11,2.67176E+11,2.77239E+11,2.59405E+11,2.42497E+11,2.49299E+11,2.76365E+11,2.95403E+11,2.78585E+11,2.52727E+11,3.17059E+11
China,CHN,GDP (current US$),NY.GDP.MKTP.CD,59716467625,50056868958,47209359006,50706799903,59708343489,70436266147,76720285970,72881631327,70846535056,79705906247,92602973434,99800958648,1.13688E+11,1.38544E+11,1.44182E+11,1.63432E+11,1.5394E+11,1.74938E+11,1.49541E+11,1.78281E+11,1.91149E+11,1.95866E+11,2.0509E+11,2.30687E+11,2.59947E+11,3.09488E+11,3.00758E+11,2.72973E+11,3.12354E+11,3.47768E+11,3.60858E+11,3.83373E+11,4.26916E+11,4.44731E+11,5.64325E+11,7.34548E+11,8.63747E+11,9.61604E+11,1.02904E+12,1.094E+12,1.21135E+12,1.3394E+12,1.47055E+12,1.66029E+12,1.95535E+12,2.28597E+12,2.75213E+12,3.55034E+12,4.59431E+12,5.1017E+12,6.08716E+12,7.5515E+12,8.53223E+12,9.57041E+12,1.04757E+13,1.10616E+13,1.12333E+13,1.23104E+13,1.38948E+13,1.42799E+13,1.46877E+13,1.77341E+13
Colombia,COL,GDP (current US$),NY.GDP.MKTP.CD,4031152977,4540447761,4955543963,4836166667,5973366667,5760761905,5428518519,5825170438,5960212869,6450175214,7198360460,7820380971,8671358733,10315760000,12370029584,13098633902,15341403660,19470960619,23263511958,27940411250,33400735644,36388366869,38968039722,38729822782,38253120738,34894411352,34942489684,36373307085,39212550050,39540080200,47844090710,49175565911,58418985443,66446804803,81703500846,92507279383,97160109278,1.0666E+11,98443739941,86186158685,99886577331,98211749596,97963003805,94641378693,1.17082E+11,1.45619E+11,1.61619E+11,2.06182E+11,2.42187E+11,2.32398E+11,2.86563E+11,3.34944E+11,3.70921E+11,3.82116E+11,3.81112E+11,2.93482E+11,2.82825E+11,3.11884E+11,3.34198E+11,3.2311E+11,2.703E+11,3.14464E+11
Czechia,CZE,GDP (current US$),NY.GDP.MKTP.CD,,,,,,,,,,,,,,,,,,,,,,,,,,,,,,,40728950705,29859921159,34805013230,40866748705,47850203856,60147174077,67387788633,62180159376,66807429711,65173130995,61828166496,67808032980,82196001051,1.0009E+11,1.19814E+11,1.37143E+11,1.56264E+11,1.90184E+11,2.36816E+11,2.07434E+11,2.0907E+11,2.29563E+11,2.08858E+11,2.11686E+11,2.09359E+11,1.88033E+11,1.96272E+11,2.18629E+11,2.49001E+11,2.52548E+11,2.45975E+11,2.81778E+11
Denmark,DNK,GDP (current US$),NY.GDP.MKTP.CD,,,,,,,11931739859,13059064375,13505573867,15414902267,17075457600,19085731252,23232379952,30730626663,34160444798,40474406216,44575892473,49784338519,60362931854,70366241969,71127528700,61877813965,60412844679,60644782176,59105236854,62658568287,88078760104,1.09414E+11,1.15553E+11,1.12409E+11,1.38247E+11,1.39225E+11,1.52916E+11,1.43196E+11,1.56162E+11,1.85007E+11,1.87632E+11,1.73538E+11,1.76992E+11,1.77965E+11,1.64159E+11,1.64791E+11,1.78635E+11,2.18096E+11,2.51373E+11,2.64467E+11,2.82885E+11,3.19423E+11,3.53361E+11,3.21241E+11,3.21995E+11,3.44003E+11,3.27149E+11,3.43584E+11,3.52994E+11,3.02673E+11,3.13116E+11,3.32121E+11,3.56841E+11,3.46499E+11,3.55222E+11,3.98303E+11
"Egypt, Arab Rep.",EGY,GDP (current US$),NY.GDP.MKTP.CD,,,,,,4948667540,5278005612,5605484299,5932242991,6524455206,8042200452,8609283346,9299638056,10098534613,9228963225,11632178869,13315988083,14400806876,14811704063,18020571429,21669908176,22136081081,27655172414,30966239814,33971188992,39053502251,41253507951,40455616654,34980124929,39756299050,42978914311,37387836491,41855986519,46578631453,51897983393,60159245060,67629716981,78436578171,84828807556,90710704807,99838543960,96684636119,85146067416,80288461538,78782467532,89600665557,1.07426E+11,1.30438E+11,1.62818E+11,1.89147E+11,2.18984E+11,2.3599E+11,2.79117E+11,2.88434E+11,3.05595E+11,3.29367E+11,3.32442E+11,2.35734E+11,2.49713E+11,3.03081E+11,3.65253E+11,4.04143E+11
Estonia,EST,GDP (current US$),NY.GDP.MKTP.CD,,,,,,,,,,,,,,,,,,,,,,,,,,,,,,,,,,,,4502970889,4786018988,5154420649,5674080543,5756912266,5686579748,6254649539,7367975888,9874013098,12145911801,14106790200,17022870405,22449129483,24341678629,19633031398,19523477326,23213994093,23019150071,25115753366,26634083965,22890762090,24072829277,26924385103,30624720196,31081901909,31370395573,37191166152
Finland,FIN,GDP (current US$),NY.GDP.MKTP.CD,5224102196,5921659485,6340580854,6885920329,7766655086,8589340019,9208524505,9368954010,8823033880,10070766721,11357516988,12527405513,14743186120,19472363467,24848821490,29472623242,31849513771,33499799321,36256160289,44465255686,53645202423,52448332874,52797582336,50973526900,52888800950,55875863392,73531550551,91594751792,1.09059E+11,1.19012E+11,1.41438E+11,1.27774E+11,1.12533E+11,89214114708,1.033E+11,1.3419E+11,1.32129E+11,1.26912E+11,1.34039E+11,1.35264E+11,1.2602E+11,1.29533E+11,1.40404E+11,1.71652E+11,1.97479E+11,2.04885E+11,2.17089E+11,2.56378E+11,2.85716E+11,2.53498E+11,2.49424E+11,2.75604E+11,2.5829E+11,2.71362E+11,2.74863E+11,2.34534E+11,2.40771E+11,2.55648E+11,2.75708E+11,2.68515E+11,2.71892E+11,2.97302E+11
France,FRA,GDP (current US$),NY.GDP.MKTP.CD,62225478001,67461644222,75607529810,84759195106,94007851047,1.01537E+11,1.10046E+11,1.18973E+11,1.29785E+11,1.41903E+11,1.48456E+11,1.65967E+11,2.03494E+11,2.6443E+11,2.85552E+11,3.60832E+11,3.72319E+11,4.10279E+11,5.06708E+11,6.13953E+11,7.01288E+11,6.15552E+11,5.84878E+11,5.59869E+11,5.30684E+11,5.53138E+11,7.71471E+11,9.34173E+11,1.01885E+12,1.02521E+12,1.26918E+12,1.26928E+12,1.40147E+12,1.32282E+12,1.39398E+12,1.60109E+12,1.60568E+12,1.45288E+12,1.50311E+12,1.49315E+12,1.36564E+12,1.37766E+12,1.50141E+12,1.84454E+12,2.11963E+12,2.19695E+12,2.32054E+12,2.66059E+12,2.9303E+12,2.70089E+12,2.64519E+12,2.86516E+12,2.68367E+12,2.81188E+12,2.85596E+12,2.43919E+12,2.47296E+12,2.59515E+12,2.79096E+12,2.72887E+12,2.63901E+12,2.95788E+12
Germany,DEU,GDP (current US$),NY.GDP.MKTP.CD,,,,,,,,,,,2.15838E+11,2.49985E+11,2.99802E+11,3.98374E+11,4.45303E+11,4.90637E+11,5.19754E+11,6.00498E+11,7.4047E+11,8.81345E+11,9.50291E+11,8.00472E+11,7.76576E+11,7.70684E+11,7.25111E+11,7.32535E+11,1.04626E+12,1.29818E+12,1.40123E+12,1.39897E+12,1.77167E+12,1.86895E+12,2.13157E+12,2.07132E+12,2.20507E+12,2.58579E+12,2.49724E+12,2.21199E+12,2.23899E+12,2.19495E+12,1.94798E+12,1.94579E+12,2.07848E+12,2.50164E+12,2.81435E+12,2.84686E+12,2.9947E+12,3.42558E+12,3.74526E+12,3.41126E+12,3.39967E+12,3.74931E+12,3.52714E+12,3.7338E+12,3.88909E+12,3.35759E+12,3.46985E+12,3.69085E+12,3.97444E+12,3.88823E+12,3.88967E+12,4.25993E+12
Greece,GRC,GDP (current US$),NY.GDP.MKTP.CD,4335186017,4961400439,5213047711,5895278024,6669673257,7689154053,8591517944,9275600800,10090675903,11615657031,13139863636,14591750000,16885511364,22347848101,25351306818,28525876727,31152835821,36176234968,44270204082,54481876725,56829664269,52346506765,54617989796,49428873839,48020024184,47820851221,56379593476,65652750377,76261277925,79169043223,97891092003,1.05143E+11,1.16225E+11,1.08809E+11,1.16602E+11,1.36878E+11,1.45862E+11,1.43158E+11,1.44428E+11,1.42589E+11,1.30458E+11,1.36309E+11,1.54564E+11,2.0237E+11,2.40964E+11,2.47875E+11,2.73547E+11,3.18903E+11,3.55909E+11,3.31309E+11,2.97125E+11,2.82996E+11,2.42029E+11,2.38908E+11,2.35458E+11,1.95684E+11,1.93148E+11,1.99844E+11,2.12049E+11,2.05257E+11,1.88926E+11,2.14874E+11
India,IND,GDP (current US$),NY.GDP.MKTP.CD,37029883876,39232435784,42161481858,48421923459,56480289941,59554854576,45865462034,50134942204,53085455871,58447995017,62422483055,67350988021,71463193831,85515269585,99525899116,98472796457,1.02717E+11,1.21487E+11,1.373E+11,1.52992E+11,1.86325E+11,1.93491E+11,2.00715E+11,2.18262E+11,2.12158E+11,2.32512E+11,2.48986E+11,2.79034E+11,2.96589E+11,2.96042E+11,3.20979E+11,2.70105E+11,2.88208E+11,2.79296E+11,3.27276E+11,3.60282E+11,3.92897E+11,4.15868E+11,4.21351E+11,4.5882E+11,4.68395E+11,4.85441E+11,5.14938E+11,6.07699E+11,7.09149E+11,8.20382E+11,9.4026E+11,1.21674E+12,1.1989E+12,1.34189E+12,1.67562E+12,1.82305E+12,1.82764E+12,1.85672E+12,2.03913E+12,2.10359E+12,2.2948E+12,2.65147E+12,2.70293E+12,2.83155E+12,2.66769E+12,3.1763E+12
Indonesia,IDN,GDP (current US$),NY.GDP.MKTP.CD,,,,,,,,5667756645,7076465295,8337423313,9150684932,9333536360,10997590361,16273253012,25802409639,30463855422,37269156627,45808915663,51455719100,51400186379,72482337371,85518233450,90158449307,81052283404,84853699995,85289491747,79954072569,75929617576,84300174476,94451427898,1.06141E+11,1.16622E+11,1.28027E+11,1.58007E+11,1.76892E+11,2.02132E+11,2.2737E+11,2.15749E+11,95445547873,1.40001E+11,1.65021E+11,1.60447E+11,1.95661E+11,2.34772E+11,2.56837E+11,2.85869E+11,3.64571E+11,4.32217E+11,5.10229E+11,5.3958E+11,7.55094E+11,8.92969E+11,9.1787E+11,9.12524E+11,8.90815E+11,8.60854E+11,9.31877E+11,1.01562E+12,1.04227E+12,1.1191E+12,1.05869E+12,1.18609E+12
Ireland,IRL,GDP (current US$),NY.GDP.MKTP.CD,1939329775,2088012282,2260349684,2430843768,2766608946,2945704143,3104034393,3343636773,3278584478,3787077344,4395995086,5098250287,6318060582,7481173066,7896860615,9483808362,9453756015,11248340431,14647996074,18319334300,21747855640,20670190138,21474752962,20766047764,20106648455,21270013326,28714571852,33920518493,37772896221,39238392678,49305632408,49787501584,55918538121,52417477614,57097656066,69139823232,75790786290,82856648758,90199410116,98893958263,1.00208E+11,1.09347E+11,1.28596E+11,1.64671E+11,1.94372E+11,2.11877E+11,2.32181E+11,2.70079E+11,2.75447E+11,2.36443E+11,2.21914E+11,2.39003E+11,2.25629E+11,2.38341E+11,2.59171E+11,2.91775E+11,2.99091E+11,3.36378E+11,3.85737E+11,3.99322E+11,4.25852E+11,5.04183E+11
Israel,ISR,GDP (current US$),NY.GDP.MKTP.CD,2598500000,3138500000,2510000000,2992333333,3405333333,3663333333,3980000000,4030000000,4619000000,5329333333,,,,,,,,,,,,,,,,,,,,,,,,,,1.04893E+11,1.14506E+11,1.18859E+11,1.20057E+11,1.20923E+11,1.36036E+11,1.34636E+11,1.25061E+11,1.313E+11,1.39973E+11,1.47084E+11,1.5867E+11,1.84052E+11,2.20531E+11,2.1197E+11,2.38364E+11,2.66792E+11,2.62282E+11,2.97733E+11,3.1433E+11,3.03414E+11,3.22103E+11,3.58245E+11,3.76692E+11,4.02471E+11,4.13268E+11,4.88527E+11
Italy,ITA,GDP (current US$),NY.GDP.MKTP.CD,40385288344,44842760293,50383891899,57710743060,63175417019,67978153851,73654870011,81133120065,87942231678,97085082807,1.13395E+11,1.24672E+11,1.4526E+11,1.75492E+11,1.99564E+11,2.27696E+11,2.24717E+11,2.57596E+11,3.15058E+11,3.93677E+11,4.77257E+11,4.30703E+11,4.27273E+11,4.43042E+11,4.37888E+11,4.52217E+11,6.40386E+11,8.05713E+11,8.91609E+11,9.28661E+11,1.18122E+12,1.24622E+12,1.32016E+12,1.06496E+12,1.09922E+12,1.17466E+12,1.31243E+12,1.24188E+12,1.27005E+12,1.25245E+12,1.14668E+12,1.16802E+12,1.27677E+12,1.57762E+12,1.80654E+12,1.85822E+12,1.94955E+12,2.2131E+12,2.40866E+12,2.19993E+12,2.1361E+12,2.29499E+12,2.08696E+12,2.14192E+12,2.16201E+12,1.83664E+12,1.87707E+12,1.9618E+12,2.09193E+12,2.0113E+12,1.89676E+12,2.1077E+12
Japan,JPN,GDP (current US$),NY.GDP.MKTP.CD,44307342950,53508617739,60723018684,69498131797,81749006382,90950278258,1.05628E+11,1.23782E+11,1.46601E+11,1.72204E+11,2.12609E+11,2.40152E+11,3.18031E+11,4.32083E+11,4.79626E+11,5.21542E+11,5.86162E+11,7.21412E+11,1.01361E+12,1.05501E+12,1.10539E+12,1.21899E+12,1.13452E+12,1.24332E+12,1.31838E+12,1.39889E+12,2.07895E+12,2.53281E+12,3.07168E+12,3.05491E+12,3.13282E+12,3.58442E+12,3.90881E+12,4.45414E+12,4.9988E+12,5.54556E+12,4.92339E+12,4.49245E+12,4.09836E+12,4.63598E+12,4.96836E+12,4.37471E+12,4.18285E+12,4.51956E+12,4.89312E+12,4.83147E+12,4.60166E+12,4.57975E+12,5.10668E+12,5.28949E+12,5.75907E+12,6.23315E+12,6.27236E+12,5.21233E+12,4.89699E+12,4.44493E+12,5.00368E+12,4.93084E+12,5.03784E+12,5.12332E+12,5.04011E+12,4.94088E+12
Kazakhstan,KAZ,GDP (current US$),NY.GDP.MKTP.CD,,,,,,,,,,,,,,,,,,,,,,,,,,,,,,,26932729103,24923076923,24917355372,23409260880,21250792886,20374302652,21035368251,22165932063,22135254836,16870821840,18291994909,22152694162,24636593223,30833699703,43151647003,57123671734,81003884545,1.0485E+11,1.33442E+11,1.15309E+11,1.48047E+11,1.92627E+11,2.07999E+11,2.36635E+11,2.21416E+11,1.84388E+11,1.37278E+11,1.66806E+11,1.7934E+11,1.81667E+11,1.71082E+11,1.97112E+11
"Korea, Rep.",KOR,GDP (current US$),NY.GDP.MKTP.CD,3958824424,2417638423,2814626210,3988476879,3459032883,3120870871,3929018943,4855833210,6119284294,7678720155,9005023184,9903499928,10862327878,13876531432,19544094741,21784297521,29902479339,38446487603,51972107438,66946900826,65398646758,72933350954,78358866335,87760360941,97510235986,1.01296E+11,1.16837E+11,1.47948E+11,1.99591E+11,2.46927E+11,2.83368E+11,3.30649E+11,3.55525E+11,3.92666E+11,4.63617E+11,5.66583E+11,6.1017E+11,5.69755E+11,3.83331E+11,4.97513E+11,5.76178E+11,5.47658E+11,6.27246E+11,7.02717E+11,7.93175E+11,9.34901E+11,1.05322E+12,1.17261E+12,1.04734E+12,9.43942E+11,1.14407E+12,1.25322E+12,1.27843E+12,1.3708E+12,1.48432E+12,1.46577E+12,1.50011E+12,1.6239E+12,1.72485E+12,1.65142E+12,1.64431E+12,1.81096E+12
Lebanon,LBN,GDP (current US$),NY.GDP.MKTP.CD,,,,,,,,,,,,,,,,,,,,,,,,,,,,,3313540068,2717998688,2838485354,4690415093,5843579161,7941744492,9599127050,11718795528,13690217333,15751867489,17247179006,17391056369,17260364842,17649751244,19152238806,20082918740,21159827992,21497336499,22022709852,24827355015,29118916106,35399582929,38443907042,39927125961,44016799516,46880103081,48095213746,49929337837,51147308774,53027680686,54901519156,51953744530,31712128254,23131940281
Malaysia,MYS,GDP (current US$),NY.GDP.MKTP.CD,1916241997,1901868548,2001502679,2510126748,2674441396,2956356984,3143538482,3188945512,3330393310,3664575983,3864170913,4244340334,5043268549,7662996767,9496074114,9298800799,11050125905,13139397879,16358376511,21213672089,24488033442,25004557094,26804401816,30346788438,33943505718,31200161095,27734562640,32181695507,35271880250,38848567631,44024178343,49143148094,59167550163,66894837030,74478356958,88705342903,1.00855E+11,1.00005E+11,72167498981,79148421053,93789736842,92783947368,1.00846E+11,1.10202E+11,1.24749E+11,1.43534E+11,1.62691E+11,1.93548E+11,2.30814E+11,2.02258E+11,2.55017E+11,2.97952E+11,3.14443E+11,3.23277E+11,3.38062E+11,3.01355E+11,3.01255E+11,3.19112E+11,3.58792E+11,3.65175E+11,3.37338E+11,3.72981E+11
Mexico,MEX,GDP (current US$),NY.GDP.MKTP.CD,13040000000,14160000000,15200000000,16960000000,20080000000,21840000000,24320000000,26560000000,29360000000,32480000000,35520000000,39200000000,45200000000,55280000000,72000000000,88000000000,89025974026,81814159292,1.025E+11,1.34561E+11,2.05139E+11,2.63959E+11,1.84609E+11,1.56159E+11,1.84261E+11,1.9522E+11,1.3455E+11,1.47541E+11,1.81612E+11,2.21401E+11,2.61254E+11,3.13143E+11,3.63158E+11,5.00736E+11,5.27813E+11,3.60074E+11,4.10976E+11,5.00413E+11,5.26502E+11,6.00233E+11,7.07907E+11,7.56706E+11,7.72106E+11,7.29336E+11,7.82241E+11,8.77476E+11,9.75387E+11,1.0527E+12,1.10999E+12,9.00045E+11,1.0578E+12,1.18049E+12,1.20109E+12,1.27444E+12,1.31535E+12,1.17187E+12,1.07849E+12,1.15891E+12,1.22241E+12,1.26901E+12,1.09052E+12,1.27284E+12
Mongolia,MNG,GDP (current US$),NY.GDP.MKTP.CD,,,,,,,,,,,,,,,,,,,,,,2310099100,2552401933,2725736633,2098734600,2186505475,2896178867,3020611600,3204461567,3576966800,2560785660,2379018326,1317611864,768401634.2,925817092.2,1452165005,1345719472,1180934203,1124440249,1057408589,1136896124,1267997934,1396555720,1595297356,1992066808,2523471532,3414055566,4234999823,5623216449,4583850368,7189481824,10409797649,12292770631,12582122604,12226514722,11619892396,11181350461,11480847745,13178094459,14206359007,13312981595,15286441818
Netherlands,NLD,GDP (current US$),NY.GDP.MKTP.CD,12276734172,13493833740,14647057370,15891241386,18699380731,21000586933,22867203317,25087562181,27817605743,34035946604,38164716625,44579122807,54706557264,71840909664,87243413395,1.0025E+11,1.09169E+11,1.27017E+11,1.5586E+11,1.79669E+11,1.95152E+11,1.64134E+11,1.5848E+11,1.53445E+11,1.43913E+11,1.43846E+11,2.00862E+11,2.45046E+11,2.61911E+11,2.58337E+11,3.18331E+11,3.275E+11,3.62963E+11,3.5355E+11,3.7913E+11,4.52302E+11,4.5049E+11,4.16813E+11,4.38008E+11,4.4705E+11,4.17479E+11,4.31587E+11,4.73862E+11,5.8007E+11,6.5838E+11,6.85348E+11,7.33955E+11,8.48559E+11,9.5187E+11,8.71519E+11,8.47381E+11,9.05271E+11,8.38923E+11,8.77173E+11,8.92168E+11,7.65573E+11,7.8406E+11,8.3387E+11,9.14043E+11,9.10194E+11,9.09793E+11,1.01285E+12
New Zealand,NZL,GDP (current US$),NY.GDP.MKTP.CD,5485854792,5670064168,6077496268,6638937283,7274144351,5654463586,5863733231,5961418094,5180597621,5761588762,,7911136757,9567331065,12802281898,13940981798,12861983284,13604832424,15446825318,18530518395,20731243113,23244547385,24417617184,24164603059,24309279706,21665975319,24679795396,30604668357,40376354070,45176811594,43920222525,45495129385,42745329732,41649829860,46775620817,55314732279,63918703507,70140835299,66075143415,56227169851,58762260626,52623281957,53872425917,66627729311,88250885550,1.03905E+11,1.1472E+11,1.11539E+11,1.37189E+11,1.33131E+11,1.21374E+11,1.46518E+11,1.68291E+11,1.76207E+11,1.90907E+11,2.01313E+11,1.78064E+11,1.88838E+11,2.06624E+11,2.11953E+11,2.13435E+11,2.11735E+11,2.49886E+11
Norway,NOR,GDP (current US$),NY.GDP.MKTP.CD,5163271598,5632460937,6066976683,6510239503,7159202706,8058681060,8696460205,9514496703,10159934137,11063065083,12814123115,14583114840,17358610850,22534253703,27145693810,32877805200,35942270686,41508030431,46523091010,53132244624,64439382896,63596654761,62647195538,61627240831,62057955033,65416879914,78693253276,94230055659,1.019E+11,1.02634E+11,1.19792E+11,1.21872E+11,1.30838E+11,1.20579E+11,1.27131E+11,1.5203E+11,1.6352E+11,1.61357E+11,1.54163E+11,1.62284E+11,1.71247E+11,1.73972E+11,1.95524E+11,2.28859E+11,2.64512E+11,3.08884E+11,3.45581E+11,4.00937E+11,4.6225E+11,3.8619E+11,4.28757E+11,4.98283E+11,5.09506E+11,5.22762E+11,4.9841E+11,3.85802E+11,3.68827E+11,3.98394E+11,4.37E+11,4.04941E+11,3.62198E+11,4.82175E+11
Pakistan,PAK,GDP (current US$),NY.GDP.MKTP.CD,3749265015,4118647627,4310163797,4630827383,5204955901,5929231415,6561108778,7464510710,8041999160,8683116338,10027509450,10665896682,9415016360,6383429490,8899191919,11230606061,13168080808,15126060606,17811515152,19688383838,23654444444,28100606061,30725971564,28691889764,31151825467,31144920844,31899070056,33351529275,38472742808,40171018229,40010423970,45625234698,48884606848,51809949334,52293456906,60636022423,63320122807,62433300338,62191955814,62973855719,82017743416,79484403985,79904985385,91760542940,1.0776E+11,1.20055E+11,1.37264E+11,1.52386E+11,1.70078E+11,1.68153E+11,1.77166E+11,2.13587E+11,2.24384E+11,2.31219E+11,2.44361E+11,2.70556E+11,3.1363E+11,3.39206E+11,3.56128E+11,3.20909E+11,3.00426E+11,3.48263E+11
Philippines,PHL,GDP (current US$),NY.GDP.MKTP.CD,7515886651,8171186335,4954529277,5505055618,5953766854,6517304758,7189017888,7724873935,8632749269,9571800653,7559179530,8375086047,9067872579,11412421020,15607825071,16875240684,19380945793,22283185056,25762077666,31218507870,36848242784,40499645207,42206011275,37759237658,35730202751,34961565263,33987178952,37791442731,43152077818,48513735779,50508286642,51784207132,60422309295,62036625222,73159245526,84644220101,94648084429,94106183450,74492325248,85640133800,83669693589,78921234458,84307291974,87039145965,95002028505,1.0742E+11,1.27653E+11,1.5598E+11,1.81625E+11,1.75975E+11,2.08369E+11,2.34217E+11,2.61921E+11,2.83903E+11,2.97483E+11,3.06446E+11,3.18627E+11,3.28481E+11,3.46842E+11,3.76823E+11,3.61751E+11,3.94086E+11
Poland,POL,GDP (current US$),NY.GDP.MKTP.CD,,,,,,,,,,,,,,,,,,,,,,,,,,,,,,,65977749037,85500935935,94337050693,96045645026,1.10803E+11,1.42293E+11,1.60193E+11,1.59358E+11,1.74686E+11,1.70031E+11,1.72219E+11,1.90905E+11,1.99072E+11,2.17827E+11,2.5511E+11,3.06144E+11,3.44622E+11,4.29029E+11,5.33609E+11,4.39738E+11,4.75697E+11,5.24383E+11,4.95237E+11,5.15765E+11,5.39088E+11,4.77111E+11,4.70023E+11,5.24646E+11,5.88783E+11,5.96055E+11,5.99449E+11,6.79445E+11
Portugal,PRT,GDP (current US$),NY.GDP.MKTP.CD,3193200404,3417516639,3668222358,3905734460,4235608178,4687464055,5135387846,5740241166,6354262628,6969025826,8108235704,9201604240,11239117865,15090564186,17512391476,19347607843,20332831565,21439523311,23487614051,26622819672,32896519824,31977276873,30527754793,27239650742,25217969050,27115807742,38745901354,48182925857,56347250696,60594092182,78713860217,89233599278,1.07592E+11,95009751901,99688641304,1.18122E+11,1.2263E+11,1.17017E+11,1.23946E+11,1.2747E+11,1.18605E+11,1.21604E+11,1.34796E+11,1.65226E+11,1.89382E+11,1.97254E+11,2.08756E+11,2.40496E+11,2.63416E+11,2.44668E+11,2.38113E+11,2.45118E+11,2.16224E+11,2.26434E+11,2.29902E+11,1.99394E+11,2.06426E+11,2.21358E+11,2.42313E+11,2.39987E+11,2.29032E+11,2.53663E+11
Russian Federation,RUS,GDP (current US$),NY.GDP.MKTP.CD,,,,,,,,,,,,,,,,,,,,,,,,,,,,,5.54713E+11,5.065E+11,5.16814E+11,5.17963E+11,4.60291E+11,4.35084E+11,3.95077E+11,3.95537E+11,3.91725E+11,4.04929E+11,2.70955E+11,1.95907E+11,2.5971E+11,3.06602E+11,3.4547E+11,4.30348E+11,5.91017E+11,7.64017E+11,9.89931E+11,1.29971E+12,1.66085E+12,1.22264E+12,1.52492E+12,2.04593E+12,2.2083E+12,2.29247E+12,2.05924E+12,1.36348E+12,1.27679E+12,1.5742E+12,1.65733E+12,1.69311E+12,1.48936E+12,1.77878E+12
Saudi Arabia,SAU,GDP (current US$),NY.GDP.MKTP.CD,,,,,,,,,4187777711,4485777644,5377268848,7184863276,9664067930,14947491056,45412971910,46773303721,64005623870,74188363505,80265732292,1.1186E+11,1.64542E+11,1.84292E+11,1.53239E+11,1.29172E+11,1.19625E+11,1.03898E+11,86962013011,85695941760,88256162069,95344352822,1.1763E+11,1.32223E+11,1.37088E+11,1.32968E+11,1.35175E+11,1.43343E+11,1.58662E+11,1.65964E+11,1.46775E+11,1.61717E+11,1.89515E+11,1.84137E+11,1.89606E+11,2.15808E+11,2.58742E+11,3.2846E+11,3.769E+11,4.15965E+11,5.19797E+11,4.29098E+11,5.28207E+11,6.71239E+11,7.35975E+11,7.46647E+11,7.5635E+11,6.5427E+11,6.44936E+11,6.88586E+11,8.16579E+11,8.03616E+11,7.03368E+11,8.33541E+11
Singapore,SGP,GDP (current US$),NY.GDP.MKTP.CD,704756304.7,764634783.7,826244610,917614007.6,894159153.3,974650463.9,1096432771,1238043904,1425715406,1659904613,1920586698,2263785444,2721440981,3696213333,5221534956,5633673930,6327077974,6618585074,7517176355,9296921724,11896256783,14175228844,16084252378,17784112150,19749361098,19156532746,18586746057,20919215578,25371462488,30465364739,36144336769,45466164978,52130263966,60603478153,73690847191,87810991957,96295886525,1.00124E+11,85728310229,86284660767,96074477958,89794943350,92537752709,97645448284,1.15035E+11,1.27808E+11,1.4863E+11,1.80942E+11,1.93612E+11,1.94152E+11,2.39809E+11,2.79351E+11,2.95087E+11,3.07576E+11,3.14851E+11,3.08004E+11,3.18832E+11,3.43193E+11,3.76998E+11,3.75473E+11,3.45296E+11,3.96987E+11
South Africa,ZAF,GDP (current US$),NY.GDP.MKTP.CD,8748596504,9225996313,9813996079,10854195663,11955995223,13068994778,14211394321,15821393678,17124793157,19256992305,21218391522,23411079378,24515911652,33262767311,41389185875,42906919870,41150449966,45328399963,51607399958,63038687893,89411894561,93141478235,85904070614,96204110959,84870134619,64459376104,73354782109,96535747615,1.03977E+11,1.08056E+11,1.26048E+11,1.35204E+11,1.46957E+11,1.47197E+11,1.53513E+11,1.71735E+11,1.63237E+11,1.68977E+11,1.52983E+11,1.51517E+11,1.51753E+11,1.3543E+11,1.29088E+11,1.9702E+11,2.55807E+11,2.88868E+11,3.03861E+11,3.33075E+11,3.16132E+11,3.29753E+11,4.17365E+11,4.58202E+11,4.34401E+11,4.00886E+11,3.81199E+11,3.4671E+11,3.23586E+11,3.81449E+11,4.0416E+11,3.88532E+11,3.3762E+11,4.19015E+11
Spain,ESP,GDP (current US$),NY.GDP.MKTP.CD,12072126075,13834300571,16138545209,19074913948,21343844644,24756958695,28721062242,31647119228,31475548481,36038711600,40992995008,46619420359,59132415221,78639525985,97274006346,1.14777E+11,1.18507E+11,1.32449E+11,1.606E+11,2.14602E+11,2.32767E+11,2.02808E+11,1.95997E+11,1.70951E+11,1.72103E+11,1.80793E+11,2.51321E+11,3.18748E+11,3.7616E+11,4.14757E+11,5.36559E+11,5.77166E+11,6.30916E+11,5.25076E+11,5.30563E+11,6.14609E+11,6.42589E+11,5.90077E+11,6.19215E+11,6.34908E+11,5.98363E+11,6.2783E+11,7.08757E+11,9.07492E+11,1.06906E+12,1.15372E+12,1.2604E+12,1.474E+12,1.63186E+12,1.49147E+12,1.42211E+12,1.48071E+12,1.32475E+12,1.35558E+12,1.37182E+12,1.19616E+12,1.23355E+12,1.31325E+12,1.4217E+12,1.39432E+12,1.27696E+12,1.42738E+12
Sweden,SWE,GDP (current US$),NY.GDP.MKTP.CD,15822585034,17212686615,18667251380,20204870630,22532416750,24795499686,26971486546,29275995675,31066819929,33738102482,38092452061,41566412923,48954145809,59404966684,66013338965,82885397621,89362071673,94468740851,1.04442E+11,1.23386E+11,1.42092E+11,1.29687E+11,1.14381E+11,1.05014E+11,1.09201E+11,1.14124E+11,1.50498E+11,1.8301E+11,2.06987E+11,2.17948E+11,2.61846E+11,2.74229E+11,2.84321E+11,2.12953E+11,2.29034E+11,2.67306E+11,2.91744E+11,2.68146E+11,2.70809E+11,2.74072E+11,2.62835E+11,2.42396E+11,2.66849E+11,3.34337E+11,3.85118E+11,3.92218E+11,4.23093E+11,4.91253E+11,5.17706E+11,4.36537E+11,4.95813E+11,5.74094E+11,5.52484E+11,5.86842E+11,5.81964E+11,5.05104E+11,5.15655E+11,5.41019E+11,5.55455E+11,5.3388E+11,5.47054E+11,6.35664E+11
Switzerland,CHE,GDP (current US$),NY.GDP.MKTP.CD,9522746719,10712712465,11879982759,13063643796,14480556572,15346741670,16480058705,17740013179,18942729779,20524886616,,,,,,,,,,,1.22661E+11,1.12339E+11,1.1514E+11,1.14731E+11,1.09547E+11,1.11074E+11,1.59224E+11,1.99404E+11,2.15722E+11,2.08281E+11,2.65764E+11,2.68902E+11,2.79921E+11,2.72238E+11,3.01375E+11,3.52836E+11,3.40104E+11,2.94788E+11,3.03459E+11,2.97874E+11,2.79216E+11,2.86583E+11,3.09301E+11,3.62075E+11,4.03913E+11,4.18285E+11,4.41635E+11,4.90741E+11,5.67268E+11,5.54213E+11,5.98851E+11,7.15888E+11,6.8642E+11,7.06235E+11,7.26538E+11,6.94118E+11,6.87895E+11,6.95201E+11,7.25569E+11,7.21369E+11,7.39914E+11,8.0064E+11
Thailand,THA,GDP (current US$),NY.GDP.MKTP.CD,2760747472,3034043574,3308912797,3540403457,3889129942,4388937649,5279230817,5638461442,6081009428,6695336567,7086538438,7375000024,8177884553,10838587358,13703000530,14882747955,16985211146,19779315170,24006570178,27371699083,32353440727,34846107862,36589797857,40042826244,41797592963,38900692712,43096746122,50535438696,61667199835,72250877410,85343063966,98234695722,1.11453E+11,1.28889E+11,1.46683E+11,1.69279E+11,1.83035E+11,1.50181E+11,1.13676E+11,1.26669E+11,1.26392E+11,1.20296E+11,1.34301E+11,1.52281E+11,1.72896E+11,1.89319E+11,2.21758E+11,2.62942E+11,2.91383E+11,2.8171E+11,3.41105E+11,3.70819E+11,3.97558E+11,4.20333E+11,4.07339E+11,4.01296E+11,4.13366E+11,4.56357E+11,5.06755E+11,5.44081E+11,4.99682E+11,5.05947E+11
Turkiye,TUR,GDP (current US$),NY.GDP.MKTP.CD,13983572895,7988888889,8922222222,10355555556,11177777778,11966666667,14100000000,15644444444,17500000000,19466666667,17086956522,16275167785,20359154930,25633802817,35669064748,44763888889,51130434783,58683333333,65098765432,89327974277,68823684211,71040020140,64546332581,61678280115,59989909458,67234948265,75728009963,87172789528,90852814005,1.07143E+11,1.50676E+11,1.50028E+11,1.58459E+11,1.8017E+11,1.3069E+11,1.69486E+11,1.81476E+11,1.89835E+11,2.75967E+11,2.56386E+11,2.74303E+11,2.01751E+11,2.40253E+11,3.14592E+11,4.08876E+11,5.06308E+11,5.57058E+11,6.81337E+11,7.70462E+11,6.49273E+11,7.76993E+11,8.38763E+11,8.80556E+11,9.57783E+11,9.38953E+11,8.64317E+11,8.69693E+11,8.58996E+11,7.78472E+11,7.59937E+11,7.20289E+11,8.19035E+11
Ukraine,UKR,GDP (current US$),NY.GDP.MKTP.CD,,,,,,,,,,,,,,,,,,,,,,,,,,,,64087694038,74703517903,82709161099,81393558423,77350733982,73945908384,65607522124,52543387167,48214751924,44558075977,50150400172,41883241478,31580960682,32375280321,39309580983,43956369917,52010238716,67220154164,89239370109,1.11885E+11,1.48734E+11,1.88111E+11,1.21553E+11,1.4121E+11,1.69333E+11,1.82592E+11,1.90499E+11,1.33503E+11,91030959455,93355993629,1.12091E+11,1.30891E+11,1.53883E+11,1.56618E+11,2.00086E+11
United Arab Emirates,ARE,GDP (current US$),NY.GDP.MKTP.CD,,,,,,,,,,,,,,,,14720672507,19213022691,24871775165,23775831783,31225463218,43598748449,49333424135,46622718605,42803323345,41807954236,40603650232,33943612095,36384908744,36275674203,41464995914,50701443748,51552165622,54239171888,55625170253,59305093980,65743666576,73571233996,78839008445,75674336283,84445473111,1.04337E+11,1.03312E+11,1.09816E+11,1.24346E+11,1.47824E+11,1.80617E+11,2.22117E+11,2.57916E+11,3.15475E+11,2.53547E+11,2.89787E+11,3.50666E+11,3.8461E+11,4.00219E+11,4.14105E+11,3.70275E+11,3.69255E+11,3.90517E+11,4.27049E+11,4.1799E+11,3.49473E+11,4.15022E+11
United Kingdom,GBR,GDP (current US$),NY.GDP.MKTP.CD,73233967692,77741965703,81247564157,86561961812,94407558351,1.01825E+11,1.08573E+11,1.13117E+11,1.0776E+11,1.16465E+11,1.30672E+11,1.48114E+11,1.69965E+11,1.92538E+11,2.06131E+11,2.41757E+11,2.32615E+11,2.63066E+11,3.35883E+11,4.38994E+11,5.64948E+11,5.40766E+11,5.15049E+11,4.89618E+11,4.61487E+11,4.89285E+11,6.01453E+11,7.45163E+11,9.10123E+11,9.26885E+11,1.09317E+12,1.1428E+12,1.17966E+12,1.06139E+12,1.14049E+12,1.34618E+12,1.42162E+12,1.56181E+12,1.65506E+12,1.68929E+12,1.66613E+12,1.64866E+12,1.78584E+12,2.05661E+12,2.42296E+12,2.54481E+12,2.70991E+12,3.09282E+12,2.9315E+12,2.41764E+12,2.4914E+12,2.6664E+12,2.70634E+12,2.78632E+12,3.06522E+12,2.93486E+12,2.69966E+12,2.6834E+12,2.87815E+12,2.85706E+12,2.70461E+12,3.13138E+12
United States,USA,GDP (current US$),NY.GDP.MKTP.CD,5.433E+11,5.633E+11,6.051E+11,6.386E+11,6.858E+11,7.437E+11,8.15E+11,8.617E+11,9.425E+11,1.0199E+12,1.0733E+12,1.16485E+12,1.27911E+12,1.42538E+12,1.54524E+12,1.6849E+12,1.87341E+12,2.08183E+12,2.3516E+12,2.62733E+12,2.85731E+12,3.20704E+12,3.34379E+12,3.63404E+12,4.03761E+12,4.33898E+12,4.57963E+12,4.85522E+12,5.23644E+12,5.64158E+12,5.96314E+12,6.15813E+12,6.52033E+12,6.85856E+12,7.28724E+12,7.63975E+12,8.07312E+12,8.57755E+12,9.06282E+12,9.63117E+12,1.02509E+13,1.05819E+13,1.09291E+13,1.14564E+13,1.22172E+13,1.30392E+13,1.38156E+13,1.44742E+13,1.47699E+13,1.44781E+13,1.5049E+13,1.55997E+13,1.6254E+13,1.68432E+13,1.75507E+13,1.8206E+13,1.86951E+13,1.94773E+13,2.05331E+13,2.1381E+13,2.10605E+13,2.33151E+13
